Protocollo;Gruppo;DataOraIncidente;Localizzazione1;STRADA1;Localizzazione2;STRADA2;Strada02;Chilometrica;DaSpecificare;NaturaIncidente;particolaritastrade;TipoStrada;FondoStradale;Pavimentazione;Segnaletica;CondizioneAtmosferica;Traffico;Visibilita;Illuminazione;NUM_FERITI;NUM_RISERVATA;NUM_MORTI;NUM_ILLESI;Longitudine;Latitudine;Confermato;Progressivo;TipoVeicolo;StatoVeicolo;TipoPersona;Sesso;Tipolesione;Deceduto;DecedutoDopo;CinturaCascoUtilizzato;Airbag;
5723133;10;01/12/2021 14:05:00;Strada Urbana;VIA MARCO DECUMIO;all'intersezione con;VIALE OPITA OPPIO;VIALE OPITA OPPIO;;;Scontro frontale/laterale DX fra veicoli in marcia;Intersezione stradale segnalata;Una carreggiata a doppio senso;Bagnato (pioggia);Asfaltata;Verticale ed orizzontale;Pioggia in atto;Normale;Sufficiente;;0;0;0;7;12.5484;41.8616;-1;1;Autovettura privata;In marcia / fermata / arresto;Passeggero;M;Illeso;0;;Non accertato;Inesploso
5723133;10;01/12/2021 14:05:00;Strada Urbana;VIA MARCO DECUMIO;all'intersezione con;VIALE OPITA OPPIO;VIALE OPITA OPPIO;;;Scontro frontale/laterale DX fra veicoli in marcia;Intersezione stradale segnalata;Una carreggiata a doppio senso;Bagnato (pioggia);Asfaltata;Verticale ed orizzontale;Pioggia in atto;Normale;Sufficiente;;0;0;0;7;12.5484;41.8616;-1;2;Autovettura privata;In marcia / fermata / arresto;Conducente;F;Illeso;0;;Non accertato;Inesploso
5723133;10;01/12/2021 14:05:00;Strada Urbana;VIA MARCO DECUMIO;all'intersezione con;VIALE OPITA OPPIO;VIALE OPITA OPPIO;;;Scontro frontale/laterale DX fra veicoli in marcia;Intersezione stradale segnalata;Una carreggiata a doppio senso;Bagnato (pioggia);Asfaltata;Verticale ed orizzontale;Pioggia in atto;Normale;Sufficiente;;0;0;0;7;12.5484;41.8616;-1;2;Autovettura privata;In marcia / fermata / arresto;Passeggero;M;Illeso;0;;Non accertato;Inesploso
5723133;10;01/12/2021 14:05:00;Strada Urbana;VIA MARCO DECUMIO;all'intersezione con;VIALE OPITA OPPIO;VIALE OPITA OPPIO;;;Scontro frontale/laterale DX fra veicoli in marcia;Intersezione stradale segnalata;Una carreggiata a doppio senso;Bagnato (pioggia);Asfaltata;Verticale ed orizzontale;Pioggia in atto;Normale;Sufficiente;;0;0;0;7;12.5484;41.8616;-1;2;Autovettura privata;In marcia / fermata / arresto;Passeggero;M;Illeso;0;;Non accertato;Inesploso
5723133;10;01/12/2021 14:05:00;Strada Urbana;VIA MARCO DECUMIO;all'intersezione con;VIALE OPITA OPPIO;VIALE OPITA OPPIO;;;Scontro frontale/laterale DX fra veicoli in marcia;Intersezione stradale segnalata;Una carreggiata a doppio senso;Bagnato (pioggia);Asfaltata;Verticale ed orizzontale;Pioggia in atto;Normale;Sufficiente;;0;0;0;7;12.5484;41.8616;-1;2;Autovettura privata;In marcia / fermata / arresto;Passeggero;F;Illeso;0;;Non accertato;Inesploso
5723133;10;01/12/2021 14:05:00;Strada Urbana;VIA MARCO DECUMIO;all'intersezione con;VIALE OPITA OPPIO;VIALE OPITA OPPIO;;;Scontro frontale/laterale DX fra veicoli in marcia;Intersezione stradale segnalata;Una carreggiata a doppio senso;Bagnato (pioggia);Asfaltata;Verticale ed orizzontale;Pioggia in atto;Normale;Sufficiente;;0;0;0;7;12.5484;41.8616;-1;2;Autovettura privata;In marcia / fermata / arresto;Passeggero;F;Illeso;0;;Non accertato;Inesploso
5723142;4;01/12/2021 14:30:00;Strada Urbana;PIAZZA ELBA;da specificare;;;;prossimit� VIA STELVIO;Veicolo in marcia contro veicolo in sosta;Rettilineo;Una carreggiata a senso unico di marcia;Bagnato (pioggia);Asfaltata;Verticale ed orizzontale;Pioggia in atto;Normale;Buona;;0;0;0;1;12.5352;41.9413;-1;1;Autovettura privata;In marcia / fermata / arresto;Conducente;M;Illeso;0;;Non accertato;
5723142;4;01/12/2021 14:30:00;Strada Urbana;PIAZZA ELBA;da specificare;;;;prossimit� VIA STELVIO;Veicolo in marcia contro veicolo in sosta;Rettilineo;Una carreggiata a senso unico di marcia;Bagnato (pioggia);Asfaltata;Verticale ed orizzontale;Pioggia in atto;Normale;Buona;;0;0;0;1;12.5352;41.9413;-1;2;Autovettura privata;Sosta;;;;;;;
5723146;10;01/12/2021 12:55:00;Strada Urbana;VIALE BRUNO RIZZIERI;all'intersezione con;VIA FRANCESCO GENTILE;VIA FRANCESCO GENTILE;;;Scontro laterale fra veicoli in marcia;Rotatoria;Due carreggiate;Bagnato (pioggia);Asfaltata;Verticale ed orizzontale;Pioggia in atto;Normale;Buona;;1;0;0;3;12.5859;41.8523;-1;1;Autovettura privata;In marcia / fermata / arresto;Conducente;M;Illeso;0;;Non accertato;Inesploso
5723146;10;01/12/2021 12:55:00;Strada Urbana;VIALE BRUNO RIZZIERI;all'intersezione con;VIA FRANCESCO GENTILE;VIA FRANCESCO GENTILE;;;Scontro laterale fra veicoli in marcia;Rotatoria;Due carreggiate;Bagnato (pioggia);Asfaltata;Verticale ed orizzontale;Pioggia in atto;Normale;Buona;;1;0;0;3;12.5859;41.8523;-1;1;Autovettura privata;In marcia / fermata / arresto;Passeggero;F;Illeso;0;;Non accertato;Inesploso
5723146;10;01/12/2021 12:55:00;Strada Urbana;VIALE BRUNO RIZZIERI;all'intersezione con;VIA FRANCESCO GENTILE;VIA FRANCESCO GENTILE;;;Scontro laterale fra veicoli in marcia;Rotatoria;Due carreggiate;Bagnato (pioggia);Asfaltata;Verticale ed orizzontale;Pioggia in atto;Normale;Buona;;1;0;0;3;12.5859;41.8523;-1;1;Autovettura privata;In marcia / fermata / arresto;Passeggero;F;Illeso;0;;Non accertato;Inesploso
5723146;10;01/12/2021 12:55:00;Strada Urbana;VIALE BRUNO RIZZIERI;all'intersezione con;VIA FRANCESCO GENTILE;VIA FRANCESCO GENTILE;;;Scontro laterale fra veicoli in marcia;Rotatoria;Due carreggiate;Bagnato (pioggia);Asfaltata;Verticale ed orizzontale;Pioggia in atto;Normale;Buona;;1;0;0;3;12.5859;41.8523;-1;2;Motociclo a solo;In marcia / fermata / arresto;Conducente;M;Rimandato;0;NON DECEDUTO;Non accertato;
5723147;20;01/12/2021 12:45:00;Strada Urbana;VIA DI GROTTAROSSA;in corrispondenza;;del civico n.;1150;;Scontro laterale fra veicoli in marcia;Rettilineo;Una carreggiata a doppio senso;Bagnato (pioggia);Asfaltata;Orizzontale;Nuvoloso;Normale;Buona;;0;0;0;2;12.4734;41.9813;-1;1;Autovettura privata;In marcia / fermata / arresto;Conducente;M;Illeso;0;;;
5723147;20;01/12/2021 12:45:00;Strada Urbana;VIA DI GROTTAROSSA;in corrispondenza;;del civico n.;1150;;Scontro laterale fra veicoli in marcia;Rettilineo;Una carreggiata a doppio senso;Bagnato (pioggia);Asfaltata;Orizzontale;Nuvoloso;Normale;Buona;;0;0;0;2;12.4734;41.9813;-1;2;Autocarro superiore 35 q.;In marcia / fermata / arresto;Conducente;M;Illeso;0;;;
5723150;12;01/12/2021 15:30:00;Comunale extraurbana;VIA DI PORTA MEDAGLIA;all'intersezione con;VIA GIOVANNI CANESTRINI;VIA GIOVANNI CANESTRINI;;;Scontro frontale/laterale DX fra veicoli in marcia;Incrocio;Una carreggiata a doppio senso;Bagnato (pioggia);Asfaltata;Verticale;Nuvoloso;Normale;Buona;;1;0;0;1;12.5284;41.7568;-1;1;Autovettura privata;In marcia / fermata / arresto;Conducente;F;Illeso;0;;;
5723150;12;01/12/2021 15:30:00;Comunale extraurbana;VIA DI PORTA MEDAGLIA;all'intersezione con;VIA GIOVANNI CANESTRINI;VIA GIOVANNI CANESTRINI;;;Scontro frontale/laterale DX fra veicoli in marcia;Incrocio;Una carreggiata a doppio senso;Bagnato (pioggia);Asfaltata;Verticale;Nuvoloso;Normale;Buona;;1;0;0;1;12.5284;41.7568;-1;2;Autovettura privata;In marcia / fermata / arresto;Conducente;M;Rimandato;0;NON DECEDUTO;;
5723151;1;01/12/2021 19:35:00;Strada Urbana;VIA ALDO MANUZIO;all'intersezione con;LARGO GIOVANNI BATTISTA MARZI;LARGO GIOVANNI BATTISTA MARZI;;;Tamponamento;Incrocio;Una carreggiata a doppio senso;Bagnato (pioggia);Asfaltata;Verticale ed orizzontale;Pioggia in atto;Normale;Sufficiente;;1;0;0;1;12.4709;41.8769;-1;1;Autovettura privata;In marcia / fermata / arresto;Conducente;M;Illeso;0;;Non accertato;Inesploso
5723151;1;01/12/2021 19:35:00;Strada Urbana;VIA ALDO MANUZIO;all'intersezione con;LARGO GIOVANNI BATTISTA MARZI;LARGO GIOVANNI BATTISTA MARZI;;;Tamponamento;Incrocio;Una carreggiata a doppio senso;Bagnato (pioggia);Asfaltata;Verticale ed orizzontale;Pioggia in atto;Normale;Sufficiente;;1;0;0;1;12.4709;41.8769;-1;2;Motociclo a solo;In marcia / fermata / arresto;Conducente;M;Rifiuta cure immediate;0;NON DECEDUTO;Non accertato;
5723157;4;01/12/2021 16:30:00;Strada Urbana;VIA DEI PRATI FISCALI;in corrispondenza;;del civico n.;57;;Scontro frontale/laterale DX fra veicoli in marcia;Rettilineo;Due carreggiate;Bagnato (pioggia);Asfaltata;Verticale ed orizzontale;Pioggia in atto;Normale;Sufficiente;;1;0;0;3;12.5227;41.946;-1;1;Autovettura privata;In marcia / fermata / arresto;Conducente;M;Illeso;0;;;
5723157;4;01/12/2021 16:30:00;Strada Urbana;VIA DEI PRATI FISCALI;in corrispondenza;;del civico n.;57;;Scontro frontale/laterale DX fra veicoli in marcia;Rettilineo;Due carreggiate;Bagnato (pioggia);Asfaltata;Verticale ed orizzontale;Pioggia in atto;Normale;Sufficiente;;1;0;0;3;12.5227;41.946;-1;1;Autovettura privata;In marcia / fermata / arresto;Passeggero;F;Illeso;0;;;
5723157;4;01/12/2021 16:30:00;Strada Urbana;VIA DEI PRATI FISCALI;in corrispondenza;;del civico n.;57;;Scontro frontale/laterale DX fra veicoli in marcia;Rettilineo;Due carreggiate;Bagnato (pioggia);Asfaltata;Verticale ed orizzontale;Pioggia in atto;Normale;Sufficiente;;1;0;0;3;12.5227;41.946;-1;1;Autovettura privata;In marcia / fermata / arresto;Passeggero;M;Rimandato;0;NON DECEDUTO;;
5723157;4;01/12/2021 16:30:00;Strada Urbana;VIA DEI PRATI FISCALI;in corrispondenza;;del civico n.;57;;Scontro frontale/laterale DX fra veicoli in marcia;Rettilineo;Due carreggiate;Bagnato (pioggia);Asfaltata;Verticale ed orizzontale;Pioggia in atto;Normale;Sufficiente;;1;0;0;3;12.5227;41.946;-1;2;Motociclo a solo;In marcia / fermata / arresto;Conducente;M;Illeso;0;;;
5723161;13;01/12/2021 07:40:00;Strada Urbana;VIA EDOARDO GATTI;in prossimit�;;del civico n.;98;;Veicolo in marcia contro veicolo in sosta;Rettilineo;Una carreggiata a doppio senso;Bagnato (pioggia);Asfaltata;Assente;Pioggia in atto;Normale;Buona;;0;0;0;1;12.3083;41.7725;-1;1;Autovettura privata;Sosta;;;;;;;
5723161;13;01/12/2021 07:40:00;Strada Urbana;VIA EDOARDO GATTI;in prossimit�;;del civico n.;98;;Veicolo in marcia contro veicolo in sosta;Rettilineo;Una carreggiata a doppio senso;Bagnato (pioggia);Asfaltata;Assente;Pioggia in atto;Normale;Buona;;0;0;0;1;12.3083;41.7725;-1;2;Autovettura privata;In marcia / fermata / arresto;Conducente;F;Illeso;0;;;
5723166;13;01/12/2021 07:45:00;Strada Urbana;VIA COSTANZO CASANA;all'intersezione con;VIA CARLO BOSIO;VIA CARLO BOSIO;;;Scontro frontale/laterale DX fra veicoli in marcia;Incrocio;Due carreggiate;Bagnato (pioggia);Asfaltata;Verticale ed orizzontale;Pioggia in atto;Normale;Buona;;0;0;0;4;12.2687;41.7386;-1;1;Autovettura privata;In marcia / fermata / arresto;Conducente;F;Illeso;0;;;
5723166;13;01/12/2021 07:45:00;Strada Urbana;VIA COSTANZO CASANA;all'intersezione con;VIA CARLO BOSIO;VIA CARLO BOSIO;;;Scontro frontale/laterale DX fra veicoli in marcia;Incrocio;Due carreggiate;Bagnato (pioggia);Asfaltata;Verticale ed orizzontale;Pioggia in atto;Normale;Buona;;0;0;0;4;12.2687;41.7386;-1;1;Autovettura privata;In marcia / fermata / arresto;Passeggero;M;Illeso;0;;Non accertato;
5723166;13;01/12/2021 07:45:00;Strada Urbana;VIA COSTANZO CASANA;all'intersezione con;VIA CARLO BOSIO;VIA CARLO BOSIO;;;Scontro frontale/laterale DX fra veicoli in marcia;Incrocio;Due carreggiate;Bagnato (pioggia);Asfaltata;Verticale ed orizzontale;Pioggia in atto;Normale;Buona;;0;0;0;4;12.2687;41.7386;-1;2;Autocarro inferiore 35 q.;In marcia / fermata / arresto;Conducente;M;Illeso;0;;;
5723166;13;01/12/2021 07:45:00;Strada Urbana;VIA COSTANZO CASANA;all'intersezione con;VIA CARLO BOSIO;VIA CARLO BOSIO;;;Scontro frontale/laterale DX fra veicoli in marcia;Incrocio;Due carreggiate;Bagnato (pioggia);Asfaltata;Verticale ed orizzontale;Pioggia in atto;Normale;Buona;;0;0;0;4;12.2687;41.7386;-1;3;Autovettura privata;In marcia / fermata / arresto;Conducente;M;Illeso;0;;;
5723168;10;01/12/2021 10:00:00;Strada Urbana;VIA DI TORRE MORENA;in corrispondenza;;del civico n.;14;;Veicolo in marcia contro ostacolo accidentale;Rettilineo;Una carreggiata a doppio senso;Bagnato (pioggia);Asfaltata;Verticale;Pioggia in atto;Scarso;Buona;;0;0;0;1;12.6134;41.8117;-1;1;Autovettura privata;In marcia / fermata / arresto;Conducente;M;Illeso;0;;Non accertato;Inesploso
5723171;13;01/12/2021 10:30:00;Strada Urbana;VIA ERMANNO WOLF FERRARI;in prossimit�;;del civico n.;22;;Scontro frontale/laterale SX fra veicoli in marcia;Rettilineo;Una carreggiata a doppio senso;Bagnato (pioggia);Asfaltata;Orizzontale;Sereno;Normale;Buona;;0;0;0;2;12.3824;41.7417;-1;1;Autovettura privata;In marcia / fermata / arresto;Conducente;F;Illeso;0;;;
5723171;13;01/12/2021 10:30:00;Strada Urbana;VIA ERMANNO WOLF FERRARI;in prossimit�;;del civico n.;22;;Scontro frontale/laterale SX fra veicoli in marcia;Rettilineo;Una carreggiata a doppio senso;Bagnato (pioggia);Asfaltata;Orizzontale;Sereno;Normale;Buona;;0;0;0;2;12.3824;41.7417;-1;2;Autovettura privata;In marcia / fermata / arresto;Conducente;M;Illeso;0;;;
5723176;18;01/12/2021 19:20:00;Strada Urbana;PIAZZA PIO XI;all'intersezione semaforizzata con;VIA LEONE XIII;VIA LEONE XIII;;;Scontro laterale fra veicoli in marcia;Intersezione semaforizzata;Pi� di due carreggiate;Bagnato (pioggia);Asfaltata;Verticale ed orizzontale;Pioggia in atto;Intenso;Sufficiente;;0;0;0;3;12.4372;41.8939;-1;1;Autovettura privata;In marcia / fermata / arresto;Conducente;M;Illeso;0;;Non accertato;Inesploso
5723176;18;01/12/2021 19:20:00;Strada Urbana;PIAZZA PIO XI;all'intersezione semaforizzata con;VIA LEONE XIII;VIA LEONE XIII;;;Scontro laterale fra veicoli in marcia;Intersezione semaforizzata;Pi� di due carreggiate;Bagnato (pioggia);Asfaltata;Verticale ed orizzontale;Pioggia in atto;Intenso;Sufficiente;;0;0;0;3;12.4372;41.8939;-1;2;Autovettura privata;In marcia / fermata / arresto;Conducente;M;Illeso;0;;Non accertato;Inesploso
5723176;18;01/12/2021 19:20:00;Strada Urbana;PIAZZA PIO XI;all'intersezione semaforizzata con;VIA LEONE XIII;VIA LEONE XIII;;;Scontro laterale fra veicoli in marcia;Intersezione semaforizzata;Pi� di due carreggiate;Bagnato (pioggia);Asfaltata;Verticale ed orizzontale;Pioggia in atto;Intenso;Sufficiente;;0;0;0;3;12.4372;41.8939;-1;2;Autovettura privata;In marcia / fermata / arresto;Passeggero;F;Illeso;0;;Non accertato;Inesploso
5723179;13;01/12/2021 11:50:00;Strada Urbana;PIAZZA S. LEONARDO DA PORTO MAURIZIO;in corrispondenza;;del civico n.;23;;Investimento di pedone;Rettilineo;Una carreggiata a doppio senso;Bagnato (pioggia);Asfaltata;Verticale;Nuvoloso;Intenso;Buona;;1;0;0;1;12.3659;41.783;-1;;;;Pedone;F;Rimandato;0;NON DECEDUTO;;
5723179;13;01/12/2021 11:50:00;Strada Urbana;PIAZZA S. LEONARDO DA PORTO MAURIZIO;in corrispondenza;;del civico n.;23;;Investimento di pedone;Rettilineo;Una carreggiata a doppio senso;Bagnato (pioggia);Asfaltata;Verticale;Nuvoloso;Intenso;Buona;;1;0;0;1;12.3659;41.783;-1;1;Autovettura privata;In marcia / fermata / arresto;Conducente;M;Illeso;0;;Non accertato;
5723183;13;01/12/2021 16:15:00;Strada Urbana;VIA ERMANNO WOLF FERRARI;in corrispondenza;;del civico n.;350;;Scontro frontale/laterale DX fra veicoli in marcia;Rettilineo;Una carreggiata a doppio senso;Bagnato (umidit� in atto);Asfaltata;Verticale ed orizzontale;Nuvoloso;Normale;Sufficiente;;1;0;0;1;12.3711;41.755;-1;1;Motociclo con passeggero;In marcia / fermata / arresto;Conducente;M;Rimandato;0;NON DECEDUTO;Non accertato;
5723183;13;01/12/2021 16:15:00;Strada Urbana;VIA ERMANNO WOLF FERRARI;in corrispondenza;;del civico n.;350;;Scontro frontale/laterale DX fra veicoli in marcia;Rettilineo;Una carreggiata a doppio senso;Bagnato (umidit� in atto);Asfaltata;Verticale ed orizzontale;Nuvoloso;Normale;Sufficiente;;1;0;0;1;12.3711;41.755;-1;2;Autovettura privata;In marcia / fermata / arresto;Conducente;M;Illeso;0;;Non accertato;Inesploso
5723186;11;01/12/2021 18:50:00;Strada Urbana;VIA CRISTOFORO COLOMBO;all'intersezione semaforizzata con;VIA ROSA GUARNIERI CARDUCCI;VIA ROSA GUARNIERI CARDUCCI;;;Scontro frontale/laterale DX fra veicoli in marcia;Intersezione semaforizzata;Pi� di due carreggiate;Bagnato (pioggia);Asfaltata;Verticale ed orizzontale;Pioggia in atto;Intenso;Sufficiente;;0;0;0;2;12.4928;41.856;-1;1;Autovettura privata;In marcia / fermata / arresto;Conducente;F;Illeso;0;;Non accertato;
5723186;11;01/12/2021 18:50:00;Strada Urbana;VIA CRISTOFORO COLOMBO;all'intersezione semaforizzata con;VIA ROSA GUARNIERI CARDUCCI;VIA ROSA GUARNIERI CARDUCCI;;;Scontro frontale/laterale DX fra veicoli in marcia;Intersezione semaforizzata;Pi� di due carreggiate;Bagnato (pioggia);Asfaltata;Verticale ed orizzontale;Pioggia in atto;Intenso;Sufficiente;;0;0;0;2;12.4928;41.856;-1;2;Autovettura privata;In marcia / fermata / arresto;Conducente;M;Illeso;0;;Non accertato;
5723187;4;01/12/2021 17:15:00;Strada Urbana;VIA FILIPPO CORDOVA;in corrispondenza;;del civico n.;44;;Investimento di pedone;Rettilineo;Una carreggiata a doppio senso;Bagnato (pioggia);Asfaltata;Verticale ed orizzontale;Pioggia in atto;Normale;Sufficiente;;1;0;0;1;12.5269;41.9578;-1;;;;Pedone;F;Rimandato;0;NON DECEDUTO;;
5723187;4;01/12/2021 17:15:00;Strada Urbana;VIA FILIPPO CORDOVA;in corrispondenza;;del civico n.;44;;Investimento di pedone;Rettilineo;Una carreggiata a doppio senso;Bagnato (pioggia);Asfaltata;Verticale ed orizzontale;Pioggia in atto;Normale;Sufficiente;;1;0;0;1;12.5269;41.9578;-1;1;Autovettura privata;In marcia / fermata / arresto;Conducente;F;Illeso;0;;;
5723191;20;01/12/2021 10:00:00;Strada Urbana;VIA CASSIA;all'intersezione semaforizzata con;VIA GIOVANNI FABBRONI;VIA GIOVANNI FABBRONI;;;Scontro frontale/laterale DX fra veicoli in marcia;Incrocio;Una carreggiata a doppio senso;Bagnato (pioggia);Asfaltata;Verticale ed orizzontale;Nuvoloso;Normale;Sufficiente;;1;0;0;1;12.4137;41.9828;-1;1;Autovettura privata;In marcia / fermata / arresto;Conducente;M;Illeso;0;;Non accertato;Inesploso
5723191;20;01/12/2021 10:00:00;Strada Urbana;VIA CASSIA;all'intersezione semaforizzata con;VIA GIOVANNI FABBRONI;VIA GIOVANNI FABBRONI;;;Scontro frontale/laterale DX fra veicoli in marcia;Incrocio;Una carreggiata a doppio senso;Bagnato (pioggia);Asfaltata;Verticale ed orizzontale;Nuvoloso;Normale;Sufficiente;;1;0;0;1;12.4137;41.9828;-1;2;Motociclo a solo;In marcia / fermata / arresto;Conducente;M;Rimandato;0;NON DECEDUTO;Utilizzato;
5723194;12;01/12/2021 18:00:00;Provinciale entro l'abitato;VIA LAURENTINA;da specificare;;;;ingresso rotatoria Castel di Leva dir. Roma;Veicolo in marcia contro ostacolo accidentale;Rotatoria;Due carreggiate;Bagnato (pioggia);Con buche;Verticale;Pioggia in atto;Normale;Buona;;0;0;0;2;12.4856;41.8103;-1;1;Autovettura privata;In marcia / fermata / arresto;Conducente;M;Illeso;0;;Non accertato;Inesploso
5723194;12;01/12/2021 18:00:00;Provinciale entro l'abitato;VIA LAURENTINA;da specificare;;;;ingresso rotatoria Castel di Leva dir. Roma;Veicolo in marcia contro ostacolo accidentale;Rotatoria;Due carreggiate;Bagnato (pioggia);Con buche;Verticale;Pioggia in atto;Normale;Buona;;0;0;0;2;12.4856;41.8103;-1;1;Autovettura privata;In marcia / fermata / arresto;Passeggero;M;Illeso;0;;;
5723197;13;01/12/2021 16:15:00;Strada Urbana;VIA CARLO ALBIZZATI;all'intersezione con;VIA GIANDOMENICO BERTOLI;VIA GIANDOMENICO BERTOLI;;;Scontro frontale/laterale SX fra veicoli in marcia;Intersezione stradale segnalata;Una carreggiata a senso unico di marcia;Asciutto;Asfaltata;Verticale;Sereno;Normale;Buona;;0;0;0;3;12.331;41.7816;-1;1;Autovettura privata;In marcia / fermata / arresto;Conducente;M;Illeso;0;;;
5723197;13;01/12/2021 16:15:00;Strada Urbana;VIA CARLO ALBIZZATI;all'intersezione con;VIA GIANDOMENICO BERTOLI;VIA GIANDOMENICO BERTOLI;;;Scontro frontale/laterale SX fra veicoli in marcia;Intersezione stradale segnalata;Una carreggiata a senso unico di marcia;Asciutto;Asfaltata;Verticale;Sereno;Normale;Buona;;0;0;0;3;12.331;41.7816;-1;2;Autovettura privata;In marcia / fermata / arresto;Conducente;M;Illeso;0;;;
5723197;13;01/12/2021 16:15:00;Strada Urbana;VIA CARLO ALBIZZATI;all'intersezione con;VIA GIANDOMENICO BERTOLI;VIA GIANDOMENICO BERTOLI;;;Scontro frontale/laterale SX fra veicoli in marcia;Intersezione stradale segnalata;Una carreggiata a senso unico di marcia;Asciutto;Asfaltata;Verticale;Sereno;Normale;Buona;;0;0;0;3;12.331;41.7816;-1;2;Autovettura privata;In marcia / fermata / arresto;Passeggero;F;Illeso;0;;;
5723203;13;01/12/2021 16:45:00;Strada Urbana;VIA DI MACCHIA PALOCCO;in corrispondenza;;del civico n.;46;;Tamponamento Multiplo;Rettilineo;Una carreggiata a doppio senso;Asciutto;Asfaltata;Assente;Sereno;Normale;Buona;;0;0;0;5;12.3518;41.7695;-1;1;Veicolo speciale;In marcia / fermata / arresto;Conducente;M;Illeso;0;;;
5723203;13;01/12/2021 16:45:00;Strada Urbana;VIA DI MACCHIA PALOCCO;in corrispondenza;;del civico n.;46;;Tamponamento Multiplo;Rettilineo;Una carreggiata a doppio senso;Asciutto;Asfaltata;Assente;Sereno;Normale;Buona;;0;0;0;5;12.3518;41.7695;-1;1;Veicolo speciale;In marcia / fermata / arresto;Passeggero;M;Illeso;0;;;
5723203;13;01/12/2021 16:45:00;Strada Urbana;VIA DI MACCHIA PALOCCO;in corrispondenza;;del civico n.;46;;Tamponamento Multiplo;Rettilineo;Una carreggiata a doppio senso;Asciutto;Asfaltata;Assente;Sereno;Normale;Buona;;0;0;0;5;12.3518;41.7695;-1;2;Autovettura privata;In marcia / fermata / arresto;Conducente;M;Illeso;0;;;
5723203;13;01/12/2021 16:45:00;Strada Urbana;VIA DI MACCHIA PALOCCO;in corrispondenza;;del civico n.;46;;Tamponamento Multiplo;Rettilineo;Una carreggiata a doppio senso;Asciutto;Asfaltata;Assente;Sereno;Normale;Buona;;0;0;0;5;12.3518;41.7695;-1;3;Autovettura privata;In marcia / fermata / arresto;Conducente;M;Illeso;0;;;
5723203;13;01/12/2021 16:45:00;Strada Urbana;VIA DI MACCHIA PALOCCO;in corrispondenza;;del civico n.;46;;Tamponamento Multiplo;Rettilineo;Una carreggiata a doppio senso;Asciutto;Asfaltata;Assente;Sereno;Normale;Buona;;0;0;0;5;12.3518;41.7695;-1;3;Autovettura privata;In marcia / fermata / arresto;Passeggero;M;Illeso;0;;;
5723209;13;01/12/2021 19:00:00;;VIA DELLE FIAMME GIALLE;all'intersezione con;VIA GIANCARLO PASSERONI;VIA GIANCARLO PASSERONI;;;Scontro laterale fra veicoli in marcia;;;;;;;;;;0;0;0;2;12.2944;41.7307;0;1;Autovettura privata;In marcia / fermata / arresto;Conducente;F;Illeso;0;;;
5723209;13;01/12/2021 19:00:00;;VIA DELLE FIAMME GIALLE;all'intersezione con;VIA GIANCARLO PASSERONI;VIA GIANCARLO PASSERONI;;;Scontro laterale fra veicoli in marcia;;;;;;;;;;0;0;0;2;12.2944;41.7307;0;2;Autovettura privata;In marcia / fermata / arresto;Conducente;M;Illeso;0;;;
5723210;4;01/12/2021 17:30:00;Strada Urbana;VIA SEGGIANO;in corrispondenza;;del civico n.;48;;Investimento di pedone;Rettilineo;Una carreggiata a doppio senso;Bagnato (umidit� in atto);Asfaltata;Verticale ed orizzontale;Nuvoloso;Normale;Insufficiente;;2;0;0;1;12.5147;41.9527;-1;;;;Pedone;F;Rimandato;0;NON DECEDUTO;;
5723210;4;01/12/2021 17:30:00;Strada Urbana;VIA SEGGIANO;in corrispondenza;;del civico n.;48;;Investimento di pedone;Rettilineo;Una carreggiata a doppio senso;Bagnato (umidit� in atto);Asfaltata;Verticale ed orizzontale;Nuvoloso;Normale;Insufficiente;;2;0;0;1;12.5147;41.9527;-1;;;;Pedone;F;Rimandato;0;NON DECEDUTO;;
5723210;4;01/12/2021 17:30:00;Strada Urbana;VIA SEGGIANO;in corrispondenza;;del civico n.;48;;Investimento di pedone;Rettilineo;Una carreggiata a doppio senso;Bagnato (umidit� in atto);Asfaltata;Verticale ed orizzontale;Nuvoloso;Normale;Insufficiente;;2;0;0;1;12.5147;41.9527;-1;1;Autovettura privata;In marcia / fermata / arresto;Conducente;M;Illeso;0;;;
5723224;10;01/12/2021 18:15:00;Strada Urbana;VIALE DEI ROMANISTI;in prossimit�;;del civico n.;123;;Investimento di pedone;Rettilineo;Due carreggiate;Bagnato (pioggia);Asfaltata;Verticale ed orizzontale;Pioggia in atto;Normale;Sufficiente;;0;0;1;1;12.5772;41.8675;-1;;;;Pedone;M;Prognosi riservata;0;DECEDUTO DA 13 A 24 ORE DOPO;;
5723224;10;01/12/2021 18:15:00;Strada Urbana;VIALE DEI ROMANISTI;in prossimit�;;del civico n.;123;;Investimento di pedone;Rettilineo;Due carreggiate;Bagnato (pioggia);Asfaltata;Verticale ed orizzontale;Pioggia in atto;Normale;Sufficiente;;0;0;1;1;12.5772;41.8675;-1;1;Autovettura privata;In marcia / fermata / arresto;Conducente;M;Illeso;0;;Non accertato;Inesploso
5723224;10;01/12/2021 18:15:00;Strada Urbana;VIALE DEI ROMANISTI;in prossimit�;;del civico n.;123;;Investimento di pedone;Rettilineo;Due carreggiate;Bagnato (pioggia);Asfaltata;Verticale ed orizzontale;Pioggia in atto;Normale;Sufficiente;;0;0;1;1;12.5772;41.8675;-1;2;Autovettura privata;Sosta;;;;;;;