Protocollo;Gruppo;DataOraIncidente;Localizzazione1;STRADA1;Localizzazione2;STRADA2;Strada02;Chilometrica;DaSpecificare;NaturaIncidente;particolaritastrade;TipoStrada;FondoStradale;Pavimentazione;Segnaletica;CondizioneAtmosferica;Traffico;Visibilita;Illuminazione;NUM_FERITI;NUM_RISERVATA;NUM_MORTI;NUM_ILLESI;Longitudine;Latitudine;Confermato;Progressivo;TipoVeicolo;StatoVeicolo;TipoPersona;Sesso;Tipolesione;Deceduto;DecedutoDopo;CinturaCascoUtilizzato;Airbag;
5727058;9;04/12/2021 05:10:00;Strada Urbana;VIA TUSCOLANA;all'intersezione semaforizzata con;VIA DELL'ARCO DI TRAVERTINO;VIA DELL'ARCO DI TRAVERTINO;;;Scontro frontale/laterale SX fra veicoli in marcia;Incrocio;Due carreggiate;Asciutto;Asfaltata;Verticale ed orizzontale;Sereno;Scarso;Buona;;1;0;0;3;12.5379;41.8691;-1;2;Autovettura privata;In marcia / fermata / arresto;Passeggero;M;Illeso;0;;Non accertato;Inesploso
5727079;9;04/12/2021 07:15:00;;VIA TUSCOLANA;in corrispondenza;;del civico n.;501A;;Scontro frontale/laterale SX fra veicoli in marcia;;;;;;;;;;0;0;0;0;;;0;2;Motociclo a solo;In marcia / fermata / arresto;Conducente;;Illeso;0;;;
5727082;20;03/12/2021 10:20:00;Strada Urbana;PIAZZALE DI PONTE MILVIO;all'intersezione con;LUNGOTEVERE MARESCIALLO DIAZ;LUNGOTEVERE MARESCIALLO DIAZ;;;Scontro laterale fra veicoli in marcia;Intersezione semaforizzata;Pi� di due carreggiate;Bagnato (umidit� in atto);Asfaltata;Verticale ed orizzontale;Sereno;Intenso;Buona;;0;0;0;3;12.4664;41.9373;-1;1;Autovettura privata;In marcia / fermata / arresto;Conducente;M;Illeso;0;;Non accertato;Inesploso
5727082;20;03/12/2021 10:20:00;Strada Urbana;PIAZZALE DI PONTE MILVIO;all'intersezione con;LUNGOTEVERE MARESCIALLO DIAZ;LUNGOTEVERE MARESCIALLO DIAZ;;;Scontro laterale fra veicoli in marcia;Intersezione semaforizzata;Pi� di due carreggiate;Bagnato (umidit� in atto);Asfaltata;Verticale ed orizzontale;Sereno;Intenso;Buona;;0;0;0;3;12.4664;41.9373;-1;2;Autovettura privata;In marcia / fermata / arresto;Conducente;M;Illeso;0;;Non accertato;Inesploso
5727082;20;03/12/2021 10:20:00;Strada Urbana;PIAZZALE DI PONTE MILVIO;all'intersezione con;LUNGOTEVERE MARESCIALLO DIAZ;LUNGOTEVERE MARESCIALLO DIAZ;;;Scontro laterale fra veicoli in marcia;Intersezione semaforizzata;Pi� di due carreggiate;Bagnato (umidit� in atto);Asfaltata;Verticale ed orizzontale;Sereno;Intenso;Buona;;0;0;0;3;12.4664;41.9373;-1;2;Autovettura privata;In marcia / fermata / arresto;Passeggero;F;Illeso;0;;Non accertato;Inesploso
5727097;9;04/12/2021 08:55:00;Strada Urbana;VIA URBINO;in corrispondenza;;del civico n.;31;;Veicolo in marcia contro veicolo in sosta;Rettilineo;Una carreggiata a senso unico di marcia;Asciutto;Asfaltata;Verticale ed orizzontale;Sereno;Scarso;Buona;;0;0;0;0;12.5126;41.8837;-1;1;Autovettura privata;Sosta;;;;;;;
5727097;9;04/12/2021 08:55:00;Strada Urbana;VIA URBINO;in corrispondenza;;del civico n.;31;;Veicolo in marcia contro veicolo in sosta;Rettilineo;Una carreggiata a senso unico di marcia;Asciutto;Asfaltata;Verticale ed orizzontale;Sereno;Scarso;Buona;;0;0;0;0;12.5126;41.8837;-1;2;Autovettura privata;Sosta;;;;;;;
5727097;9;04/12/2021 08:55:00;Strada Urbana;VIA URBINO;in corrispondenza;;del civico n.;31;;Veicolo in marcia contro veicolo in sosta;Rettilineo;Una carreggiata a senso unico di marcia;Asciutto;Asfaltata;Verticale ed orizzontale;Sereno;Scarso;Buona;;0;0;0;0;12.5126;41.8837;-1;3;Autovettura privata;Allontanatosi;;;;;;;
5727117;20;03/12/2021 15:30:00;Provinciale;VIA TIBERINA;in prossimit�;;del civico n.;268;;Tamponamento;Rettilineo;Una carreggiata a doppio senso;Asciutto;Asfaltata;Orizzontale;Sereno;Normale;Buona;;0;0;0;2;12.5053;42.0193;-1;1;Autocarro inferiore 35 q.;In marcia / fermata / arresto;Conducente;M;Illeso;0;;Non accertato;Inesploso
5727117;20;03/12/2021 15:30:00;Provinciale;VIA TIBERINA;in prossimit�;;del civico n.;268;;Tamponamento;Rettilineo;Una carreggiata a doppio senso;Asciutto;Asfaltata;Orizzontale;Sereno;Normale;Buona;;0;0;0;2;12.5053;42.0193;-1;2;Autocarro inferiore 35 q.;In marcia / fermata / arresto;Conducente;M;Illeso;0;;Non accertato;Inesploso
5727159;20;03/12/2021 16:00:00;Strada Urbana;VIA CASSIA;in corrispondenza;;del civico n.;701;;Scontro laterale fra veicoli in marcia;Rettilineo;Una carreggiata a doppio senso;Asciutto;Asfaltata;Verticale;Sereno;Intenso;Buona;;1;0;0;2;12.4452;41.9642;-1;1;Motociclo a solo;In marcia / fermata / arresto;Conducente;M;Rimandato;0;NON DECEDUTO;Non accertato;
5727159;20;03/12/2021 16:00:00;Strada Urbana;VIA CASSIA;in corrispondenza;;del civico n.;701;;Scontro laterale fra veicoli in marcia;Rettilineo;Una carreggiata a doppio senso;Asciutto;Asfaltata;Verticale;Sereno;Intenso;Buona;;1;0;0;2;12.4452;41.9642;-1;2;Autovettura privata;In marcia / fermata / arresto;Conducente;M;Illeso;0;;Non accertato;Inesploso
5727159;20;03/12/2021 16:00:00;Strada Urbana;VIA CASSIA;in corrispondenza;;del civico n.;701;;Scontro laterale fra veicoli in marcia;Rettilineo;Una carreggiata a doppio senso;Asciutto;Asfaltata;Verticale;Sereno;Intenso;Buona;;1;0;0;2;12.4452;41.9642;-1;2;Autovettura privata;In marcia / fermata / arresto;Passeggero;F;Illeso;0;;Non accertato;Inesploso
5727267;20;03/12/2021 16:50:00;Strada Urbana;VIA FARNETO;da specificare;;;;prossimit� VIA MONTI DELLA FARNESINA;Scontro frontale fra veicoli in marcia;Curva senza visuale libera;Una carreggiata a doppio senso;Asciutto;Asfaltata;Assente;Sereno;Normale;Insufficiente;;0;0;0;6;12.4501;41.939;-1;1;Autovettura privata;In marcia / fermata / arresto;Conducente;F;Illeso;0;;Non accertato;Inesploso
5727267;20;03/12/2021 16:50:00;Strada Urbana;VIA FARNETO;da specificare;;;;prossimit� VIA MONTI DELLA FARNESINA;Scontro frontale fra veicoli in marcia;Curva senza visuale libera;Una carreggiata a doppio senso;Asciutto;Asfaltata;Assente;Sereno;Normale;Insufficiente;;0;0;0;6;12.4501;41.939;-1;1;Autovettura privata;In marcia / fermata / arresto;Passeggero;F;Illeso;0;;Non accertato;Inesploso
5727267;20;03/12/2021 16:50:00;Strada Urbana;VIA FARNETO;da specificare;;;;prossimit� VIA MONTI DELLA FARNESINA;Scontro frontale fra veicoli in marcia;Curva senza visuale libera;Una carreggiata a doppio senso;Asciutto;Asfaltata;Assente;Sereno;Normale;Insufficiente;;0;0;0;6;12.4501;41.939;-1;1;Autovettura privata;In marcia / fermata / arresto;Passeggero;F;Illeso;0;;Non accertato;Inesploso
5727267;20;03/12/2021 16:50:00;Strada Urbana;VIA FARNETO;da specificare;;;;prossimit� VIA MONTI DELLA FARNESINA;Scontro frontale fra veicoli in marcia;Curva senza visuale libera;Una carreggiata a doppio senso;Asciutto;Asfaltata;Assente;Sereno;Normale;Insufficiente;;0;0;0;6;12.4501;41.939;-1;2;Autovettura privata;In marcia / fermata / arresto;Conducente;F;Illeso;0;;Non accertato;Inesploso
5727267;20;03/12/2021 16:50:00;Strada Urbana;VIA FARNETO;da specificare;;;;prossimit� VIA MONTI DELLA FARNESINA;Scontro frontale fra veicoli in marcia;Curva senza visuale libera;Una carreggiata a doppio senso;Asciutto;Asfaltata;Assente;Sereno;Normale;Insufficiente;;0;0;0;6;12.4501;41.939;-1;2;Autovettura privata;In marcia / fermata / arresto;Passeggero;M;Illeso;0;;Non accertato;Inesploso
5727267;20;03/12/2021 16:50:00;Strada Urbana;VIA FARNETO;da specificare;;;;prossimit� VIA MONTI DELLA FARNESINA;Scontro frontale fra veicoli in marcia;Curva senza visuale libera;Una carreggiata a doppio senso;Asciutto;Asfaltata;Assente;Sereno;Normale;Insufficiente;;0;0;0;6;12.4501;41.939;-1;2;Autovettura privata;In marcia / fermata / arresto;Passeggero;F;Illeso;0;;Non accertato;Inesploso
5727282;20;03/12/2021 23:40:00;Strada Urbana;VIA DELLA STORTA;in prossimit�;;del civico n.;701;;Veicolo in marcia contro ostacolo fisso;Curva a visuale libera;Una carreggiata a doppio senso;Asciutto;Asfaltata;Verticale ed orizzontale;Sereno;Normale;Insufficiente;;0;0;0;2;12.3692;41.9848;-1;1;Quadriciclo leggero;In marcia / fermata / arresto;Conducente;M;Illeso;0;;Non accertato;Inesploso
5727282;20;03/12/2021 23:40:00;Strada Urbana;VIA DELLA STORTA;in prossimit�;;del civico n.;701;;Veicolo in marcia contro ostacolo fisso;Curva a visuale libera;Una carreggiata a doppio senso;Asciutto;Asfaltata;Verticale ed orizzontale;Sereno;Normale;Insufficiente;;0;0;0;2;12.3692;41.9848;-1;1;Quadriciclo leggero;In marcia / fermata / arresto;Passeggero;M;Illeso;0;;Non accertato;Inesploso
5727296;20;03/12/2021 22:40:00;Strada Urbana;VIALE ANTONINO DI SAN GIULIANO;da specificare;;;;prossimit� FERMATA ATAC n.79352;Veicolo in marcia contro ostacolo accidentale;Rettilineo;Due carreggiate;Asciutto;Asfaltata;Verticale;Sereno;Scarso;Buona;;0;0;0;1;12.4605;41.9372;-1;1;Motociclo a solo;In marcia / fermata / arresto;Conducente;M;Illeso;0;;Non accertato;
5727370;13;03/12/2021 13:55:00;Strada Urbana;VIALE DEI ROMAGNOLI;all'intersezione con;VIA GIUSEPPE BERNARDO GAMBARO;VIA GIUSEPPE BERNARDO GAMBARO;;;Scontro laterale fra veicoli in marcia;Incrocio;Una carreggiata a doppio senso;Asciutto;Asfaltata;Verticale ed orizzontale;Sereno;Intenso;Buona;;1;0;0;3;12.3545;41.7813;-1;1;Autovettura privata;In marcia / fermata / arresto;Conducente;F;Rimandato;0;NON DECEDUTO;;
5727370;13;03/12/2021 13:55:00;Strada Urbana;VIALE DEI ROMAGNOLI;all'intersezione con;VIA GIUSEPPE BERNARDO GAMBARO;VIA GIUSEPPE BERNARDO GAMBARO;;;Scontro laterale fra veicoli in marcia;Incrocio;Una carreggiata a doppio senso;Asciutto;Asfaltata;Verticale ed orizzontale;Sereno;Intenso;Buona;;1;0;0;3;12.3545;41.7813;-1;2;Autocarro inferiore 35 q.;In marcia / fermata / arresto;Conducente;M;Illeso;0;;Non accertato;
5727370;13;03/12/2021 13:55:00;Strada Urbana;VIALE DEI ROMAGNOLI;all'intersezione con;VIA GIUSEPPE BERNARDO GAMBARO;VIA GIUSEPPE BERNARDO GAMBARO;;;Scontro laterale fra veicoli in marcia;Incrocio;Una carreggiata a doppio senso;Asciutto;Asfaltata;Verticale ed orizzontale;Sereno;Intenso;Buona;;1;0;0;3;12.3545;41.7813;-1;3;Autocarro inferiore 35 q.;In marcia / fermata / arresto;Conducente;M;Illeso;0;;Non accertato;Inesploso
5727370;13;03/12/2021 13:55:00;Strada Urbana;VIALE DEI ROMAGNOLI;all'intersezione con;VIA GIUSEPPE BERNARDO GAMBARO;VIA GIUSEPPE BERNARDO GAMBARO;;;Scontro laterale fra veicoli in marcia;Incrocio;Una carreggiata a doppio senso;Asciutto;Asfaltata;Verticale ed orizzontale;Sereno;Intenso;Buona;;1;0;0;3;12.3545;41.7813;-1;3;Autocarro inferiore 35 q.;In marcia / fermata / arresto;Passeggero;M;Illeso;0;;;
5727407;10;03/12/2021 19:00:00;Strada Urbana;VIA DELLE CAPANNELLE;all'intersezione con;VIA LUCREZIA ROMANA;VIA LUCREZIA ROMANA;;;Scontro frontale/laterale SX fra veicoli in marcia;Intersezione stradale segnalata;Una carreggiata a doppio senso;Asciutto;Asfaltata;Verticale ed orizzontale;Sereno;Intenso;Sufficiente;;0;0;0;3;12.5745;41.8366;-1;1;Autovettura privata;In marcia / fermata / arresto;Conducente;M;Illeso;0;;Non accertato;Inesploso
5727407;10;03/12/2021 19:00:00;Strada Urbana;VIA DELLE CAPANNELLE;all'intersezione con;VIA LUCREZIA ROMANA;VIA LUCREZIA ROMANA;;;Scontro frontale/laterale SX fra veicoli in marcia;Intersezione stradale segnalata;Una carreggiata a doppio senso;Asciutto;Asfaltata;Verticale ed orizzontale;Sereno;Intenso;Sufficiente;;0;0;0;3;12.5745;41.8366;-1;2;Autovettura privata;In marcia / fermata / arresto;Conducente;F;Illeso;0;;Non accertato;Inesploso
5727407;10;03/12/2021 19:00:00;Strada Urbana;VIA DELLE CAPANNELLE;all'intersezione con;VIA LUCREZIA ROMANA;VIA LUCREZIA ROMANA;;;Scontro frontale/laterale SX fra veicoli in marcia;Intersezione stradale segnalata;Una carreggiata a doppio senso;Asciutto;Asfaltata;Verticale ed orizzontale;Sereno;Intenso;Sufficiente;;0;0;0;3;12.5745;41.8366;-1;2;Autovettura privata;In marcia / fermata / arresto;Passeggero;M;Illeso;0;;Non accertato;Inesploso
5727412;13;03/12/2021 14:03:00;Strada Urbana;VIA DELLA SALVIA;in corrispondenza;;del civico n.;83;;Scontro frontale fra veicoli in marcia;Rettilineo;Una carreggiata a senso unico di marcia;Asciutto;Asfaltata;Verticale;Sereno;Scarso;Buona;;0;0;0;4;12.3643;41.7863;-1;1;Autovettura privata;In marcia / fermata / arresto;Conducente;M;Illeso;0;;Non accertato;Inesploso
5727412;13;03/12/2021 14:03:00;Strada Urbana;VIA DELLA SALVIA;in corrispondenza;;del civico n.;83;;Scontro frontale fra veicoli in marcia;Rettilineo;Una carreggiata a senso unico di marcia;Asciutto;Asfaltata;Verticale;Sereno;Scarso;Buona;;0;0;0;4;12.3643;41.7863;-1;1;Autovettura privata;In marcia / fermata / arresto;Passeggero;F;Illeso;0;;;
5727412;13;03/12/2021 14:03:00;Strada Urbana;VIA DELLA SALVIA;in corrispondenza;;del civico n.;83;;Scontro frontale fra veicoli in marcia;Rettilineo;Una carreggiata a senso unico di marcia;Asciutto;Asfaltata;Verticale;Sereno;Scarso;Buona;;0;0;0;4;12.3643;41.7863;-1;2;Autovettura privata;In marcia / fermata / arresto;Conducente;M;Illeso;0;;;
5727412;13;03/12/2021 14:03:00;Strada Urbana;VIA DELLA SALVIA;in corrispondenza;;del civico n.;83;;Scontro frontale fra veicoli in marcia;Rettilineo;Una carreggiata a senso unico di marcia;Asciutto;Asfaltata;Verticale;Sereno;Scarso;Buona;;0;0;0;4;12.3643;41.7863;-1;2;Autovettura privata;In marcia / fermata / arresto;Passeggero;F;Illeso;0;;;
5727417;10;04/12/2021 01:30:00;Strada Urbana;VIA LUIGI FILIPPO DE MAGISTRIS;in corrispondenza;;del civico n.;78;;Scontro laterale fra veicoli in marcia;Rettilineo;Una carreggiata a doppio senso;Asciutto;Asfaltata;Verticale ed orizzontale;Sereno;Normale;Sufficiente;;0;0;0;4;12.5299;41.8872;-1;1;Autovettura privata;In marcia / fermata / arresto;Conducente;M;Illeso;0;;Non accertato;Inesploso
5727417;10;04/12/2021 01:30:00;Strada Urbana;VIA LUIGI FILIPPO DE MAGISTRIS;in corrispondenza;;del civico n.;78;;Scontro laterale fra veicoli in marcia;Rettilineo;Una carreggiata a doppio senso;Asciutto;Asfaltata;Verticale ed orizzontale;Sereno;Normale;Sufficiente;;0;0;0;4;12.5299;41.8872;-1;1;Autovettura privata;In marcia / fermata / arresto;Passeggero;F;Illeso;0;;Non accertato;Inesploso
5727417;10;04/12/2021 01:30:00;Strada Urbana;VIA LUIGI FILIPPO DE MAGISTRIS;in corrispondenza;;del civico n.;78;;Scontro laterale fra veicoli in marcia;Rettilineo;Una carreggiata a doppio senso;Asciutto;Asfaltata;Verticale ed orizzontale;Sereno;Normale;Sufficiente;;0;0;0;4;12.5299;41.8872;-1;2;Autovettura privata;In marcia / fermata / arresto;Conducente;F;Illeso;0;;Non accertato;Inesploso
5727417;10;04/12/2021 01:30:00;Strada Urbana;VIA LUIGI FILIPPO DE MAGISTRIS;in corrispondenza;;del civico n.;78;;Scontro laterale fra veicoli in marcia;Rettilineo;Una carreggiata a doppio senso;Asciutto;Asfaltata;Verticale ed orizzontale;Sereno;Normale;Sufficiente;;0;0;0;4;12.5299;41.8872;-1;2;Autovettura privata;In marcia / fermata / arresto;Passeggero;F;Illeso;0;;Non accertato;Inesploso
5727431;10;04/12/2021 10:00:00;Strada Urbana;VIA FILIPPO SERAFINI;all'intersezione con;VIALE BRUNO PELIZZI;VIALE BRUNO PELIZZI;;;Investimento di pedone;Incrocio;Una carreggiata a senso unico di marcia;Asciutto;Asfaltata;Verticale ed orizzontale;Sereno;Normale;Buona;;0;0;0;2;12.5747;41.8614;-1;;;;Pedone;M;Illeso;0;;;
5727431;10;04/12/2021 10:00:00;Strada Urbana;VIA FILIPPO SERAFINI;all'intersezione con;VIALE BRUNO PELIZZI;VIALE BRUNO PELIZZI;;;Investimento di pedone;Incrocio;Una carreggiata a senso unico di marcia;Asciutto;Asfaltata;Verticale ed orizzontale;Sereno;Normale;Buona;;0;0;0;2;12.5747;41.8614;-1;1;Autovettura privata;In marcia / fermata / arresto;Conducente;M;Illeso;0;;Non accertato;Inesploso
5727438;10;04/12/2021 12:00:00;Strada Urbana;VIALE LUIGI SCHIAVONETTI;in prossimit�;;del civico n.;426;;Investimento di pedone;Rotatoria;Una carreggiata a senso unico di marcia;Asciutto;Asfaltata;Verticale ed orizzontale;Sereno;Normale;Buona;;0;0;0;3;12.6213;41.8412;-1;;;;Pedone;M;Illeso;0;;;
5727438;10;04/12/2021 12:00:00;Strada Urbana;VIALE LUIGI SCHIAVONETTI;in prossimit�;;del civico n.;426;;Investimento di pedone;Rotatoria;Una carreggiata a senso unico di marcia;Asciutto;Asfaltata;Verticale ed orizzontale;Sereno;Normale;Buona;;0;0;0;3;12.6213;41.8412;-1;;;;Pedone;M;Illeso;0;;;
5727438;10;04/12/2021 12:00:00;Strada Urbana;VIALE LUIGI SCHIAVONETTI;in prossimit�;;del civico n.;426;;Investimento di pedone;Rotatoria;Una carreggiata a senso unico di marcia;Asciutto;Asfaltata;Verticale ed orizzontale;Sereno;Normale;Buona;;0;0;0;3;12.6213;41.8412;-1;1;Autovettura privata;In marcia / fermata / arresto;Conducente;F;Illeso;0;;Non accertato;Inesploso
5727445;13;03/12/2021 15:20:00;Strada Urbana;VIA DELLE AZZORRE;in corrispondenza;;del civico n.;400;;Scontro laterale fra veicoli in marcia;Rettilineo;Due carreggiate;Asciutto;Asfaltata;Verticale ed orizzontale;Sereno;Normale;Buona;;0;0;0;2;12.2653;41.7402;-1;1;Autovettura privata;In marcia / fermata / arresto;Conducente;F;Illeso;0;;Non accertato;Inesploso
5727445;13;03/12/2021 15:20:00;Strada Urbana;VIA DELLE AZZORRE;in corrispondenza;;del civico n.;400;;Scontro laterale fra veicoli in marcia;Rettilineo;Due carreggiate;Asciutto;Asfaltata;Verticale ed orizzontale;Sereno;Normale;Buona;;0;0;0;2;12.2653;41.7402;-1;2;Autovettura privata;In marcia / fermata / arresto;Conducente;M;Illeso;0;;Non accertato;
5727451;13;03/12/2021 19:20:00;Strada Urbana;VIA GIUSEPPE BEDUSCHI;in corrispondenza;;del civico n.;46/D;;Veicolo in marcia contro veicoli in sosta;Rettilineo;Una carreggiata a senso unico di marcia;Asciutto;Asfaltata;Verticale;Sereno;Normale;Sufficiente;;0;0;0;1;12.3532;41.7903;-1;1;Autovettura privata;In marcia / fermata / arresto;Conducente;F;Illeso;0;;Non accertato;Inesploso
5727451;13;03/12/2021 19:20:00;Strada Urbana;VIA GIUSEPPE BEDUSCHI;in corrispondenza;;del civico n.;46/D;;Veicolo in marcia contro veicoli in sosta;Rettilineo;Una carreggiata a senso unico di marcia;Asciutto;Asfaltata;Verticale;Sereno;Normale;Sufficiente;;0;0;0;1;12.3532;41.7903;-1;2;Autovettura privata;Sosta;;;;;;;
5727451;13;03/12/2021 19:20:00;Strada Urbana;VIA GIUSEPPE BEDUSCHI;in corrispondenza;;del civico n.;46/D;;Veicolo in marcia contro veicoli in sosta;Rettilineo;Una carreggiata a senso unico di marcia;Asciutto;Asfaltata;Verticale;Sereno;Normale;Sufficiente;;0;0;0;1;12.3532;41.7903;-1;3;Autovettura privata;Sosta;;;;;;;
5727451;13;03/12/2021 19:20:00;Strada Urbana;VIA GIUSEPPE BEDUSCHI;in corrispondenza;;del civico n.;46/D;;Veicolo in marcia contro veicoli in sosta;Rettilineo;Una carreggiata a senso unico di marcia;Asciutto;Asfaltata;Verticale;Sereno;Normale;Sufficiente;;0;0;0;1;12.3532;41.7903;-1;4;Autovettura privata;Sosta;;;;;;;
5727451;13;03/12/2021 19:20:00;Strada Urbana;VIA GIUSEPPE BEDUSCHI;in corrispondenza;;del civico n.;46/D;;Veicolo in marcia contro veicoli in sosta;Rettilineo;Una carreggiata a senso unico di marcia;Asciutto;Asfaltata;Verticale;Sereno;Normale;Sufficiente;;0;0;0;1;12.3532;41.7903;-1;5;Autovettura privata;Sosta;;;;;;;
5727521;12;04/12/2021 16:50:00;Strada Urbana;VIALE FILIPPO TOMMASO MARINETTI;all'intersezione con;VIA FRANCESCO SAPORI;VIA FRANCESCO SAPORI;;;Scontro laterale fra veicoli in marcia;Rotatoria;Una carreggiata a senso unico di marcia;Bagnato (pioggia);Asfaltata;Verticale ed orizzontale;Pioggia in atto;Normale;Sufficiente;;0;0;0;4;12.4832;41.8091;-1;1;Autovettura privata;In marcia / fermata / arresto;Conducente;M;Illeso;0;;Non accertato;Inesploso
5727521;12;04/12/2021 16:50:00;Strada Urbana;VIALE FILIPPO TOMMASO MARINETTI;all'intersezione con;VIA FRANCESCO SAPORI;VIA FRANCESCO SAPORI;;;Scontro laterale fra veicoli in marcia;Rotatoria;Una carreggiata a senso unico di marcia;Bagnato (pioggia);Asfaltata;Verticale ed orizzontale;Pioggia in atto;Normale;Sufficiente;;0;0;0;4;12.4832;41.8091;-1;1;Autovettura privata;In marcia / fermata / arresto;Passeggero;F;Illeso;0;;Non accertato;Inesploso
5727521;12;04/12/2021 16:50:00;Strada Urbana;VIALE FILIPPO TOMMASO MARINETTI;all'intersezione con;VIA FRANCESCO SAPORI;VIA FRANCESCO SAPORI;;;Scontro laterale fra veicoli in marcia;Rotatoria;Una carreggiata a senso unico di marcia;Bagnato (pioggia);Asfaltata;Verticale ed orizzontale;Pioggia in atto;Normale;Sufficiente;;0;0;0;4;12.4832;41.8091;-1;1;Autovettura privata;In marcia / fermata / arresto;Passeggero;M;Illeso;0;;Non accertato;Inesploso
5727521;12;04/12/2021 16:50:00;Strada Urbana;VIALE FILIPPO TOMMASO MARINETTI;all'intersezione con;VIA FRANCESCO SAPORI;VIA FRANCESCO SAPORI;;;Scontro laterale fra veicoli in marcia;Rotatoria;Una carreggiata a senso unico di marcia;Bagnato (pioggia);Asfaltata;Verticale ed orizzontale;Pioggia in atto;Normale;Sufficiente;;0;0;0;4;12.4832;41.8091;-1;2;Autovettura privata;In marcia / fermata / arresto;Conducente;M;Illeso;0;;Non accertato;Inesploso
5727537;18;04/12/2021 17:10:00;Strada Urbana;VIA DI MONTE DEL GALLO;in corrispondenza;;del civico n.;13 B;;Investimento di pedone;Rettilineo;Una carreggiata a doppio senso;Bagnato (pioggia);Asfaltata;Verticale;Nuvoloso;Scarso;Sufficiente;;1;0;0;1;12.4514;41.8974;-1;;;;Pedone;M;Rimandato;0;NON DECEDUTO;;
5727537;18;04/12/2021 17:10:00;Strada Urbana;VIA DI MONTE DEL GALLO;in corrispondenza;;del civico n.;13 B;;Investimento di pedone;Rettilineo;Una carreggiata a doppio senso;Bagnato (pioggia);Asfaltata;Verticale;Nuvoloso;Scarso;Sufficiente;;1;0;0;1;12.4514;41.8974;-1;1;Autocarro inferiore 35 q.;In marcia / fermata / arresto;Conducente;M;Illeso;0;;;
5727569;15;04/12/2021 17:35:00;Strada Urbana;VIA DELLA CASETTA MATTEI;da specificare;;;;FRONTE CIVICO 18;Scontro frontale/laterale SX fra veicoli in marcia;Rettilineo;Una carreggiata a doppio senso;Bagnato (pioggia);Asfaltata;Assente;Pioggia in atto;Normale;Buona;;0;0;0;2;12.4196;41.8579;-1;1;Autovettura privata;In marcia / fermata / arresto;Conducente;F;Illeso;0;;Non accertato;Inesploso
5727569;15;04/12/2021 17:35:00;Strada Urbana;VIA DELLA CASETTA MATTEI;da specificare;;;;FRONTE CIVICO 18;Scontro frontale/laterale SX fra veicoli in marcia;Rettilineo;Una carreggiata a doppio senso;Bagnato (pioggia);Asfaltata;Assente;Pioggia in atto;Normale;Buona;;0;0;0;2;12.4196;41.8579;-1;2;Autovettura privata;In marcia / fermata / arresto;Conducente;M;Illeso;0;;Non accertato;Inesploso
5727572;10;04/12/2021 17:00:00;Strada Urbana;VIA TUSCOLANA;in prossimit�;;del civico n.;601/B;;Investimento di pedone;Rettilineo;Due carreggiate;Bagnato (pioggia);Asfaltata;Verticale ed orizzontale;Sereno;Normale;Buona;;1;0;0;1;12.5491;41.8638;-1;;;;Pedone;F;Rimandato;0;NON DECEDUTO;;
5727572;10;04/12/2021 17:00:00;Strada Urbana;VIA TUSCOLANA;in prossimit�;;del civico n.;601/B;;Investimento di pedone;Rettilineo;Due carreggiate;Bagnato (pioggia);Asfaltata;Verticale ed orizzontale;Sereno;Normale;Buona;;1;0;0;1;12.5491;41.8638;-1;1;Autovettura privata;In marcia / fermata / arresto;Conducente;M;Illeso;0;;;
5727581;18;04/12/2021 13:50:00;Strada Urbana;VIA BALDO DEGLI UBALDI;da specificare;;;;in prox   del fronte civico 350;Tamponamento;Rettilineo;Due carreggiate;Asciutto;Asfaltata;Verticale ed orizzontale;Nuvoloso;Normale;Buona;;1;0;0;1;12.4363;41.8999;-1;1;Motociclo a solo;In marcia / fermata / arresto;Conducente;M;Rifiuta cure immediate;0;NON DECEDUTO;;
5727581;18;04/12/2021 13:50:00;Strada Urbana;VIA BALDO DEGLI UBALDI;da specificare;;;;in prox   del fronte civico 350;Tamponamento;Rettilineo;Due carreggiate;Asciutto;Asfaltata;Verticale ed orizzontale;Nuvoloso;Normale;Buona;;1;0;0;1;12.4363;41.8999;-1;2;Autovettura privata;In marcia / fermata / arresto;Conducente;F;Illeso;0;;;
5727589;10;04/12/2021 17:40:00;Strada Urbana;VIA BERNARDINO ALIMENA;in prossimit�;;del civico n.;60;;Veicolo in marcia contro veicolo in sosta;Rettilineo;Due carreggiate;Bagnato (pioggia);Asfaltata;Verticale ed orizzontale;Nuvoloso;Normale;Buona;;1;0;0;0;12.6038;41.8469;-1;1;Autovettura privata;In marcia / fermata / arresto;Conducente;F;Rimandato;0;NON DECEDUTO;Non accertato;Inesploso
5727589;10;04/12/2021 17:40:00;Strada Urbana;VIA BERNARDINO ALIMENA;in prossimit�;;del civico n.;60;;Veicolo in marcia contro veicolo in sosta;Rettilineo;Due carreggiate;Bagnato (pioggia);Asfaltata;Verticale ed orizzontale;Nuvoloso;Normale;Buona;;1;0;0;0;12.6038;41.8469;-1;2;Autovettura privata;Sosta;;;;;;;
5727597;13;04/12/2021 08:45:00;Strada Urbana;VIALE CARDINAL GINNASI;in corrispondenza;;del civico n.;72;;Veicolo in marcia contro veicolo fermo;Rettilineo;Due carreggiate;Asciutto;Asfaltata;Verticale ed orizzontale;Sereno;Normale;Buona;;0;0;0;3;12.2799;41.733;-1;1;Autovettura privata;In marcia / fermata / arresto;Conducente;M;Illeso;0;;Non accertato;Inesploso