Protocollo;Gruppo;DataOraIncidente;Localizzazione1;STRADA1;Localizzazione2;STRADA2;Strada02;Chilometrica;DaSpecificare;NaturaIncidente;particolaritastrade;TipoStrada;FondoStradale;Pavimentazione;Segnaletica;CondizioneAtmosferica;Traffico;Visibilita;Illuminazione;NUM_FERITI;NUM_RISERVATA;NUM_MORTI;NUM_ILLESI;Longitudine;Latitudine;Confermato;Progressivo;TipoVeicolo;StatoVeicolo;TipoPersona;Sesso;Tipolesione;Deceduto;DecedutoDopo;CinturaCascoUtilizzato;Airbag;
5728987;8;05/12/2021 12:00:00;Strada Urbana;VIA AMICO ASPERTINI;da specificare;;;;area di parcheggio MAURY'S;Scontro frontale/laterale SX fra veicoli in marcia;Rettilineo;Una carreggiata a senso unico di marcia;Asciutto;Asfaltata;Verticale ed orizzontale;Sereno;Scarso;Buona;;0;0;0;4;12.6299;41.8728;-1;1;Autovettura privata;In marcia / fermata / arresto;Passeggero;M;Illeso;0;;Non accertato;Inesploso
5728987;8;05/12/2021 12:00:00;Strada Urbana;VIA AMICO ASPERTINI;da specificare;;;;area di parcheggio MAURY'S;Scontro frontale/laterale SX fra veicoli in marcia;Rettilineo;Una carreggiata a senso unico di marcia;Asciutto;Asfaltata;Verticale ed orizzontale;Sereno;Scarso;Buona;;0;0;0;4;12.6299;41.8728;-1;2;Autovettura privata;In marcia / fermata / arresto;Conducente;M;Illeso;0;;Non accertato;Inesploso
5728987;8;05/12/2021 12:00:00;Strada Urbana;VIA AMICO ASPERTINI;da specificare;;;;area di parcheggio MAURY'S;Scontro frontale/laterale SX fra veicoli in marcia;Rettilineo;Una carreggiata a senso unico di marcia;Asciutto;Asfaltata;Verticale ed orizzontale;Sereno;Scarso;Buona;;0;0;0;4;12.6299;41.8728;-1;2;Autovettura privata;In marcia / fermata / arresto;Passeggero;F;Illeso;0;;Non accertato;Inesploso
5728989;8;06/12/2021 04:35:00;Strada Urbana;VIA DI ROCCA CENCIA;da specificare;;;;fronte via URZULEI;Veicolo in marcia contro ostacolo accidentale;Rettilineo;Una carreggiata a doppio senso;Asciutto;Asfaltata;Assente;Sereno;Scarso;Sufficiente;;0;0;0;1;12.6919;41.8758;-1;1;Autovettura privata;In marcia / fermata / arresto;Conducente;M;Illeso;0;;;
5729000;5;03/12/2021 17:30:00;Strada Urbana;VIA DI PORTONACCIO;all'intersezione con;VIA GIOVANNI PITTALUGA;VIA GIOVANNI PITTALUGA;;;Scontro laterale fra veicoli in marcia;Intersezione stradale segnalata;Due carreggiate;Asciutto;Asfaltata;Verticale ed orizzontale;Sereno;Intenso;Buona;;1;0;0;1;12.537;41.8998;-1;1;Autocarro superiore 35 q.;In marcia / fermata / arresto;Conducente;M;Illeso;0;;Non accertato;
5729000;5;03/12/2021 17:30:00;Strada Urbana;VIA DI PORTONACCIO;all'intersezione con;VIA GIOVANNI PITTALUGA;VIA GIOVANNI PITTALUGA;;;Scontro laterale fra veicoli in marcia;Intersezione stradale segnalata;Due carreggiate;Asciutto;Asfaltata;Verticale ed orizzontale;Sereno;Intenso;Buona;;1;0;0;1;12.537;41.8998;-1;2;Motociclo a solo;In marcia / fermata / arresto;Conducente;M;Rimandato;0;NON DECEDUTO;Non accertato;
5729009;6;04/12/2021 05:50:00;Strada Urbana;VIA DI ACQUA BULLICANTE;in prossimit�;;del civico n.;202;;Veicolo in marcia contro veicoli in sosta;Rettilineo;Una carreggiata a doppio senso;Asciutto;Asfaltata;Orizzontale;Sereno;Scarso;Buona;;0;0;0;1;12.543;41.8873;-1;1;Autovettura privata;In marcia / fermata / arresto;Conducente;M;Illeso;0;;Non accertato;Inesploso
5729009;6;04/12/2021 05:50:00;Strada Urbana;VIA DI ACQUA BULLICANTE;in prossimit�;;del civico n.;202;;Veicolo in marcia contro veicoli in sosta;Rettilineo;Una carreggiata a doppio senso;Asciutto;Asfaltata;Orizzontale;Sereno;Scarso;Buona;;0;0;0;1;12.543;41.8873;-1;2;Autovettura privata;Sosta;;;;;;;
5729009;6;04/12/2021 05:50:00;Strada Urbana;VIA DI ACQUA BULLICANTE;in prossimit�;;del civico n.;202;;Veicolo in marcia contro veicoli in sosta;Rettilineo;Una carreggiata a doppio senso;Asciutto;Asfaltata;Orizzontale;Sereno;Scarso;Buona;;0;0;0;1;12.543;41.8873;-1;3;Autovettura privata;Sosta;;;;;;;
5729009;6;04/12/2021 05:50:00;Strada Urbana;VIA DI ACQUA BULLICANTE;in prossimit�;;del civico n.;202;;Veicolo in marcia contro veicoli in sosta;Rettilineo;Una carreggiata a doppio senso;Asciutto;Asfaltata;Orizzontale;Sereno;Scarso;Buona;;0;0;0;1;12.543;41.8873;-1;4;Autovettura privata;Sosta;;;;;;;
5729032;5;03/12/2021 18:20:00;Strada Urbana;VIALE GIUSEPPE CAPPI;all'intersezione con;VIA BELMONTE IN SABINA;VIA BELMONTE IN SABINA;;;Tamponamento;Incrocio;Due carreggiate;Asciutto;Asfaltata;Verticale;Sereno;Normale;Buona;;0;0;0;2;12.5885;41.9455;-1;1;Autobus di linea;In marcia / fermata / arresto;Conducente;M;Illeso;0;;;
5729032;5;03/12/2021 18:20:00;Strada Urbana;VIALE GIUSEPPE CAPPI;all'intersezione con;VIA BELMONTE IN SABINA;VIA BELMONTE IN SABINA;;;Tamponamento;Incrocio;Due carreggiate;Asciutto;Asfaltata;Verticale;Sereno;Normale;Buona;;0;0;0;2;12.5885;41.9455;-1;2;Autovettura privata;In marcia / fermata / arresto;Conducente;M;Illeso;0;;;
5729033;6;04/12/2021 11:55:00;Strada Urbana;VIA DI PORTA FURBA;all'intersezione con;VIA DELLA BATTERIA DI PORTA FURBA;VIA DELLA BATTERIA DI PORTA FURBA;;;Scontro frontale/laterale DX fra veicoli in marcia;Incrocio;Una carreggiata a doppio senso;Asciutto;Asfaltata;Verticale ed orizzontale;Nuvoloso;Intenso;Buona;;1;0;0;2;12.5406;41.8717;-1;1;Autovettura privata;In marcia / fermata / arresto;Conducente;M;Illeso;0;;;
5729033;6;04/12/2021 11:55:00;Strada Urbana;VIA DI PORTA FURBA;all'intersezione con;VIA DELLA BATTERIA DI PORTA FURBA;VIA DELLA BATTERIA DI PORTA FURBA;;;Scontro frontale/laterale DX fra veicoli in marcia;Incrocio;Una carreggiata a doppio senso;Asciutto;Asfaltata;Verticale ed orizzontale;Nuvoloso;Intenso;Buona;;1;0;0;2;12.5406;41.8717;-1;1;Autovettura privata;In marcia / fermata / arresto;Passeggero;M;Illeso;0;;Non accertato;Inesploso
5729033;6;04/12/2021 11:55:00;Strada Urbana;VIA DI PORTA FURBA;all'intersezione con;VIA DELLA BATTERIA DI PORTA FURBA;VIA DELLA BATTERIA DI PORTA FURBA;;;Scontro frontale/laterale DX fra veicoli in marcia;Incrocio;Una carreggiata a doppio senso;Asciutto;Asfaltata;Verticale ed orizzontale;Nuvoloso;Intenso;Buona;;1;0;0;2;12.5406;41.8717;-1;2;Motociclo a solo;In marcia / fermata / arresto;Conducente;M;Rimandato;0;NON DECEDUTO;Non accertato;
5729042;6;04/12/2021 15:00:00;Strada Urbana;LARGO NICOLO' DE' LAPI;in prossimit�;;del palo luce n.;2;;Veicolo in marcia contro veicolo in sosta;Curva a visuale libera;Due carreggiate;Asciutto;Asfaltata;Orizzontale;Nuvoloso;Normale;Buona;;0;0;0;1;12.5334;41.8929;-1;1;Autogru;In marcia / fermata / arresto;Conducente;M;Illeso;0;;;
5729042;6;04/12/2021 15:00:00;Strada Urbana;LARGO NICOLO' DE' LAPI;in prossimit�;;del palo luce n.;2;;Veicolo in marcia contro veicolo in sosta;Curva a visuale libera;Due carreggiate;Asciutto;Asfaltata;Orizzontale;Nuvoloso;Normale;Buona;;0;0;0;1;12.5334;41.8929;-1;2;Autovettura privata;Sosta;;;;;;;
5729046;11;04/12/2021 20:47:00;Strada Urbana;VIA CRISTOFORO COLOMBO;da specificare;;;;altezza VIA VARALDO;Scontro frontale/laterale SX fra veicoli in marcia;Rettilineo;Pi� di due carreggiate;Bagnato (pioggia);Asfaltata;Verticale ed orizzontale;Pioggia in atto;Normale;Buona;;1;0;0;1;12.4845;41.8501;-1;1;Autovettura privata;In marcia / fermata / arresto;Conducente;F;Rimandato;0;NON DECEDUTO;Non accertato;
5729046;11;04/12/2021 20:47:00;Strada Urbana;VIA CRISTOFORO COLOMBO;da specificare;;;;altezza VIA VARALDO;Scontro frontale/laterale SX fra veicoli in marcia;Rettilineo;Pi� di due carreggiate;Bagnato (pioggia);Asfaltata;Verticale ed orizzontale;Pioggia in atto;Normale;Buona;;1;0;0;1;12.4845;41.8501;-1;2;Motociclo con passeggero;In marcia / fermata / arresto;Conducente;M;Illeso;0;;Non accertato;
5729050;5;03/12/2021 18:20:00;Strada Urbana;VIA CASAL TIDEI;all'intersezione con;VIA MONTECAROTTO;VIA MONTECAROTTO;;;Investimento di pedone;Incrocio;Due carreggiate;Asciutto;Asfaltata;Verticale ed orizzontale;Sereno;Normale;Buona;;1;0;0;2;12.5803;41.9409;-1;;;;Pedone;F;Ricoverato;0;NON DECEDUTO;;
5729050;5;03/12/2021 18:20:00;Strada Urbana;VIA CASAL TIDEI;all'intersezione con;VIA MONTECAROTTO;VIA MONTECAROTTO;;;Investimento di pedone;Incrocio;Due carreggiate;Asciutto;Asfaltata;Verticale ed orizzontale;Sereno;Normale;Buona;;1;0;0;2;12.5803;41.9409;-1;1;Autovettura privata;In marcia / fermata / arresto;Conducente;F;Illeso;0;;Non accertato;
5729050;5;03/12/2021 18:20:00;Strada Urbana;VIA CASAL TIDEI;all'intersezione con;VIA MONTECAROTTO;VIA MONTECAROTTO;;;Investimento di pedone;Incrocio;Due carreggiate;Asciutto;Asfaltata;Verticale ed orizzontale;Sereno;Normale;Buona;;1;0;0;2;12.5803;41.9409;-1;1;Autovettura privata;In marcia / fermata / arresto;Passeggero;F;Illeso;0;;Non accertato;
5729052;6;04/12/2021 20:00:00;Strada Urbana;VIA PRENESTINA;all'intersezione con;VIA FANFULLA DA LODI;VIA FANFULLA DA LODI;;;Scontro frontale/laterale SX fra veicoli in marcia;Intersezione stradale segnalata;Due carreggiate;Bagnato (pioggia);Asfaltata;Verticale ed orizzontale;Pioggia in atto;Scarso;Sufficiente;;0;0;0;2;12.53;41.8916;-1;1;Autocarro inferiore 35 q.;In marcia / fermata / arresto;Conducente;M;Illeso;0;;Non accertato;
5729052;6;04/12/2021 20:00:00;Strada Urbana;VIA PRENESTINA;all'intersezione con;VIA FANFULLA DA LODI;VIA FANFULLA DA LODI;;;Scontro frontale/laterale SX fra veicoli in marcia;Intersezione stradale segnalata;Due carreggiate;Bagnato (pioggia);Asfaltata;Verticale ed orizzontale;Pioggia in atto;Scarso;Sufficiente;;0;0;0;2;12.53;41.8916;-1;2;Autovettura privata;In marcia / fermata / arresto;Conducente;F;Illeso;0;;Non accertato;Inesploso
5729053;2;04/12/2021 03:15:00;Strada Urbana;CIRCONVALLAZIONE SALARIA;da specificare;;;;altezza Quadrifoglio.;Veicolo in marcia contro ostacolo fisso;Curva a visuale libera;Una carreggiata a doppio senso;Asciutto;Asfaltata;Verticale ed orizzontale;Sereno;Scarso;Sufficiente;;0;0;0;2;12.5089;41.9379;-1;1;Autovettura privata;In marcia / fermata / arresto;Conducente;M;Illeso;0;;Non accertato;Inesploso
5729053;2;04/12/2021 03:15:00;Strada Urbana;CIRCONVALLAZIONE SALARIA;da specificare;;;;altezza Quadrifoglio.;Veicolo in marcia contro ostacolo fisso;Curva a visuale libera;Una carreggiata a doppio senso;Asciutto;Asfaltata;Verticale ed orizzontale;Sereno;Scarso;Sufficiente;;0;0;0;2;12.5089;41.9379;-1;1;Autovettura privata;In marcia / fermata / arresto;Passeggero;F;Illeso;0;;Non accertato;Inesploso
5729055;2;05/12/2021 05:30:00;Strada Urbana;VIA CASSIA;da specificare;;;;fr via valle della Storta;Veicolo in marcia contro ostacolo fisso;Rettilineo;Una carreggiata a doppio senso;Bagnato (pioggia);Asfaltata;Verticale ed orizzontale;Pioggia in atto;Scarso;Sufficiente;;1;0;0;0;12.3786;42.01;-1;1;Autovettura privata;In marcia / fermata / arresto;Conducente;M;Rimandato;0;NON DECEDUTO;;
5729058;2;04/12/2021 20:00:00;Strada Urbana;VIA GIULIO GAUDINI;in prossimit�;;del civico n.;fc.7;;Veicolo in marcia contro veicolo in sosta;Rettilineo;Una carreggiata a doppio senso;Bagnato (pioggia);Asfaltata;Verticale ed orizzontale;Pioggia in atto;Normale;Sufficiente;;0;0;0;1;12.4772;41.9289;-1;1;Monopattino elettrico;In marcia / fermata / arresto;Conducente;M;Illeso;0;;Esente;Inesistente
5729058;2;04/12/2021 20:00:00;Strada Urbana;VIA GIULIO GAUDINI;in prossimit�;;del civico n.;fc.7;;Veicolo in marcia contro veicolo in sosta;Rettilineo;Una carreggiata a doppio senso;Bagnato (pioggia);Asfaltata;Verticale ed orizzontale;Pioggia in atto;Normale;Sufficiente;;0;0;0;1;12.4772;41.9289;-1;2;Autovettura privata;Sosta;;;;;;;
5729066;5;03/12/2021 19:30:00;Strada Urbana;VIA GAETANO GIORGIO GEMMELLARO;all'intersezione con;VIA MICHELE GORTANI;VIA MICHELE GORTANI;;;Scontro laterale fra veicoli in marcia;Incrocio;Una carreggiata a doppio senso;Asciutto;Asfaltata;Verticale ed orizzontale;Sereno;Normale;Sufficiente;;0;0;0;2;12.5494;41.9206;-1;1;Autovettura privata;In marcia / fermata / arresto;Conducente;M;Illeso;0;;Non accertato;
5729066;5;03/12/2021 19:30:00;Strada Urbana;VIA GAETANO GIORGIO GEMMELLARO;all'intersezione con;VIA MICHELE GORTANI;VIA MICHELE GORTANI;;;Scontro laterale fra veicoli in marcia;Incrocio;Una carreggiata a doppio senso;Asciutto;Asfaltata;Verticale ed orizzontale;Sereno;Normale;Sufficiente;;0;0;0;2;12.5494;41.9206;-1;2;Motociclo a solo;In marcia / fermata / arresto;Conducente;M;Illeso;0;;Non accertato;
5729067;6;03/12/2021 17:40:00;Strada Urbana;VIA DI TOR PIGNATTARA;all'intersezione con;VIA GALEAZZO ALESSI;VIA GALEAZZO ALESSI;;;Veicolo in marcia contro veicolo fermo;Incrocio;Una carreggiata a doppio senso;Asciutto;Asfaltata;Verticale ed orizzontale;Sereno;Intenso;Buona;;0;0;0;2;12.5417;41.877;-1;1;Autocarro inferiore 35 q.;In marcia / fermata / arresto;Conducente;M;Illeso;0;;Non accertato;Inesploso
5729067;6;03/12/2021 17:40:00;Strada Urbana;VIA DI TOR PIGNATTARA;all'intersezione con;VIA GALEAZZO ALESSI;VIA GALEAZZO ALESSI;;;Veicolo in marcia contro veicolo fermo;Incrocio;Una carreggiata a doppio senso;Asciutto;Asfaltata;Verticale ed orizzontale;Sereno;Intenso;Buona;;0;0;0;2;12.5417;41.877;-1;2;Motociclo a solo;In marcia / fermata / arresto;Conducente;M;Illeso;0;;Non accertato;Inesploso
5729073;2;03/12/2021 12:20:00;Strada Urbana;VIALE PARIOLI;in prossimit�;;del civico n.;44;;Veicolo in marcia contro veicolo arresto;Rettilineo;Una carreggiata a doppio senso;Asciutto;Asfaltata;Verticale ed orizzontale;Sereno;Intenso;Buona;;0;0;0;2;12.49;41.925;-1;1;Autovettura privata;In marcia / fermata / arresto;Conducente;M;Illeso;0;;Non accertato;Inesploso
5729073;2;03/12/2021 12:20:00;Strada Urbana;VIALE PARIOLI;in prossimit�;;del civico n.;44;;Veicolo in marcia contro veicolo arresto;Rettilineo;Una carreggiata a doppio senso;Asciutto;Asfaltata;Verticale ed orizzontale;Sereno;Intenso;Buona;;0;0;0;2;12.49;41.925;-1;2;Autovettura di polizia;In marcia / fermata / arresto;Conducente;M;Illeso;0;;;
5729086;15;05/12/2021 19:55:00;Strada Urbana;VIA DI VIGNA GIRELLI;in corrispondenza;;del civico n.;74;;Scontro frontale/laterale DX fra veicoli in marcia;Rettilineo;Una carreggiata a doppio senso;Asciutto;Asfaltata;Orizzontale;Sereno;Scarso;Sufficiente;;2;0;0;3;12.4265;41.842;-1;1;Autovettura privata;In marcia / fermata / arresto;Conducente;M;Illeso;0;;Non accertato;Inesploso
5729086;15;05/12/2021 19:55:00;Strada Urbana;VIA DI VIGNA GIRELLI;in corrispondenza;;del civico n.;74;;Scontro frontale/laterale DX fra veicoli in marcia;Rettilineo;Una carreggiata a doppio senso;Asciutto;Asfaltata;Orizzontale;Sereno;Scarso;Sufficiente;;2;0;0;3;12.4265;41.842;-1;1;Autovettura privata;In marcia / fermata / arresto;Passeggero;F;Illeso;0;;Non accertato;Inesploso
5729086;15;05/12/2021 19:55:00;Strada Urbana;VIA DI VIGNA GIRELLI;in corrispondenza;;del civico n.;74;;Scontro frontale/laterale DX fra veicoli in marcia;Rettilineo;Una carreggiata a doppio senso;Asciutto;Asfaltata;Orizzontale;Sereno;Scarso;Sufficiente;;2;0;0;3;12.4265;41.842;-1;1;Autovettura privata;In marcia / fermata / arresto;Passeggero;F;Illeso;0;;Non accertato;Inesploso
5729086;15;05/12/2021 19:55:00;Strada Urbana;VIA DI VIGNA GIRELLI;in corrispondenza;;del civico n.;74;;Scontro frontale/laterale DX fra veicoli in marcia;Rettilineo;Una carreggiata a doppio senso;Asciutto;Asfaltata;Orizzontale;Sereno;Scarso;Sufficiente;;2;0;0;3;12.4265;41.842;-1;2;Autovettura privata;In marcia / fermata / arresto;Conducente;M;Rimandato;0;NON DECEDUTO;;Inesploso
5729086;15;05/12/2021 19:55:00;Strada Urbana;VIA DI VIGNA GIRELLI;in corrispondenza;;del civico n.;74;;Scontro frontale/laterale DX fra veicoli in marcia;Rettilineo;Una carreggiata a doppio senso;Asciutto;Asfaltata;Orizzontale;Sereno;Scarso;Sufficiente;;2;0;0;3;12.4265;41.842;-1;2;Autovettura privata;In marcia / fermata / arresto;Passeggero;F;Rimandato;0;NON DECEDUTO;Non accertato;Inesploso
5729100;5;04/12/2021 04:10:00;Strada Urbana;VIA ALBERTO BERGAMINI;in prossimit�;;del civico n.;50;;Veicolo in marcia contro ostacolo fisso;Rettilineo;Due carreggiate;Asciutto;Asfaltata;Verticale ed orizzontale;Sereno;Scarso;Sufficiente;;0;0;0;1;12.5545;41.9059;-1;1;Autovettura privata;In marcia / fermata / arresto;Conducente;M;Illeso;0;;Non accertato;Inesploso
5729106;18;03/12/2021 15:30:00;Strada Urbana;VIA CARDINALE GARAMPI;in corrispondenza;;del civico n.;158;;Veicolo in marcia contro veicoli in sosta;Curva a visuale libera;Una carreggiata a senso unico di marcia;Asciutto;Asfaltata;Verticale;Sereno;Normale;Buona;;0;0;0;1;12.4221;41.9156;-1;1;Autovettura privata;In marcia / fermata / arresto;Conducente;F;Illeso;0;;Non accertato;Inesploso
5729106;18;03/12/2021 15:30:00;Strada Urbana;VIA CARDINALE GARAMPI;in corrispondenza;;del civico n.;158;;Veicolo in marcia contro veicoli in sosta;Curva a visuale libera;Una carreggiata a senso unico di marcia;Asciutto;Asfaltata;Verticale;Sereno;Normale;Buona;;0;0;0;1;12.4221;41.9156;-1;2;Autovettura privata;Sosta;;;;;;;
5729106;18;03/12/2021 15:30:00;Strada Urbana;VIA CARDINALE GARAMPI;in corrispondenza;;del civico n.;158;;Veicolo in marcia contro veicoli in sosta;Curva a visuale libera;Una carreggiata a senso unico di marcia;Asciutto;Asfaltata;Verticale;Sereno;Normale;Buona;;0;0;0;1;12.4221;41.9156;-1;3;Autovettura privata;Sosta;;;;;;;
5729106;18;03/12/2021 15:30:00;Strada Urbana;VIA CARDINALE GARAMPI;in corrispondenza;;del civico n.;158;;Veicolo in marcia contro veicoli in sosta;Curva a visuale libera;Una carreggiata a senso unico di marcia;Asciutto;Asfaltata;Verticale;Sereno;Normale;Buona;;0;0;0;1;12.4221;41.9156;-1;4;Autovettura privata;Sosta;;;;;;;
5729110;2;05/12/2021 04:30:00;Strada Urbana;VIA ARCHIMEDE;in prossimit�;;del civico n.;118;;Veicolo in marcia contro veicolo in sosta;Pendenza;Una carreggiata a senso unico di marcia;Asciutto;Asfaltata;Verticale ed orizzontale;Sereno;Scarso;Buona;;0;0;0;1;12.4795;41.9253;-1;1;Autovettura privata;Sosta;;;;;;;
5729110;2;05/12/2021 04:30:00;Strada Urbana;VIA ARCHIMEDE;in prossimit�;;del civico n.;118;;Veicolo in marcia contro veicolo in sosta;Pendenza;Una carreggiata a senso unico di marcia;Asciutto;Asfaltata;Verticale ed orizzontale;Sereno;Scarso;Buona;;0;0;0;1;12.4795;41.9253;-1;2;Autovettura privata;Sosta;;;;;;;
5729110;2;05/12/2021 04:30:00;Strada Urbana;VIA ARCHIMEDE;in prossimit�;;del civico n.;118;;Veicolo in marcia contro veicolo in sosta;Pendenza;Una carreggiata a senso unico di marcia;Asciutto;Asfaltata;Verticale ed orizzontale;Sereno;Scarso;Buona;;0;0;0;1;12.4795;41.9253;-1;3;Autovettura privata;In marcia / fermata / arresto;Conducente;M;Illeso;0;;;
5729116;5;04/12/2021 10:30:00;Strada Urbana;VIA LOCKE;in prossimit�;;del civico n.;13 - 15;;Scontro frontale/laterale SX fra veicoli in marcia;Rettilineo;Una carreggiata a senso unico di marcia;Asciutto;Asfaltata;Assente;Sereno;Normale;Buona;;0;0;0;3;12.5565;41.9354;-1;1;Autovettura privata;In marcia / fermata / arresto;Conducente;M;Illeso;0;;Non accertato;Inesploso
5729116;5;04/12/2021 10:30:00;Strada Urbana;VIA LOCKE;in prossimit�;;del civico n.;13 - 15;;Scontro frontale/laterale SX fra veicoli in marcia;Rettilineo;Una carreggiata a senso unico di marcia;Asciutto;Asfaltata;Assente;Sereno;Normale;Buona;;0;0;0;3;12.5565;41.9354;-1;2;Autovettura privata;In marcia / fermata / arresto;Conducente;M;Illeso;0;;Non accertato;Inesploso
5729116;5;04/12/2021 10:30:00;Strada Urbana;VIA LOCKE;in prossimit�;;del civico n.;13 - 15;;Scontro frontale/laterale SX fra veicoli in marcia;Rettilineo;Una carreggiata a senso unico di marcia;Asciutto;Asfaltata;Assente;Sereno;Normale;Buona;;0;0;0;3;12.5565;41.9354;-1;2;Autovettura privata;In marcia / fermata / arresto;Passeggero;F;Illeso;0;;Non accertato;Inesploso
5729119;6;03/12/2021 22:38:00;Strada Urbana;VIA L'AQUILA;all'intersezione con;VIA PESARO;VIA PESARO;;;Scontro frontale/laterale DX fra veicoli in marcia;Incrocio;Una carreggiata a doppio senso;Asciutto;Asfaltata;Verticale ed orizzontale;Sereno;Normale;Buona;;0;1;0;1;12.5256;41.8905;-1;1;Autovettura privata;In marcia / fermata / arresto;Conducente;F;Illeso;0;;Non accertato;Inesploso
5729119;6;03/12/2021 22:38:00;Strada Urbana;VIA L'AQUILA;all'intersezione con;VIA PESARO;VIA PESARO;;;Scontro frontale/laterale DX fra veicoli in marcia;Incrocio;Una carreggiata a doppio senso;Asciutto;Asfaltata;Verticale ed orizzontale;Sereno;Normale;Buona;;0;1;0;1;12.5256;41.8905;-1;2;Motociclo a solo;In marcia / fermata / arresto;Conducente;M;Prognosi riservata;0;NON DECEDUTO;Non accertato;
5729123;2;03/12/2021 18:20:00;Strada Urbana;VIA DEI CAMPI SPORTIVI;in corrispondenza;;del civico n.;15;;Scontro frontale fra veicoli in marcia;Curva a visuale libera;Una carreggiata a doppio senso;Asciutto;Asfaltata;Verticale ed orizzontale;Sereno;Normale;Buona;;0;0;0;3;12.487;41.9323;-1;1;Autovettura privata;In marcia / fermata / arresto;Conducente;M;Illeso;0;;;
5729123;2;03/12/2021 18:20:00;Strada Urbana;VIA DEI CAMPI SPORTIVI;in corrispondenza;;del civico n.;15;;Scontro frontale fra veicoli in marcia;Curva a visuale libera;Una carreggiata a doppio senso;Asciutto;Asfaltata;Verticale ed orizzontale;Sereno;Normale;Buona;;0;0;0;3;12.487;41.9323;-1;1;Autovettura privata;In marcia / fermata / arresto;Passeggero;F;Illeso;0;;;
5729123;2;03/12/2021 18:20:00;Strada Urbana;VIA DEI CAMPI SPORTIVI;in corrispondenza;;del civico n.;15;;Scontro frontale fra veicoli in marcia;Curva a visuale libera;Una carreggiata a doppio senso;Asciutto;Asfaltata;Verticale ed orizzontale;Sereno;Normale;Buona;;0;0;0;3;12.487;41.9323;-1;2;Autovettura privata;In marcia / fermata / arresto;Conducente;M;Illeso;0;;;
5729136;5;04/12/2021 11:20:00;Strada Urbana;VIA COMTE;da specificare;;;;area parcheggio mercato;Veicolo in marcia contro veicolo in sosta;Rettilineo;Una carreggiata a senso unico di marcia;Asciutto;Asfaltata;Verticale ed orizzontale;Nuvoloso;Normale;Buona;;0;0;0;1;12.5555;41.9344;-1;1;Autovettura privata;In marcia / fermata / arresto;Conducente;F;Illeso;0;;;
5729136;5;04/12/2021 11:20:00;Strada Urbana;VIA COMTE;da specificare;;;;area parcheggio mercato;Veicolo in marcia contro veicolo in sosta;Rettilineo;Una carreggiata a senso unico di marcia;Asciutto;Asfaltata;Verticale ed orizzontale;Nuvoloso;Normale;Buona;;0;0;0;1;12.5555;41.9344;-1;2;Autovettura privata;Sosta;;;;;;;
5729137;20;05/12/2021 13:35:00;Strada Urbana;VIALE ANTONINO DI SAN GIULIANO;all'intersezione semaforizzata con;PIAZZALE DELLA FARNESINA;PIAZZALE DELLA FARNESINA;;;Scontro laterale fra veicoli in marcia;Intersezione semaforizzata;Due carreggiate;Asciutto;Asfaltata;Verticale ed orizzontale;Sereno;Normale;Buona;;0;0;0;2;12.4609;41.9367;-1;1;Autovettura privata;In marcia / fermata / arresto;Conducente;M;Illeso;0;;;
5729137;20;05/12/2021 13:35:00;Strada Urbana;VIALE ANTONINO DI SAN GIULIANO;all'intersezione semaforizzata con;PIAZZALE DELLA FARNESINA;PIAZZALE DELLA FARNESINA;;;Scontro laterale fra veicoli in marcia;Intersezione semaforizzata;Due carreggiate;Asciutto;Asfaltata;Verticale ed orizzontale;Sereno;Normale;Buona;;0;0;0;2;12.4609;41.9367;-1;2;Motociclo a solo;In marcia / fermata / arresto;Conducente;M;Illeso;0;;;
5729141;2;03/12/2021 10:11:00;Strada Urbana;VIALE REGINA MARGHERITA;in corrispondenza;;del civico n.;145;;Infortunio per caduta del veicolo;Rettilineo;Una carreggiata a doppio senso;Asciutto;Asfaltata;Verticale ed orizzontale;Sereno;Scarso;Buona;;2;0;0;0;12.5039;41.9153;-1;1;Motociclo con passeggero;In marcia / fermata / arresto;Conducente;M;Rimandato;0;NON DECEDUTO;;
5729141;2;03/12/2021 10:11:00;Strada Urbana;VIALE REGINA MARGHERITA;in corrispondenza;;del civico n.;145;;Infortunio per caduta del veicolo;Rettilineo;Una carreggiata a doppio senso;Asciutto;Asfaltata;Verticale ed orizzontale;Sereno;Scarso;Buona;;2;0;0;0;12.5039;41.9153;-1;1;Motociclo con passeggero;In marcia / fermata / arresto;Passeggero;F;Rimandato;0;NON DECEDUTO;;
5729143;6;05/12/2021 08:00:00;Strada Urbana;VIALE DELLA STAZIONE PRENESTINA;in prossimit�;;del civico n.;30;;Veicolo in marcia contro veicoli in sosta;Rettilineo;Una carreggiata a senso unico di marcia;Bagnato (umidit� in atto);Asfaltata;Verticale ed orizzontale;Sereno;Scarso;Buona;;0;0;0;0;12.5468;41.8941;-1;2;Autovettura privata;Sosta;;;;;;;
5729143;6;05/12/2021 08:00:00;Strada Urbana;VIALE DELLA STAZIONE PRENESTINA;in prossimit�;;del civico n.;30;;Veicolo in marcia contro veicoli in sosta;Rettilineo;Una carreggiata a senso unico di marcia;Bagnato (umidit� in atto);Asfaltata;Verticale ed orizzontale;Sereno;Scarso;Buona;;0;0;0;0;12.5468;41.8941;-1;3;Autovettura privata;Sosta;;;;;;;