Protocollo;Gruppo;DataOraIncidente;Localizzazione1;STRADA1;Localizzazione2;STRADA2;Strada02;Chilometrica;DaSpecificare;NaturaIncidente;particolaritastrade;TipoStrada;FondoStradale;Pavimentazione;Segnaletica;CondizioneAtmosferica;Traffico;Visibilita;Illuminazione;NUM_FERITI;NUM_RISERVATA;NUM_MORTI;NUM_ILLESI;Longitudine;Latitudine;Confermato;Progressivo;TipoVeicolo;StatoVeicolo;TipoPersona;Sesso;Tipolesione;Deceduto;DecedutoDopo;CinturaCascoUtilizzato;Airbag;
5729583;7;06/12/2021 06:30:00;Strada Urbana;VIA DEI CASTANI;all'intersezione con;VIA DEI FAGGI;VIA DEI FAGGI;;;Scontro frontale/laterale SX fra veicoli in marcia;Incrocio;Una carreggiata a doppio senso;Asciutto;Asfaltata;Verticale ed orizzontale;Nuvoloso;Normale;Sufficiente;;1;0;0;2;12.5669;41.8841;-1;1;Autovettura privata;In marcia / fermata / arresto;Conducente;M;Illeso;0;;Non accertato;Inesploso
5729583;7;06/12/2021 06:30:00;Strada Urbana;VIA DEI CASTANI;all'intersezione con;VIA DEI FAGGI;VIA DEI FAGGI;;;Scontro frontale/laterale SX fra veicoli in marcia;Incrocio;Una carreggiata a doppio senso;Asciutto;Asfaltata;Verticale ed orizzontale;Nuvoloso;Normale;Sufficiente;;1;0;0;2;12.5669;41.8841;-1;1;Autovettura privata;In marcia / fermata / arresto;Passeggero;F;Illeso;0;;Non accertato;Inesploso
5729583;7;06/12/2021 06:30:00;Strada Urbana;VIA DEI CASTANI;all'intersezione con;VIA DEI FAGGI;VIA DEI FAGGI;;;Scontro frontale/laterale SX fra veicoli in marcia;Incrocio;Una carreggiata a doppio senso;Asciutto;Asfaltata;Verticale ed orizzontale;Nuvoloso;Normale;Sufficiente;;1;0;0;2;12.5669;41.8841;-1;2;Autovettura privata;In marcia / fermata / arresto;Conducente;F;Rimandato;0;NON DECEDUTO;Non accertato;Inesploso
5729598;3;05/12/2021 10:20:00;Strada Urbana;VIA LAZZARO SPALLANZANI;all'intersezione semaforizzata con;VIA ANTONIO MUSA;VIA ANTONIO MUSA;;;Scontro frontale/laterale DX fra veicoli in marcia;Incrocio;Una carreggiata a doppio senso;Asciutto;Asfaltata;Verticale ed orizzontale;Nuvoloso;Normale;Buona;;0;0;0;2;12.5107;41.9125;-1;1;Autovettura privata;In marcia / fermata / arresto;Conducente;F;Illeso;0;;;
5729598;3;05/12/2021 10:20:00;Strada Urbana;VIA LAZZARO SPALLANZANI;all'intersezione semaforizzata con;VIA ANTONIO MUSA;VIA ANTONIO MUSA;;;Scontro frontale/laterale DX fra veicoli in marcia;Incrocio;Una carreggiata a doppio senso;Asciutto;Asfaltata;Verticale ed orizzontale;Nuvoloso;Normale;Buona;;0;0;0;2;12.5107;41.9125;-1;2;Autovettura privata;In marcia / fermata / arresto;Conducente;M;Illeso;0;;;
5729598;3;05/12/2021 10:20:00;Strada Urbana;VIA LAZZARO SPALLANZANI;all'intersezione semaforizzata con;VIA ANTONIO MUSA;VIA ANTONIO MUSA;;;Scontro frontale/laterale DX fra veicoli in marcia;Incrocio;Una carreggiata a doppio senso;Asciutto;Asfaltata;Verticale ed orizzontale;Nuvoloso;Normale;Buona;;0;0;0;2;12.5107;41.9125;-1;3;Autovettura privata;Sosta;;;;;;;
5729598;3;05/12/2021 10:20:00;Strada Urbana;VIA LAZZARO SPALLANZANI;all'intersezione semaforizzata con;VIA ANTONIO MUSA;VIA ANTONIO MUSA;;;Scontro frontale/laterale DX fra veicoli in marcia;Incrocio;Una carreggiata a doppio senso;Asciutto;Asfaltata;Verticale ed orizzontale;Nuvoloso;Normale;Buona;;0;0;0;2;12.5107;41.9125;-1;4;Quadriciclo leggero;Sosta;;;;;;;
5729598;3;05/12/2021 10:20:00;Strada Urbana;VIA LAZZARO SPALLANZANI;all'intersezione semaforizzata con;VIA ANTONIO MUSA;VIA ANTONIO MUSA;;;Scontro frontale/laterale DX fra veicoli in marcia;Incrocio;Una carreggiata a doppio senso;Asciutto;Asfaltata;Verticale ed orizzontale;Nuvoloso;Normale;Buona;;0;0;0;2;12.5107;41.9125;-1;5;Autovettura privata;Sosta;;;;;;;
5729618;12;04/12/2021 18:00:00;Provinciale;VIA DELLA STAZIONE DI PAVONA;da specificare;;;;altezza Via Castel Baronia;Scontro frontale fra veicoli in marcia;Rettilineo;Una carreggiata a doppio senso;Bagnato (pioggia);Asfaltata;Verticale;Pioggia in atto;Normale;Buona;;3;0;0;0;12.596;41.721;-1;1;Autovettura privata;In marcia / fermata / arresto;Conducente;M;Rimandato;0;NON DECEDUTO;;
5729618;12;04/12/2021 18:00:00;Provinciale;VIA DELLA STAZIONE DI PAVONA;da specificare;;;;altezza Via Castel Baronia;Scontro frontale fra veicoli in marcia;Rettilineo;Una carreggiata a doppio senso;Bagnato (pioggia);Asfaltata;Verticale;Pioggia in atto;Normale;Buona;;3;0;0;0;12.596;41.721;-1;1;Autovettura privata;In marcia / fermata / arresto;Passeggero;F;Rimandato;0;NON DECEDUTO;;
5729618;12;04/12/2021 18:00:00;Provinciale;VIA DELLA STAZIONE DI PAVONA;da specificare;;;;altezza Via Castel Baronia;Scontro frontale fra veicoli in marcia;Rettilineo;Una carreggiata a doppio senso;Bagnato (pioggia);Asfaltata;Verticale;Pioggia in atto;Normale;Buona;;3;0;0;0;12.596;41.721;-1;2;Motociclo a solo;In marcia / fermata / arresto;Conducente;M;Rimandato;0;NON DECEDUTO;;
5729619;3;05/12/2021 14:20:00;Strada Urbana;Tangenziale Est direzione S. Giovanni;da specificare;;;;altezza Caserma amione;Tamponamento;Curva a visuale libera;Due carreggiate;Asciutto;Asfaltata;Orizzontale;Sereno;Normale;Buona;;1;0;0;4;12.528;41.9277;-1;1;Autovettura privata;In marcia / fermata / arresto;Conducente;M;Illeso;0;;;
5729619;3;05/12/2021 14:20:00;Strada Urbana;Tangenziale Est direzione S. Giovanni;da specificare;;;;altezza Caserma amione;Tamponamento;Curva a visuale libera;Due carreggiate;Asciutto;Asfaltata;Orizzontale;Sereno;Normale;Buona;;1;0;0;4;12.528;41.9277;-1;1;Autovettura privata;In marcia / fermata / arresto;Passeggero;F;Illeso;0;;;
5729619;3;05/12/2021 14:20:00;Strada Urbana;Tangenziale Est direzione S. Giovanni;da specificare;;;;altezza Caserma amione;Tamponamento;Curva a visuale libera;Due carreggiate;Asciutto;Asfaltata;Orizzontale;Sereno;Normale;Buona;;1;0;0;4;12.528;41.9277;-1;1;Autovettura privata;In marcia / fermata / arresto;Passeggero;M;Illeso;0;;;
5729619;3;05/12/2021 14:20:00;Strada Urbana;Tangenziale Est direzione S. Giovanni;da specificare;;;;altezza Caserma amione;Tamponamento;Curva a visuale libera;Due carreggiate;Asciutto;Asfaltata;Orizzontale;Sereno;Normale;Buona;;1;0;0;4;12.528;41.9277;-1;1;Autovettura privata;In marcia / fermata / arresto;Passeggero;M;Illeso;0;;;
5729619;3;05/12/2021 14:20:00;Strada Urbana;Tangenziale Est direzione S. Giovanni;da specificare;;;;altezza Caserma amione;Tamponamento;Curva a visuale libera;Due carreggiate;Asciutto;Asfaltata;Orizzontale;Sereno;Normale;Buona;;1;0;0;4;12.528;41.9277;-1;2;Motociclo a solo;In marcia / fermata / arresto;Conducente;M;Ricoverato;0;NON DECEDUTO;;
5729623;7;05/12/2021 04:30:00;Strada Urbana;VIALE PALMIRO TOGLIATTI;in corrispondenza;;del civico n.;871;;Scontro laterale fra veicoli in marcia;Rettilineo;Due carreggiate;Bagnato (pioggia);Asfaltata;Verticale ed orizzontale;Nuvoloso;Scarso;Buona;;0;0;0;2;12.5732;41.8887;-1;1;Autovettura privata;In marcia / fermata / arresto;;;;;;;
5729623;7;05/12/2021 04:30:00;Strada Urbana;VIALE PALMIRO TOGLIATTI;in corrispondenza;;del civico n.;871;;Scontro laterale fra veicoli in marcia;Rettilineo;Due carreggiate;Bagnato (pioggia);Asfaltata;Verticale ed orizzontale;Nuvoloso;Scarso;Buona;;0;0;0;2;12.5732;41.8887;-1;2;Autovettura privata;In marcia / fermata / arresto;Conducente;M;Illeso;0;;Non accertato;Inesploso
5729623;7;05/12/2021 04:30:00;Strada Urbana;VIALE PALMIRO TOGLIATTI;in corrispondenza;;del civico n.;871;;Scontro laterale fra veicoli in marcia;Rettilineo;Due carreggiate;Bagnato (pioggia);Asfaltata;Verticale ed orizzontale;Nuvoloso;Scarso;Buona;;0;0;0;2;12.5732;41.8887;-1;2;Autovettura privata;In marcia / fermata / arresto;Passeggero;M;Illeso;0;;Non accertato;Inesploso
5729623;7;05/12/2021 04:30:00;Strada Urbana;VIALE PALMIRO TOGLIATTI;in corrispondenza;;del civico n.;871;;Scontro laterale fra veicoli in marcia;Rettilineo;Due carreggiate;Bagnato (pioggia);Asfaltata;Verticale ed orizzontale;Nuvoloso;Scarso;Buona;;0;0;0;2;12.5732;41.8887;-1;3;Autovettura privata;Sosta;;;;;;;
5729623;7;05/12/2021 04:30:00;Strada Urbana;VIALE PALMIRO TOGLIATTI;in corrispondenza;;del civico n.;871;;Scontro laterale fra veicoli in marcia;Rettilineo;Due carreggiate;Bagnato (pioggia);Asfaltata;Verticale ed orizzontale;Nuvoloso;Scarso;Buona;;0;0;0;2;12.5732;41.8887;-1;4;Motociclo a solo;Sosta;;;;;;;
5729623;7;05/12/2021 04:30:00;Strada Urbana;VIALE PALMIRO TOGLIATTI;in corrispondenza;;del civico n.;871;;Scontro laterale fra veicoli in marcia;Rettilineo;Due carreggiate;Bagnato (pioggia);Asfaltata;Verticale ed orizzontale;Nuvoloso;Scarso;Buona;;0;0;0;2;12.5732;41.8887;-1;5;Autovettura privata;Sosta;;;;;;;
5729623;7;05/12/2021 04:30:00;Strada Urbana;VIALE PALMIRO TOGLIATTI;in corrispondenza;;del civico n.;871;;Scontro laterale fra veicoli in marcia;Rettilineo;Due carreggiate;Bagnato (pioggia);Asfaltata;Verticale ed orizzontale;Nuvoloso;Scarso;Buona;;0;0;0;2;12.5732;41.8887;-1;6;Autovettura privata;Sosta;;;;;;;
5729625;16;03/12/2021 08:15:00;Strada Urbana;VIALE DEI QUATTRO VENTI;in prossimit�;;del civico n.;186;;Scontro laterale fra veicoli in marcia;Rettilineo;Una carreggiata a doppio senso;Bagnato (umidit� in atto);Asfaltata;Verticale ed orizzontale;Sereno;Normale;Buona;;0;0;0;3;12.4579;41.8766;-1;1;Autovettura privata;In marcia / fermata / arresto;Conducente;F;Illeso;0;;;
5729625;16;03/12/2021 08:15:00;Strada Urbana;VIALE DEI QUATTRO VENTI;in prossimit�;;del civico n.;186;;Scontro laterale fra veicoli in marcia;Rettilineo;Una carreggiata a doppio senso;Bagnato (umidit� in atto);Asfaltata;Verticale ed orizzontale;Sereno;Normale;Buona;;0;0;0;3;12.4579;41.8766;-1;1;Autovettura privata;In marcia / fermata / arresto;Passeggero;F;Illeso;0;;;
5729625;16;03/12/2021 08:15:00;Strada Urbana;VIALE DEI QUATTRO VENTI;in prossimit�;;del civico n.;186;;Scontro laterale fra veicoli in marcia;Rettilineo;Una carreggiata a doppio senso;Bagnato (umidit� in atto);Asfaltata;Verticale ed orizzontale;Sereno;Normale;Buona;;0;0;0;3;12.4579;41.8766;-1;2;Autovettura pubblica;In marcia / fermata / arresto;Conducente;M;Illeso;0;;;
5729626;13;05/12/2021 03:25:00;Strada Urbana;VIA DEL MARE;all'intersezione con;VIA DELLE CANARIE;VIA DELLE CANARIE;;;Scontro frontale/laterale SX fra veicoli in marcia;Incrocio;Una carreggiata a doppio senso;Asciutto;Asfaltata;Verticale ed orizzontale;Sereno;Scarso;Buona;;2;0;0;2;12.4632;41.8403;-1;1;Autovettura privata;In marcia / fermata / arresto;Conducente;M;Rimandato;0;NON DECEDUTO;Non accertato;Inesploso
5729626;13;05/12/2021 03:25:00;Strada Urbana;VIA DEL MARE;all'intersezione con;VIA DELLE CANARIE;VIA DELLE CANARIE;;;Scontro frontale/laterale SX fra veicoli in marcia;Incrocio;Una carreggiata a doppio senso;Asciutto;Asfaltata;Verticale ed orizzontale;Sereno;Scarso;Buona;;2;0;0;2;12.4632;41.8403;-1;1;Autovettura privata;In marcia / fermata / arresto;Passeggero;M;Illeso;0;;Non accertato;Inesploso
5729626;13;05/12/2021 03:25:00;Strada Urbana;VIA DEL MARE;all'intersezione con;VIA DELLE CANARIE;VIA DELLE CANARIE;;;Scontro frontale/laterale SX fra veicoli in marcia;Incrocio;Una carreggiata a doppio senso;Asciutto;Asfaltata;Verticale ed orizzontale;Sereno;Scarso;Buona;;2;0;0;2;12.4632;41.8403;-1;1;Autovettura privata;In marcia / fermata / arresto;Passeggero;M;Illeso;0;;Non accertato;Inesploso
5729626;13;05/12/2021 03:25:00;Strada Urbana;VIA DEL MARE;all'intersezione con;VIA DELLE CANARIE;VIA DELLE CANARIE;;;Scontro frontale/laterale SX fra veicoli in marcia;Incrocio;Una carreggiata a doppio senso;Asciutto;Asfaltata;Verticale ed orizzontale;Sereno;Scarso;Buona;;2;0;0;2;12.4632;41.8403;-1;2;Autovettura privata;In marcia / fermata / arresto;Conducente;F;Rimandato;0;NON DECEDUTO;Non accertato;Inesploso
5729627;3;05/12/2021 02:15:00;Strada Urbana;VIA DELLE VIGNE NUOVE;all'intersezione con;VIALE FRANCESCO PASINETTI;VIALE FRANCESCO PASINETTI;;;Scontro laterale fra veicoli in marcia;Rotatoria;Una carreggiata a senso unico di marcia;Bagnato (pioggia);Asfaltata;Verticale ed orizzontale;Nuvoloso;Scarso;Sufficiente;;0;0;0;4;12.5358;41.9554;-1;1;Autovettura privata;In marcia / fermata / arresto;Conducente;F;Illeso;0;;Non accertato;Inesploso
5729627;3;05/12/2021 02:15:00;Strada Urbana;VIA DELLE VIGNE NUOVE;all'intersezione con;VIALE FRANCESCO PASINETTI;VIALE FRANCESCO PASINETTI;;;Scontro laterale fra veicoli in marcia;Rotatoria;Una carreggiata a senso unico di marcia;Bagnato (pioggia);Asfaltata;Verticale ed orizzontale;Nuvoloso;Scarso;Sufficiente;;0;0;0;4;12.5358;41.9554;-1;2;Autovettura privata;In marcia / fermata / arresto;Conducente;M;Illeso;0;;Non accertato;Inesploso
5729627;3;05/12/2021 02:15:00;Strada Urbana;VIA DELLE VIGNE NUOVE;all'intersezione con;VIALE FRANCESCO PASINETTI;VIALE FRANCESCO PASINETTI;;;Scontro laterale fra veicoli in marcia;Rotatoria;Una carreggiata a senso unico di marcia;Bagnato (pioggia);Asfaltata;Verticale ed orizzontale;Nuvoloso;Scarso;Sufficiente;;0;0;0;4;12.5358;41.9554;-1;2;Autovettura privata;In marcia / fermata / arresto;Passeggero;M;Illeso;0;;Non accertato;Inesploso
5729627;3;05/12/2021 02:15:00;Strada Urbana;VIA DELLE VIGNE NUOVE;all'intersezione con;VIALE FRANCESCO PASINETTI;VIALE FRANCESCO PASINETTI;;;Scontro laterale fra veicoli in marcia;Rotatoria;Una carreggiata a senso unico di marcia;Bagnato (pioggia);Asfaltata;Verticale ed orizzontale;Nuvoloso;Scarso;Sufficiente;;0;0;0;4;12.5358;41.9554;-1;2;Autovettura privata;In marcia / fermata / arresto;Passeggero;M;Illeso;0;;Non accertato;Inesploso
5729652;3;05/12/2021 03:40:00;Strada Urbana;VIA CERNAIA;in prossimit�;;del civico n.;.;;Veicolo in marcia contro veicolo in sosta;Rettilineo;Una carreggiata a senso unico di marcia;Bagnato (pioggia);Asfaltata;Verticale;Pioggia in atto;Scarso;Buona;;0;0;0;1;12.4986;41.9054;-1;1;Autovettura privata;In marcia / fermata / arresto;Conducente;F;Illeso;0;;;
5729652;3;05/12/2021 03:40:00;Strada Urbana;VIA CERNAIA;in prossimit�;;del civico n.;.;;Veicolo in marcia contro veicolo in sosta;Rettilineo;Una carreggiata a senso unico di marcia;Bagnato (pioggia);Asfaltata;Verticale;Pioggia in atto;Scarso;Buona;;0;0;0;1;12.4986;41.9054;-1;2;Autovettura privata;Sosta;;;;;;;
5729663;16;03/12/2021 08:50:00;Strada Urbana;VICOLO DEL CASALE LUMBROSO;in prossimit�;;del civico n.;14;;Veicolo in marcia contro ostacolo accidentale;Curva senza visuale libera;Una carreggiata a doppio senso;Bagnato (umidit� in atto);Con buche;Assente;Nuvoloso;Scarso;Buona;;0;0;0;1;12.3656;41.8693;-1;1;Autovettura privata;In marcia / fermata / arresto;Conducente;M;Illeso;0;;Non accertato;
5729666;6;06/12/2021 11:15:00;Strada Urbana;VIALE PARTENOPE;da specificare;;;;Direzione Prenestina fronte 16;Scontro laterale fra veicoli in marcia;Rettilineo;Due carreggiate;Asciutto;Asfaltata;Orizzontale;Sereno;Scarso;Buona;;0;0;0;2;12.5514;41.8897;-1;1;Autovettura privata;In marcia / fermata / arresto;Conducente;F;Illeso;0;;Non accertato;Inesploso
5729666;6;06/12/2021 11:15:00;Strada Urbana;VIALE PARTENOPE;da specificare;;;;Direzione Prenestina fronte 16;Scontro laterale fra veicoli in marcia;Rettilineo;Due carreggiate;Asciutto;Asfaltata;Orizzontale;Sereno;Scarso;Buona;;0;0;0;2;12.5514;41.8897;-1;2;Autocarro inferiore 35 q.;In marcia / fermata / arresto;Conducente;M;Illeso;0;;;
5729671;16;03/12/2021 12:45:00;Strada Urbana;VIALE DEI COLLI PORTUENSI;in prossimit�;;del civico n.;547;;Scontro laterale fra veicoli in marcia;Rettilineo;Due carreggiate;Asciutto;Asfaltata;Verticale ed orizzontale;Sereno;Normale;Buona;;0;0;0;2;12.4434;41.8591;-1;1;Autovettura privata;In marcia / fermata / arresto;Conducente;F;Illeso;0;;Non accertato;Inesploso
5729671;16;03/12/2021 12:45:00;Strada Urbana;VIALE DEI COLLI PORTUENSI;in prossimit�;;del civico n.;547;;Scontro laterale fra veicoli in marcia;Rettilineo;Due carreggiate;Asciutto;Asfaltata;Verticale ed orizzontale;Sereno;Normale;Buona;;0;0;0;2;12.4434;41.8591;-1;2;Autocarro superiore 35 q.;In marcia / fermata / arresto;Conducente;M;Illeso;0;;Non accertato;Inesploso
5729685;12;05/12/2021 13:20:00;Strada Urbana;VIALE OCEANO ATLANTICO ;da specificare;;;;intersezione Viale dell'Umanesimo dir. Laurentina;Scontro frontale/laterale SX fra veicoli in marcia;Rettilineo;Una carreggiata a doppio senso;Asciutto;Asfaltata;Verticale ed orizzontale;Sereno;Normale;Buona;;1;0;0;2;12.479;41.8207;-1;1;Autovettura privata;In marcia / fermata / arresto;Conducente;M;Illeso;0;;Non accertato;
5729685;12;05/12/2021 13:20:00;Strada Urbana;VIALE OCEANO ATLANTICO ;da specificare;;;;intersezione Viale dell'Umanesimo dir. Laurentina;Scontro frontale/laterale SX fra veicoli in marcia;Rettilineo;Una carreggiata a doppio senso;Asciutto;Asfaltata;Verticale ed orizzontale;Sereno;Normale;Buona;;1;0;0;2;12.479;41.8207;-1;1;Autovettura privata;In marcia / fermata / arresto;Passeggero;M;Illeso;0;;;
5729685;12;05/12/2021 13:20:00;Strada Urbana;VIALE OCEANO ATLANTICO ;da specificare;;;;intersezione Viale dell'Umanesimo dir. Laurentina;Scontro frontale/laterale SX fra veicoli in marcia;Rettilineo;Una carreggiata a doppio senso;Asciutto;Asfaltata;Verticale ed orizzontale;Sereno;Normale;Buona;;1;0;0;2;12.479;41.8207;-1;2;Motociclo a solo;In marcia / fermata / arresto;Conducente;M;Rimandato;0;NON DECEDUTO;;
5729687;16;05/12/2021 09:30:00;;VIA PORTUENSE;da specificare;;;;FRONTE CIVICO 100;Veicolo in marcia contro veicolo in sosta;;;;;;;;;;0;0;0;2;;;0;1;Autocarro inferiore 35 q.;In marcia / fermata / arresto;Conducente;M;Illeso;0;;;
5729687;16;05/12/2021 09:30:00;;VIA PORTUENSE;da specificare;;;;FRONTE CIVICO 100;Veicolo in marcia contro veicolo in sosta;;;;;;;;;;0;0;0;2;;;0;2;Autocarro inferiore 35 q.;In marcia / fermata / arresto;Conducente;M;Illeso;0;;;
5729688;9;06/12/2021 09:00:00;Strada Urbana;VIA TUSCOLANA;da specificare;;;;fronte civico 510;Veicolo in marcia contro ostacolo fisso;Rettilineo;Due carreggiate;Asciutto;Asfaltata;Verticale ed orizzontale;Nuvoloso;Intenso;Buona;;0;0;1;1;12.5348;41.8714;-1;1;Autovettura pubblica;In marcia / fermata / arresto;Conducente;M;Illeso;0;;;
5729688;9;06/12/2021 09:00:00;Strada Urbana;VIA TUSCOLANA;da specificare;;;;fronte civico 510;Veicolo in marcia contro ostacolo fisso;Rettilineo;Due carreggiate;Asciutto;Asfaltata;Verticale ed orizzontale;Nuvoloso;Intenso;Buona;;0;0;1;1;12.5348;41.8714;-1;2;Motociclo a solo;In marcia / fermata / arresto;Conducente;M;Deceduto durante prime cure;-1;;;
5729702;18;03/12/2021 13:35:00;Strada Urbana;VIA AURELIA;in corrispondenza;;del civico n.;437;;Investimento di pedone;Rettilineo;Una carreggiata a doppio senso;Asciutto;Asfaltata;Verticale ed orizzontale;Sereno;Normale;Buona;;1;0;0;1;12.4303;41.8981;-1;;;;Pedone;M;Rimandato;0;NON DECEDUTO;;
5729702;18;03/12/2021 13:35:00;Strada Urbana;VIA AURELIA;in corrispondenza;;del civico n.;437;;Investimento di pedone;Rettilineo;Una carreggiata a doppio senso;Asciutto;Asfaltata;Verticale ed orizzontale;Sereno;Normale;Buona;;1;0;0;1;12.4303;41.8981;-1;1;Autovettura pubblica;In marcia / fermata / arresto;Conducente;F;Illeso;0;;Non accertato;Inesploso
5729703;13;05/12/2021 10:00:00;Strada Urbana;VIA DELLE AZZORRE;in corrispondenza;;del civico n.;289;;Veicolo in marcia contro veicolo fermo;Rettilineo;Una carreggiata a senso unico di marcia;Asciutto;Asfaltata;Assente;Nuvoloso;Normale;Buona;;0;0;0;4;12.2701;41.7407;-1;1;Autovettura privata;In marcia / fermata / arresto;Conducente;M;Illeso;0;;;
5729703;13;05/12/2021 10:00:00;Strada Urbana;VIA DELLE AZZORRE;in corrispondenza;;del civico n.;289;;Veicolo in marcia contro veicolo fermo;Rettilineo;Una carreggiata a senso unico di marcia;Asciutto;Asfaltata;Assente;Nuvoloso;Normale;Buona;;0;0;0;4;12.2701;41.7407;-1;2;Autovettura privata;In marcia / fermata / arresto;Conducente;F;Illeso;0;;;
5729703;13;05/12/2021 10:00:00;Strada Urbana;VIA DELLE AZZORRE;in corrispondenza;;del civico n.;289;;Veicolo in marcia contro veicolo fermo;Rettilineo;Una carreggiata a senso unico di marcia;Asciutto;Asfaltata;Assente;Nuvoloso;Normale;Buona;;0;0;0;4;12.2701;41.7407;-1;2;Autovettura privata;In marcia / fermata / arresto;Passeggero;F;Illeso;0;;Non accertato;
5729703;13;05/12/2021 10:00:00;Strada Urbana;VIA DELLE AZZORRE;in corrispondenza;;del civico n.;289;;Veicolo in marcia contro veicolo fermo;Rettilineo;Una carreggiata a senso unico di marcia;Asciutto;Asfaltata;Assente;Nuvoloso;Normale;Buona;;0;0;0;4;12.2701;41.7407;-1;2;Autovettura privata;In marcia / fermata / arresto;Passeggero;F;Illeso;0;;Non accertato;
5729704;16;03/12/2021 20:20:00;Strada Urbana;VIA DI BRAVETTA;in corrispondenza;;del civico n.;286;;Scontro frontale/laterale SX fra veicoli in marcia;Rettilineo;Una carreggiata a doppio senso;Asciutto;Asfaltata;Verticale ed orizzontale;Sereno;Normale;Sufficiente;;0;0;0;2;12.4264;41.8803;-1;1;Autovettura privata;In marcia / fermata / arresto;Conducente;M;Illeso;0;;Non accertato;Inesploso
5729704;16;03/12/2021 20:20:00;Strada Urbana;VIA DI BRAVETTA;in corrispondenza;;del civico n.;286;;Scontro frontale/laterale SX fra veicoli in marcia;Rettilineo;Una carreggiata a doppio senso;Asciutto;Asfaltata;Verticale ed orizzontale;Sereno;Normale;Sufficiente;;0;0;0;2;12.4264;41.8803;-1;2;Motociclo a solo;In marcia / fermata / arresto;Conducente;M;Illeso;0;;Non accertato;
5729705;17;04/12/2021 00:05:00;Strada Urbana;LUNGOTEVERE DEI FIORENTINI;in prossimit�;;del civico n.;2;;Scontro laterale fra veicoli in marcia;Rettilineo;Una carreggiata a senso unico di marcia;Asciutto;Asfaltata;Verticale ed orizzontale;Sereno;Intenso;Buona;;0;0;0;4;12.4645;41.9001;0;1;Autovettura privata;In marcia / fermata / arresto;Conducente;F;Illeso;0;;Non accertato;Inesploso
5729705;17;04/12/2021 00:05:00;Strada Urbana;LUNGOTEVERE DEI FIORENTINI;in prossimit�;;del civico n.;2;;Scontro laterale fra veicoli in marcia;Rettilineo;Una carreggiata a senso unico di marcia;Asciutto;Asfaltata;Verticale ed orizzontale;Sereno;Intenso;Buona;;0;0;0;4;12.4645;41.9001;0;1;Autovettura privata;In marcia / fermata / arresto;Passeggero;M;Illeso;0;;Non accertato;Inesploso
5729705;17;04/12/2021 00:05:00;Strada Urbana;LUNGOTEVERE DEI FIORENTINI;in prossimit�;;del civico n.;2;;Scontro laterale fra veicoli in marcia;Rettilineo;Una carreggiata a senso unico di marcia;Asciutto;Asfaltata;Verticale ed orizzontale;Sereno;Intenso;Buona;;0;0;0;4;12.4645;41.9001;0;2;Autovettura privata;In marcia / fermata / arresto;Conducente;M;Illeso;0;;Non accertato;Inesploso
5729705;17;04/12/2021 00:05:00;Strada Urbana;LUNGOTEVERE DEI FIORENTINI;in prossimit�;;del civico n.;2;;Scontro laterale fra veicoli in marcia;Rettilineo;Una carreggiata a senso unico di marcia;Asciutto;Asfaltata;Verticale ed orizzontale;Sereno;Intenso;Buona;;0;0;0;4;12.4645;41.9001;0;2;Autovettura privata;In marcia / fermata / arresto;Passeggero;F;Illeso;0;;Non accertato;Inesploso
5729706;16;05/12/2021 21:30:00;Strada Urbana;VIA PORTUENSE;in prossimit�;;del civico n.;97;;Veicolo in marcia contro ostacolo accidentale;Rettilineo;Una carreggiata a doppio senso;Bagnato (umidit� in atto);Asfaltata;Verticale ed orizzontale;Nuvoloso;Scarso;Sufficiente;;1;0;0;0;12.4685;41.8774;-1;1;Motociclo con passeggero;In marcia / fermata / arresto;Conducente;M;Ricoverato;0;NON DECEDUTO;Non accertato;
5729713;1;06/12/2021 08:30:00;Strada Urbana;VIA GIOVANNI GIOLITTI;all'intersezione con;VIALE MANZONI;VIALE MANZONI;;;Tamponamento;Intersezione stradale segnalata;Una carreggiata a senso unico di marcia;Asciutto;Asfaltata;Verticale ed orizzontale;Nuvoloso;Normale;Buona;;1;0;0;2;12.511;41.8943;-1;1;Autovettura privata;In marcia / fermata / arresto;Conducente;F;Illeso;0;;;
5729713;1;06/12/2021 08:30:00;Strada Urbana;VIA GIOVANNI GIOLITTI;all'intersezione con;VIALE MANZONI;VIALE MANZONI;;;Tamponamento;Intersezione stradale segnalata;Una carreggiata a senso unico di marcia;Asciutto;Asfaltata;Verticale ed orizzontale;Nuvoloso;Normale;Buona;;1;0;0;2;12.511;41.8943;-1;1;Autovettura privata;In marcia / fermata / arresto;Passeggero;F;Illeso;0;;;
5729713;1;06/12/2021 08:30:00;Strada Urbana;VIA GIOVANNI GIOLITTI;all'intersezione con;VIALE MANZONI;VIALE MANZONI;;;Tamponamento;Intersezione stradale segnalata;Una carreggiata a senso unico di marcia;Asciutto;Asfaltata;Verticale ed orizzontale;Nuvoloso;Normale;Buona;;1;0;0;2;12.511;41.8943;-1;2;Ciclomotore;In marcia / fermata / arresto;Conducente;M;Rimandato;0;NON DECEDUTO;;
5729715;16;06/12/2021 10:20:00;;VIA FONTEIANA;in prossimit�;;del civico n.;78;;Veicolo in marcia contro veicolo in sosta;;;;;;;;;;0;0;0;2;;;0;1;Autocarro inferiore 35 q.;In marcia / fermata / arresto;Conducente;M;Illeso;0;;;