Protocollo;Gruppo;DataOraIncidente;Localizzazione1;STRADA1;Localizzazione2;STRADA2;Strada02;Chilometrica;DaSpecificare;NaturaIncidente;particolaritastrade;TipoStrada;FondoStradale;Pavimentazione;Segnaletica;CondizioneAtmosferica;Traffico;Visibilita;Illuminazione;NUM_FERITI;NUM_RISERVATA;NUM_MORTI;NUM_ILLESI;Longitudine;Latitudine;Confermato;Progressivo;TipoVeicolo;StatoVeicolo;TipoPersona;Sesso;Tipolesione;Deceduto;DecedutoDopo;CinturaCascoUtilizzato;Airbag;
5729715;16;06/12/2021 10:20:00;;VIA FONTEIANA;in prossimit�;;del civico n.;78;;Veicolo in marcia contro veicolo in sosta;;;;;;;;;;0;0;0;2;;;0;2;Autocarro inferiore 35 q.;In marcia / fermata / arresto;Conducente;F;Illeso;0;;;
5729717;15;06/12/2021 09:45:00;Strada Urbana;VIA LANFRANCO MAROI;in prossimit�;;del civico n.;70;;Veicolo in marcia contro ostacolo accidentale;Rettilineo;Una carreggiata a doppio senso;Asciutto;Asfaltata;Assente;Nuvoloso;Scarso;Buona;;1;0;0;0;12.4168;41.8431;-1;1;Motociclo a solo;In marcia / fermata / arresto;Conducente;M;Rimandato;0;NON DECEDUTO;Non accertato;
5729719;16;04/12/2021 03:00:00;Strada Urbana;VIA DEL FONTANILE ARENATO;in prossimit�;;del civico n.;220;;Veicolo in marcia contro veicolo in sosta;Rettilineo;Una carreggiata a doppio senso;Asciutto;Asfaltata;Verticale ed orizzontale;Sereno;Scarso;Buona;;0;0;0;2;12.415;41.8827;-1;1;Autovettura privata;In marcia / fermata / arresto;Conducente;F;Illeso;0;;Non accertato;Esploso
5729719;16;04/12/2021 03:00:00;Strada Urbana;VIA DEL FONTANILE ARENATO;in prossimit�;;del civico n.;220;;Veicolo in marcia contro veicolo in sosta;Rettilineo;Una carreggiata a doppio senso;Asciutto;Asfaltata;Verticale ed orizzontale;Sereno;Scarso;Buona;;0;0;0;2;12.415;41.8827;-1;1;Autovettura privata;In marcia / fermata / arresto;Passeggero;F;Illeso;0;;Non accertato;Esploso
5729719;16;04/12/2021 03:00:00;Strada Urbana;VIA DEL FONTANILE ARENATO;in prossimit�;;del civico n.;220;;Veicolo in marcia contro veicolo in sosta;Rettilineo;Una carreggiata a doppio senso;Asciutto;Asfaltata;Verticale ed orizzontale;Sereno;Scarso;Buona;;0;0;0;2;12.415;41.8827;-1;2;Autovettura privata;Sosta;;;;;;;
5729721;15;06/12/2021 09:50:00;Strada Urbana;VIA FEDERICO ENRIQUES;all'intersezione con;VIA FEDERICO GUARDUCCI;VIA FEDERICO GUARDUCCI;;;Veicolo in marcia contro veicolo arresto;Incrocio;Una carreggiata a senso unico di marcia;Asciutto;Asfaltata;Assente;Nuvoloso;Scarso;Sufficiente;;0;0;0;2;12.4688;41.8629;-1;1;Motociclo a solo;In marcia / fermata / arresto;Conducente;M;Illeso;0;;Non accertato;
5729721;15;06/12/2021 09:50:00;Strada Urbana;VIA FEDERICO ENRIQUES;all'intersezione con;VIA FEDERICO GUARDUCCI;VIA FEDERICO GUARDUCCI;;;Veicolo in marcia contro veicolo arresto;Incrocio;Una carreggiata a senso unico di marcia;Asciutto;Asfaltata;Assente;Nuvoloso;Scarso;Sufficiente;;0;0;0;2;12.4688;41.8629;-1;2;Autovettura privata;In marcia / fermata / arresto;Conducente;F;Illeso;0;;Non accertato;Inesploso
5729725;16;01/12/2021 02:15:00;Strada Urbana;VIA DEL CASALETTO;in prossimit�;;del palo luce n.;54;;Veicolo in marcia contro ostacolo fisso;Rettilineo;Una carreggiata a doppio senso;Asciutto;Asfaltata;Verticale ed orizzontale;Sereno;Scarso;Buona;;1;0;0;0;12.438;41.8666;-1;1;Autovettura privata;In marcia / fermata / arresto;Conducente;F;Rimandato;0;NON DECEDUTO;Non accertato;
5729745;13;05/12/2021 11:00:00;Strada Urbana;CORSO DUCA DI GENOVA;in corrispondenza;;del civico n.;211;;Veicolo in marcia contro veicolo in sosta;Rettilineo;Una carreggiata a doppio senso;Asciutto;Asfaltata;Verticale ed orizzontale;Sereno;Normale;Buona;;0;0;0;1;12.2678;41.7351;-1;1;Autovettura privata;Sosta;;;;;;;
5729745;13;05/12/2021 11:00:00;Strada Urbana;CORSO DUCA DI GENOVA;in corrispondenza;;del civico n.;211;;Veicolo in marcia contro veicolo in sosta;Rettilineo;Una carreggiata a doppio senso;Asciutto;Asfaltata;Verticale ed orizzontale;Sereno;Normale;Buona;;0;0;0;1;12.2678;41.7351;-1;2;Autovettura privata;In marcia / fermata / arresto;Conducente;F;Illeso;0;;;
5729746;15;06/12/2021 08:10:00;Strada Urbana;VIA PORTUENSE;da specificare;;;;PROSSIMITA' FRONTE CIVICO 1274;Veicolo in marcia che urta buche nella carreggiata;Rettilineo;Una carreggiata a doppio senso;Bagnato (pioggia);Asfaltata;Orizzontale;Nuvoloso;Normale;Buona;;0;0;0;1;12.414;41.8469;-1;1;Autovettura privata;In marcia / fermata / arresto;Conducente;F;Illeso;0;;Non accertato;Inesploso
5729776;17;05/12/2021 14:00:00;Strada Urbana;VIALE DELLE MILIZIE;all'intersezione semaforizzata con;VIA CARLO ALBERTO DALLA CHIESA;VIA CARLO ALBERTO DALLA CHIESA;;;Scontro frontale/laterale DX fra veicoli in marcia;Incrocio;Pi� di due carreggiate;Asciutto;Asfaltata;Verticale ed orizzontale;Sereno;Scarso;Buona;;0;0;0;2;12.4619;41.9122;-1;1;Autovettura privata;In marcia / fermata / arresto;Conducente;F;Illeso;0;;;
5729776;17;05/12/2021 14:00:00;Strada Urbana;VIALE DELLE MILIZIE;all'intersezione semaforizzata con;VIA CARLO ALBERTO DALLA CHIESA;VIA CARLO ALBERTO DALLA CHIESA;;;Scontro frontale/laterale DX fra veicoli in marcia;Incrocio;Pi� di due carreggiate;Asciutto;Asfaltata;Verticale ed orizzontale;Sereno;Scarso;Buona;;0;0;0;2;12.4619;41.9122;-1;2;Autovettura privata;In marcia / fermata / arresto;Conducente;M;Illeso;0;;;
5729777;17;06/12/2021 10:30:00;Strada Urbana;VIA DELLA GIULIANA;all'intersezione con;VIA RICCARDO GRAZIOLI LANTE;VIA RICCARDO GRAZIOLI LANTE;;;Infortunio per sola frenata improvvisa;Intersezione stradale segnalata;Una carreggiata a doppio senso;Asciutto;Asfaltata;Verticale ed orizzontale;Nuvoloso;Normale;Buona;;1;0;0;0;12.4543;41.9129;-1;1;Motociclo a solo;In marcia / fermata / arresto;Conducente;M;Rifiuta cure immediate;0;NON DECEDUTO;;
5729784;17;05/12/2021 16:30:00;Strada Urbana;VIA DELLA GIULIANA;all'intersezione con;VIA CUNFIDA;VIA CUNFIDA;;;Scontro frontale/laterale SX fra veicoli in marcia;Incrocio;Una carreggiata a doppio senso;Asciutto;Asfaltata;Verticale ed orizzontale;Sereno;Normale;Buona;;1;0;0;1;12.4542;41.9133;-1;1;Autovettura privata;In marcia / fermata / arresto;Conducente;M;Illeso;0;;;
5729784;17;05/12/2021 16:30:00;Strada Urbana;VIA DELLA GIULIANA;all'intersezione con;VIA CUNFIDA;VIA CUNFIDA;;;Scontro frontale/laterale SX fra veicoli in marcia;Incrocio;Una carreggiata a doppio senso;Asciutto;Asfaltata;Verticale ed orizzontale;Sereno;Normale;Buona;;1;0;0;1;12.4542;41.9133;-1;2;Motociclo a solo;In marcia / fermata / arresto;Conducente;M;Rimandato;0;NON DECEDUTO;;
5729789;1;06/12/2021 11:40:00;Strada Urbana;VIALE GIOTTO;all'intersezione con;PIAZZA DI PORTA S. PAOLO;PIAZZA DI PORTA S. PAOLO;;;Scontro laterale fra veicoli in marcia;Intersezione semaforizzata;Una carreggiata a doppio senso;Asciutto;Asfaltata;Verticale ed orizzontale;Nuvoloso;Scarso;Buona;;1;0;0;1;12.4863;41.8767;-1;1;Autovettura privata;In marcia / fermata / arresto;Conducente;M;Illeso;0;;;
5729789;1;06/12/2021 11:40:00;Strada Urbana;VIALE GIOTTO;all'intersezione con;PIAZZA DI PORTA S. PAOLO;PIAZZA DI PORTA S. PAOLO;;;Scontro laterale fra veicoli in marcia;Intersezione semaforizzata;Una carreggiata a doppio senso;Asciutto;Asfaltata;Verticale ed orizzontale;Nuvoloso;Scarso;Buona;;1;0;0;1;12.4863;41.8767;-1;2;Monopattino elettrico;In marcia / fermata / arresto;Conducente;M;Rimandato;0;NON DECEDUTO;;
5729791;13;05/12/2021 19:00:00;Strada Urbana;VIA SISTO SCAGLIA;all'intersezione con;VIA GIULIO CESARE TELONI;VIA GIULIO CESARE TELONI;;;Scontro frontale/laterale DX fra veicoli in marcia;Incrocio;Una carreggiata a doppio senso;Asciutto;Asfaltata;Assente;Nuvoloso;Scarso;Buona;;0;0;0;4;12.312;41.7683;-1;1;Autovettura privata;In marcia / fermata / arresto;Conducente;M;Illeso;0;;Non utilizzato;Inesploso
5729791;13;05/12/2021 19:00:00;Strada Urbana;VIA SISTO SCAGLIA;all'intersezione con;VIA GIULIO CESARE TELONI;VIA GIULIO CESARE TELONI;;;Scontro frontale/laterale DX fra veicoli in marcia;Incrocio;Una carreggiata a doppio senso;Asciutto;Asfaltata;Assente;Nuvoloso;Scarso;Buona;;0;0;0;4;12.312;41.7683;-1;1;Autovettura privata;In marcia / fermata / arresto;Passeggero;M;Illeso;0;;Non accertato;Inesploso
5729791;13;05/12/2021 19:00:00;Strada Urbana;VIA SISTO SCAGLIA;all'intersezione con;VIA GIULIO CESARE TELONI;VIA GIULIO CESARE TELONI;;;Scontro frontale/laterale DX fra veicoli in marcia;Incrocio;Una carreggiata a doppio senso;Asciutto;Asfaltata;Assente;Nuvoloso;Scarso;Buona;;0;0;0;4;12.312;41.7683;-1;1;Autovettura privata;In marcia / fermata / arresto;Passeggero;F;Illeso;0;;;Inesploso
5729791;13;05/12/2021 19:00:00;Strada Urbana;VIA SISTO SCAGLIA;all'intersezione con;VIA GIULIO CESARE TELONI;VIA GIULIO CESARE TELONI;;;Scontro frontale/laterale DX fra veicoli in marcia;Incrocio;Una carreggiata a doppio senso;Asciutto;Asfaltata;Assente;Nuvoloso;Scarso;Buona;;0;0;0;4;12.312;41.7683;-1;2;Autovettura privata;In marcia / fermata / arresto;Conducente;M;Illeso;0;;Non accertato;Inesploso
5729810;17;05/12/2021 00:15:00;Strada Urbana;VIA RIALTO;all'intersezione con;VIA GIORGIO SCALIA;VIA GIORGIO SCALIA;;;Scontro frontale/laterale DX fra veicoli in marcia;Intersezione stradale segnalata;Una carreggiata a senso unico di marcia;Bagnato (pioggia);Asfaltata;Verticale ed orizzontale;Nuvoloso;Scarso;Sufficiente;;0;0;0;4;12.4463;41.9077;-1;1;Autovettura privata;In marcia / fermata / arresto;Conducente;M;Illeso;0;;;
5729810;17;05/12/2021 00:15:00;Strada Urbana;VIA RIALTO;all'intersezione con;VIA GIORGIO SCALIA;VIA GIORGIO SCALIA;;;Scontro frontale/laterale DX fra veicoli in marcia;Intersezione stradale segnalata;Una carreggiata a senso unico di marcia;Bagnato (pioggia);Asfaltata;Verticale ed orizzontale;Nuvoloso;Scarso;Sufficiente;;0;0;0;4;12.4463;41.9077;-1;2;Autovettura privata;In marcia / fermata / arresto;Conducente;M;Illeso;0;;;
5729810;17;05/12/2021 00:15:00;Strada Urbana;VIA RIALTO;all'intersezione con;VIA GIORGIO SCALIA;VIA GIORGIO SCALIA;;;Scontro frontale/laterale DX fra veicoli in marcia;Intersezione stradale segnalata;Una carreggiata a senso unico di marcia;Bagnato (pioggia);Asfaltata;Verticale ed orizzontale;Nuvoloso;Scarso;Sufficiente;;0;0;0;4;12.4463;41.9077;-1;2;Autovettura privata;In marcia / fermata / arresto;Passeggero;M;Illeso;0;;;
5729836;12;03/12/2021 16:10:00;Strada Urbana;VIADOTTO DELLA MAGLIANA;da specificare;;;;altezza Sheraton direzione Fiumicino;Tamponamento Multiplo;Rettilineo;Due carreggiate;Asciutto;Asfaltata;Verticale ed orizzontale;Sereno;Intenso;Buona;;0;0;0;3;12.4634;41.842;-1;1;Autovettura privata;In marcia / fermata / arresto;Conducente;M;Illeso;0;;;
5729836;12;03/12/2021 16:10:00;Strada Urbana;VIADOTTO DELLA MAGLIANA;da specificare;;;;altezza Sheraton direzione Fiumicino;Tamponamento Multiplo;Rettilineo;Due carreggiate;Asciutto;Asfaltata;Verticale ed orizzontale;Sereno;Intenso;Buona;;0;0;0;3;12.4634;41.842;-1;2;Autovettura privata;In marcia / fermata / arresto;Conducente;M;Illeso;0;;;
5729836;12;03/12/2021 16:10:00;Strada Urbana;VIADOTTO DELLA MAGLIANA;da specificare;;;;altezza Sheraton direzione Fiumicino;Tamponamento Multiplo;Rettilineo;Due carreggiate;Asciutto;Asfaltata;Verticale ed orizzontale;Sereno;Intenso;Buona;;0;0;0;3;12.4634;41.842;-1;3;Autovettura privata;In marcia / fermata / arresto;Conducente;F;Illeso;0;;;
5729871;19;03/12/2021 20:30:00;Strada Urbana;VIA ANDREA VERGA;in prossimit�;;del civico n.;13;;Veicolo in marcia contro veicolo in sosta;Rettilineo;Una carreggiata a doppio senso;Asciutto;Asfaltata;Assente;Sereno;Normale;Buona;;0;0;0;0;12.4194;41.9366;-1;1;Autovettura privata;Sosta;;;;;;;
5729871;19;03/12/2021 20:30:00;Strada Urbana;VIA ANDREA VERGA;in prossimit�;;del civico n.;13;;Veicolo in marcia contro veicolo in sosta;Rettilineo;Una carreggiata a doppio senso;Asciutto;Asfaltata;Assente;Sereno;Normale;Buona;;0;0;0;0;12.4194;41.9366;-1;2;Autovettura privata;Allontanatosi;;;;;;;
5729895;19;04/12/2021 14:30:00;Strada Urbana;PIAZZA DI NOSTRA SIGNORA DI GUADALUPE;in prossimit�;;del civico n.;17/H;;Veicolo in marcia contro ostacolo accidentale;Rettilineo;Una carreggiata a senso unico di marcia;Asciutto;In cubetti di porfido;Verticale ed orizzontale;Nuvoloso;Normale;Buona;;2;0;0;0;12.4237;41.9435;-1;1;Motociclo a solo;In marcia / fermata / arresto;Conducente;M;Rifiuta cure immediate;0;NON DECEDUTO;Non accertato;
5729895;19;04/12/2021 14:30:00;Strada Urbana;PIAZZA DI NOSTRA SIGNORA DI GUADALUPE;in prossimit�;;del civico n.;17/H;;Veicolo in marcia contro ostacolo accidentale;Rettilineo;Una carreggiata a senso unico di marcia;Asciutto;In cubetti di porfido;Verticale ed orizzontale;Nuvoloso;Normale;Buona;;2;0;0;0;12.4237;41.9435;-1;1;Motociclo a solo;In marcia / fermata / arresto;Passeggero;M;Rifiuta cure immediate;0;NON DECEDUTO;Non accertato;
5729897;13;05/12/2021 14:45:00;Strada Urbana;VIA DELLE QUINQUEREMI;in corrispondenza;;del civico n.;100;;Veicolo in marcia contro veicolo in sosta;Rettilineo;Una carreggiata a doppio senso;Asciutto;Asfaltata;Verticale ed orizzontale;Sereno;Scarso;Buona;;1;0;0;1;12.2989;41.7222;-1;1;Motociclo a solo;In marcia / fermata / arresto;Conducente;M;Rimandato;0;NON DECEDUTO;Non accertato;
5729897;13;05/12/2021 14:45:00;Strada Urbana;VIA DELLE QUINQUEREMI;in corrispondenza;;del civico n.;100;;Veicolo in marcia contro veicolo in sosta;Rettilineo;Una carreggiata a doppio senso;Asciutto;Asfaltata;Verticale ed orizzontale;Sereno;Scarso;Buona;;1;0;0;1;12.2989;41.7222;-1;2;Autovettura privata;Sosta;Passeggero;F;Illeso;0;;Non utilizzato;Inesploso
5729903;1;06/12/2021 09:20:00;Strada Urbana;VIA MARIO DE FIORI;in corrispondenza;;del civico n.;103;;Investimento di pedone;Rettilineo;Una carreggiata a senso unico di marcia;Asciutto;In cubetti di porfido;Verticale ed orizzontale;Sereno;Scarso;Buona;;1;0;0;1;12.4825;41.9037;-1;;;;Pedone;M;Rimandato;0;NON DECEDUTO;;
5729903;1;06/12/2021 09:20:00;Strada Urbana;VIA MARIO DE FIORI;in corrispondenza;;del civico n.;103;;Investimento di pedone;Rettilineo;Una carreggiata a senso unico di marcia;Asciutto;In cubetti di porfido;Verticale ed orizzontale;Sereno;Scarso;Buona;;1;0;0;1;12.4825;41.9037;-1;1;Autovettura privata;In marcia / fermata / arresto;Conducente;M;Illeso;0;;Non accertato;Inesploso
5729904;19;04/12/2021 19:00:00;Strada Urbana;VIALE ESPERIA SPERANI;all'intersezione con;VIA MADAME DE STAEL;VIA MADAME DE STAEL;;;Scontro laterale fra veicoli in marcia;Incrocio;Una carreggiata a doppio senso;Bagnato (umidit� in atto);Asfaltata;Verticale ed orizzontale;Nuvoloso;Scarso;Insufficiente;;0;0;0;5;12.3967;41.9617;-1;1;Autovettura privata;In marcia / fermata / arresto;Conducente;M;Illeso;0;;Non accertato;Inesploso
5729904;19;04/12/2021 19:00:00;Strada Urbana;VIALE ESPERIA SPERANI;all'intersezione con;VIA MADAME DE STAEL;VIA MADAME DE STAEL;;;Scontro laterale fra veicoli in marcia;Incrocio;Una carreggiata a doppio senso;Bagnato (umidit� in atto);Asfaltata;Verticale ed orizzontale;Nuvoloso;Scarso;Insufficiente;;0;0;0;5;12.3967;41.9617;-1;2;Autovettura privata;In marcia / fermata / arresto;Conducente;F;Illeso;0;;Non accertato;Inesploso
5729904;19;04/12/2021 19:00:00;Strada Urbana;VIALE ESPERIA SPERANI;all'intersezione con;VIA MADAME DE STAEL;VIA MADAME DE STAEL;;;Scontro laterale fra veicoli in marcia;Incrocio;Una carreggiata a doppio senso;Bagnato (umidit� in atto);Asfaltata;Verticale ed orizzontale;Nuvoloso;Scarso;Insufficiente;;0;0;0;5;12.3967;41.9617;-1;2;Autovettura privata;In marcia / fermata / arresto;Passeggero;M;Illeso;0;;Non accertato;Inesploso
5729904;19;04/12/2021 19:00:00;Strada Urbana;VIALE ESPERIA SPERANI;all'intersezione con;VIA MADAME DE STAEL;VIA MADAME DE STAEL;;;Scontro laterale fra veicoli in marcia;Incrocio;Una carreggiata a doppio senso;Bagnato (umidit� in atto);Asfaltata;Verticale ed orizzontale;Nuvoloso;Scarso;Insufficiente;;0;0;0;5;12.3967;41.9617;-1;2;Autovettura privata;In marcia / fermata / arresto;Passeggero;F;Illeso;0;;Non accertato;Inesploso
5729904;19;04/12/2021 19:00:00;Strada Urbana;VIALE ESPERIA SPERANI;all'intersezione con;VIA MADAME DE STAEL;VIA MADAME DE STAEL;;;Scontro laterale fra veicoli in marcia;Incrocio;Una carreggiata a doppio senso;Bagnato (umidit� in atto);Asfaltata;Verticale ed orizzontale;Nuvoloso;Scarso;Insufficiente;;0;0;0;5;12.3967;41.9617;-1;2;Autovettura privata;In marcia / fermata / arresto;Passeggero;M;Illeso;0;;Non accertato;Inesploso
5729913;12;03/12/2021 20:25:00;Statale;VIA PONTINA;da specificare;;;;altezza svincolo Tor de' Cenci Km 17,100 dir. Roma;Veicolo in marcia contro ostacolo accidentale;Rettilineo;Due carreggiate;Asciutto;Asfaltata;Verticale ed orizzontale;Sereno;Intenso;Sufficiente;;0;0;0;6;12.4522;41.794;-1;1;Autovettura privata;In marcia / fermata / arresto;Conducente;F;Illeso;0;;Non accertato;Inesploso
5729913;12;03/12/2021 20:25:00;Statale;VIA PONTINA;da specificare;;;;altezza svincolo Tor de' Cenci Km 17,100 dir. Roma;Veicolo in marcia contro ostacolo accidentale;Rettilineo;Due carreggiate;Asciutto;Asfaltata;Verticale ed orizzontale;Sereno;Intenso;Sufficiente;;0;0;0;6;12.4522;41.794;-1;2;Autovettura privata;In marcia / fermata / arresto;Conducente;M;Illeso;0;;;
5729913;12;03/12/2021 20:25:00;Statale;VIA PONTINA;da specificare;;;;altezza svincolo Tor de' Cenci Km 17,100 dir. Roma;Veicolo in marcia contro ostacolo accidentale;Rettilineo;Due carreggiate;Asciutto;Asfaltata;Verticale ed orizzontale;Sereno;Intenso;Sufficiente;;0;0;0;6;12.4522;41.794;-1;2;Autovettura privata;In marcia / fermata / arresto;Passeggero;F;Illeso;0;;Utilizzato;Inesploso
5729913;12;03/12/2021 20:25:00;Statale;VIA PONTINA;da specificare;;;;altezza svincolo Tor de' Cenci Km 17,100 dir. Roma;Veicolo in marcia contro ostacolo accidentale;Rettilineo;Due carreggiate;Asciutto;Asfaltata;Verticale ed orizzontale;Sereno;Intenso;Sufficiente;;0;0;0;6;12.4522;41.794;-1;2;Autovettura privata;In marcia / fermata / arresto;Passeggero;F;Illeso;0;;Utilizzato;Inesploso
5729913;12;03/12/2021 20:25:00;Statale;VIA PONTINA;da specificare;;;;altezza svincolo Tor de' Cenci Km 17,100 dir. Roma;Veicolo in marcia contro ostacolo accidentale;Rettilineo;Due carreggiate;Asciutto;Asfaltata;Verticale ed orizzontale;Sereno;Intenso;Sufficiente;;0;0;0;6;12.4522;41.794;-1;3;Autovettura privata;In marcia / fermata / arresto;Conducente;M;Illeso;0;;;
5729913;12;03/12/2021 20:25:00;Statale;VIA PONTINA;da specificare;;;;altezza svincolo Tor de' Cenci Km 17,100 dir. Roma;Veicolo in marcia contro ostacolo accidentale;Rettilineo;Due carreggiate;Asciutto;Asfaltata;Verticale ed orizzontale;Sereno;Intenso;Sufficiente;;0;0;0;6;12.4522;41.794;-1;4;Autotreno;In marcia / fermata / arresto;Conducente;M;Illeso;0;;;
5729930;9;03/12/2021 12:30:00;Strada Urbana;VIA DI CENTOCELLE;in corrispondenza;;del civico n.;256;;Veicolo in marcia contro veicolo in sosta;Rettilineo;Una carreggiata a doppio senso;Asciutto;Asfaltata;Verticale ed orizzontale;Sereno;Normale;Sufficiente;;0;0;0;1;12.5521;41.867;-1;1;Autovettura privata;In marcia / fermata / arresto;Conducente;M;Illeso;0;;;
5729930;9;03/12/2021 12:30:00;Strada Urbana;VIA DI CENTOCELLE;in corrispondenza;;del civico n.;256;;Veicolo in marcia contro veicolo in sosta;Rettilineo;Una carreggiata a doppio senso;Asciutto;Asfaltata;Verticale ed orizzontale;Sereno;Normale;Sufficiente;;0;0;0;1;12.5521;41.867;-1;2;Autovettura privata;Sosta;;;;;;;
5729933;19;04/12/2021 21:00:00;Strada Urbana;VIALE DELLE MEDAGLIE D'ORO;all'intersezione con;VIA DUCCIO GALIMBERTI;VIA DUCCIO GALIMBERTI;;;Scontro frontale/laterale DX fra veicoli in marcia;Incrocio;Una carreggiata a doppio senso;Bagnato (pioggia);Asfaltata;Verticale ed orizzontale;Pioggia in atto;Scarso;Insufficiente;;1;0;0;1;12.4457;41.9235;-1;1;Autovettura privata;In marcia / fermata / arresto;Conducente;M;Rifiuta cure immediate;0;NON DECEDUTO;Non accertato;Inesistente
5729933;19;04/12/2021 21:00:00;Strada Urbana;VIALE DELLE MEDAGLIE D'ORO;all'intersezione con;VIA DUCCIO GALIMBERTI;VIA DUCCIO GALIMBERTI;;;Scontro frontale/laterale DX fra veicoli in marcia;Incrocio;Una carreggiata a doppio senso;Bagnato (pioggia);Asfaltata;Verticale ed orizzontale;Pioggia in atto;Scarso;Insufficiente;;1;0;0;1;12.4457;41.9235;-1;2;Motociclo a solo;In marcia / fermata / arresto;Conducente;M;Illeso;0;;Non accertato;
5729945;19;05/12/2021 01:30:00;Strada Urbana;VIA DELLA PINETA SACCHETTI;in prossimit�;;del civico n.;414;;Tamponamento;Rettilineo;Due carreggiate;Bagnato (umidit� in atto);Asfaltata;Verticale ed orizzontale;Nuvoloso;Scarso;Buona;;1;0;0;4;12.4252;41.9247;-1;1;Autovettura privata;In marcia / fermata / arresto;Conducente;F;Illeso;0;;Non accertato;Inesploso
5729945;19;05/12/2021 01:30:00;Strada Urbana;VIA DELLA PINETA SACCHETTI;in prossimit�;;del civico n.;414;;Tamponamento;Rettilineo;Due carreggiate;Bagnato (umidit� in atto);Asfaltata;Verticale ed orizzontale;Nuvoloso;Scarso;Buona;;1;0;0;4;12.4252;41.9247;-1;1;Autovettura privata;In marcia / fermata / arresto;Passeggero;F;Rimandato;0;NON DECEDUTO;Non accertato;Inesploso
5729945;19;05/12/2021 01:30:00;Strada Urbana;VIA DELLA PINETA SACCHETTI;in prossimit�;;del civico n.;414;;Tamponamento;Rettilineo;Due carreggiate;Bagnato (umidit� in atto);Asfaltata;Verticale ed orizzontale;Nuvoloso;Scarso;Buona;;1;0;0;4;12.4252;41.9247;-1;1;Autovettura privata;In marcia / fermata / arresto;Passeggero;F;Illeso;0;;Non accertato;Inesploso
5729945;19;05/12/2021 01:30:00;Strada Urbana;VIA DELLA PINETA SACCHETTI;in prossimit�;;del civico n.;414;;Tamponamento;Rettilineo;Due carreggiate;Bagnato (umidit� in atto);Asfaltata;Verticale ed orizzontale;Nuvoloso;Scarso;Buona;;1;0;0;4;12.4252;41.9247;-1;2;Autovettura privata;In marcia / fermata / arresto;Conducente;F;Illeso;0;;Non accertato;Esploso
5729945;19;05/12/2021 01:30:00;Strada Urbana;VIA DELLA PINETA SACCHETTI;in prossimit�;;del civico n.;414;;Tamponamento;Rettilineo;Due carreggiate;Bagnato (umidit� in atto);Asfaltata;Verticale ed orizzontale;Nuvoloso;Scarso;Buona;;1;0;0;4;12.4252;41.9247;-1;2;Autovettura privata;In marcia / fermata / arresto;Passeggero;M;Illeso;0;;Non accertato;Esploso
5729956;19;05/12/2021 10:00:00;Strada Urbana;VIA AUGUSTO TAMBURINI;all'intersezione con;VIA EZIO SCIAMANNA;VIA EZIO SCIAMANNA;;;Veicolo in marcia contro veicolo in sosta;Incrocio;Una carreggiata a senso unico di marcia;Bagnato (umidit� in atto);Asfaltata;Verticale;Sereno;Normale;Buona;;0;0;0;3;12.4204;41.9363;-1;1;Autovettura privata;In marcia / fermata / arresto;Conducente;M;Illeso;0;;Non accertato;Inesploso
5729956;19;05/12/2021 10:00:00;Strada Urbana;VIA AUGUSTO TAMBURINI;all'intersezione con;VIA EZIO SCIAMANNA;VIA EZIO SCIAMANNA;;;Veicolo in marcia contro veicolo in sosta;Incrocio;Una carreggiata a senso unico di marcia;Bagnato (umidit� in atto);Asfaltata;Verticale;Sereno;Normale;Buona;;0;0;0;3;12.4204;41.9363;-1;2;Autovettura privata;In marcia / fermata / arresto;Conducente;F;Illeso;0;;Non accertato;Inesploso
5729956;19;05/12/2021 10:00:00;Strada Urbana;VIA AUGUSTO TAMBURINI;all'intersezione con;VIA EZIO SCIAMANNA;VIA EZIO SCIAMANNA;;;Veicolo in marcia contro veicolo in sosta;Incrocio;Una carreggiata a senso unico di marcia;Bagnato (umidit� in atto);Asfaltata;Verticale;Sereno;Normale;Buona;;0;0;0;3;12.4204;41.9363;-1;2;Autovettura privata;In marcia / fermata / arresto;Passeggero;F;Illeso;0;;Non accertato;Inesploso
5729956;19;05/12/2021 10:00:00;Strada Urbana;VIA AUGUSTO TAMBURINI;all'intersezione con;VIA EZIO SCIAMANNA;VIA EZIO SCIAMANNA;;;Veicolo in marcia contro veicolo in sosta;Incrocio;Una carreggiata a senso unico di marcia;Bagnato (umidit� in atto);Asfaltata;Verticale;Sereno;Normale;Buona;;0;0;0;3;12.4204;41.9363;-1;3;Autovettura privata;Sosta;;;;;;;
5729968;19;05/12/2021 11:15:00;Strada Urbana;VIA DI TORREVECCHIA;in corrispondenza;;del civico n.;111;;Veicolo in marcia contro veicolo in sosta;Rettilineo;Una carreggiata a doppio senso;Bagnato (umidit� in atto);Asfaltata;Assente;Nuvoloso;Normale;Buona;;0;0;0;2;12.4203;41.9343;-1;1;Autovettura privata;Sosta;Passeggero;F;Illeso;0;;Non accertato;Inesploso
5729968;19;05/12/2021 11:15:00;Strada Urbana;VIA DI TORREVECCHIA;in corrispondenza;;del civico n.;111;;Veicolo in marcia contro veicolo in sosta;Rettilineo;Una carreggiata a doppio senso;Bagnato (umidit� in atto);Asfaltata;Assente;Nuvoloso;Normale;Buona;;0;0;0;2;12.4203;41.9343;-1;2;Autocarro inferiore 35 q.;In marcia / fermata / arresto;Conducente;M;Illeso;0;;Non accertato;Inesploso