Protocollo;Gruppo;DataOraIncidente;Localizzazione1;STRADA1;Localizzazione2;STRADA2;Strada02;Chilometrica;DaSpecificare;NaturaIncidente;particolaritastrade;TipoStrada;FondoStradale;Pavimentazione;Segnaletica;CondizioneAtmosferica;Traffico;Visibilita;Illuminazione;NUM_FERITI;NUM_RISERVATA;NUM_MORTI;NUM_ILLESI;Longitudine;Latitudine;Confermato;Progressivo;TipoVeicolo;StatoVeicolo;TipoPersona;Sesso;Tipolesione;Deceduto;DecedutoDopo;CinturaCascoUtilizzato;Airbag;
5731104;6;07/12/2021 09:40:00;Provinciale entro l'abitato;VIA PRENESTINA;in prossimit�;;del civico n.;39;;Scontro laterale fra veicoli in marcia;Rettilineo;Pi� di due carreggiate;Asciutto;Asfaltata;Orizzontale;Sereno;Normale;Buona;;1;0;0;1;12.5208;41.8914;-1;2;Motociclo a solo;In marcia / fermata / arresto;Conducente;F;Rimandato;0;NON DECEDUTO;Non accertato;
5731104;6;07/12/2021 09:40:00;Provinciale entro l'abitato;VIA PRENESTINA;in prossimit�;;del civico n.;39;;Scontro laterale fra veicoli in marcia;Rettilineo;Pi� di due carreggiate;Asciutto;Asfaltata;Orizzontale;Sereno;Normale;Buona;;1;0;0;1;12.5208;41.8914;-1;3;Motociclo a solo;In marcia / fermata / arresto;Conducente;M;Illeso;0;;Non accertato;
5731109;13;06/12/2021 17:30:00;Strada Urbana;VIA ALESSANDRO STRADELLA;all'intersezione con;VIA ANDREA DELLA CORTE;VIA ANDREA DELLA CORTE;;;Scontro frontale/laterale DX fra veicoli in marcia;Incrocio;Una carreggiata a doppio senso;Asciutto;Asfaltata;Orizzontale;Sereno;Normale;Buona;;1;0;0;4;12.3577;41.7385;-1;1;Autovettura privata;In marcia / fermata / arresto;Conducente;F;Illeso;0;;Non accertato;Inesploso
5731109;13;06/12/2021 17:30:00;Strada Urbana;VIA ALESSANDRO STRADELLA;all'intersezione con;VIA ANDREA DELLA CORTE;VIA ANDREA DELLA CORTE;;;Scontro frontale/laterale DX fra veicoli in marcia;Incrocio;Una carreggiata a doppio senso;Asciutto;Asfaltata;Orizzontale;Sereno;Normale;Buona;;1;0;0;4;12.3577;41.7385;-1;1;Autovettura privata;In marcia / fermata / arresto;Passeggero;F;Illeso;0;;;
5731109;13;06/12/2021 17:30:00;Strada Urbana;VIA ALESSANDRO STRADELLA;all'intersezione con;VIA ANDREA DELLA CORTE;VIA ANDREA DELLA CORTE;;;Scontro frontale/laterale DX fra veicoli in marcia;Incrocio;Una carreggiata a doppio senso;Asciutto;Asfaltata;Orizzontale;Sereno;Normale;Buona;;1;0;0;4;12.3577;41.7385;-1;1;Autovettura privata;In marcia / fermata / arresto;Passeggero;F;Illeso;0;;Non accertato;Inesploso
5731109;13;06/12/2021 17:30:00;Strada Urbana;VIA ALESSANDRO STRADELLA;all'intersezione con;VIA ANDREA DELLA CORTE;VIA ANDREA DELLA CORTE;;;Scontro frontale/laterale DX fra veicoli in marcia;Incrocio;Una carreggiata a doppio senso;Asciutto;Asfaltata;Orizzontale;Sereno;Normale;Buona;;1;0;0;4;12.3577;41.7385;-1;2;Autovettura privata;In marcia / fermata / arresto;Conducente;M;Illeso;0;;Non accertato;Inesploso
5731109;13;06/12/2021 17:30:00;Strada Urbana;VIA ALESSANDRO STRADELLA;all'intersezione con;VIA ANDREA DELLA CORTE;VIA ANDREA DELLA CORTE;;;Scontro frontale/laterale DX fra veicoli in marcia;Incrocio;Una carreggiata a doppio senso;Asciutto;Asfaltata;Orizzontale;Sereno;Normale;Buona;;1;0;0;4;12.3577;41.7385;-1;2;Autovettura privata;In marcia / fermata / arresto;Passeggero;F;Rimandato;0;NON DECEDUTO;Non accertato;Inesploso
5731117;13;06/12/2021 18:55:00;Strada Urbana;CORSO DUCA DI GENOVA;in corrispondenza;;del civico n.;127;;Veicolo in marcia contro veicoli in sosta;Rettilineo;Una carreggiata a doppio senso;Asciutto;Asfaltata;Verticale ed orizzontale;Sereno;Normale;Buona;;0;0;0;1;12.2742;41.7329;-1;1;Autovettura privata;Sosta;;;;;;;
5731117;13;06/12/2021 18:55:00;Strada Urbana;CORSO DUCA DI GENOVA;in corrispondenza;;del civico n.;127;;Veicolo in marcia contro veicoli in sosta;Rettilineo;Una carreggiata a doppio senso;Asciutto;Asfaltata;Verticale ed orizzontale;Sereno;Normale;Buona;;0;0;0;1;12.2742;41.7329;-1;2;Autovettura privata;Sosta;;;;;;;
5731117;13;06/12/2021 18:55:00;Strada Urbana;CORSO DUCA DI GENOVA;in corrispondenza;;del civico n.;127;;Veicolo in marcia contro veicoli in sosta;Rettilineo;Una carreggiata a doppio senso;Asciutto;Asfaltata;Verticale ed orizzontale;Sereno;Normale;Buona;;0;0;0;1;12.2742;41.7329;-1;3;Autovettura privata;In marcia / fermata / arresto;Conducente;M;Illeso;0;;Non accertato;Inesploso
5731143;1;07/12/2021 09:20:00;Strada Urbana;LUNGOTEVERE TOR DI NONA;all'intersezione semaforizzata con;PONTE UMBERTO I;PONTE UMBERTO I;;;Scontro laterale fra veicoli in marcia;Intersezione semaforizzata;Una carreggiata a senso unico di marcia;Asciutto;Asfaltata;Verticale ed orizzontale;Sereno;Normale;Buona;;1;0;0;1;12.4716;41.9021;-1;1;Autovettura privata;In marcia / fermata / arresto;Conducente;M;Illeso;0;;;
5731143;1;07/12/2021 09:20:00;Strada Urbana;LUNGOTEVERE TOR DI NONA;all'intersezione semaforizzata con;PONTE UMBERTO I;PONTE UMBERTO I;;;Scontro laterale fra veicoli in marcia;Intersezione semaforizzata;Una carreggiata a senso unico di marcia;Asciutto;Asfaltata;Verticale ed orizzontale;Sereno;Normale;Buona;;1;0;0;1;12.4716;41.9021;-1;2;Motociclo a solo;In marcia / fermata / arresto;Conducente;M;Rimandato;0;NON DECEDUTO;;
5731199;12;07/12/2021 11:30:00;Provinciale;VIA ARDEATINA;in prossimit�;;del palo luce n.;152;;Veicolo in marcia contro ostacolo accidentale;Rettilineo;Una carreggiata a doppio senso;Asciutto;Asfaltata;Assente;Sereno;Normale;Buona;;0;0;0;1;12.5414;41.7796;-1;1;Autobus urbano;In marcia / fermata / arresto;Conducente;M;Illeso;0;;Non accertato;Inesploso
5731261;19;06/12/2021 18:30:00;Strada Urbana;VIA ANDERSEN;in corrispondenza;;del civico n.;34;;Veicolo in marcia contro veicolo in sosta;Rettilineo;Pi� di due carreggiate;Asciutto;Asfaltata;Verticale ed orizzontale;Sereno;Scarso;Buona;;0;0;0;0;12.4032;41.9243;-1;1;Autocarro inferiore 35 q.;In marcia / fermata / arresto;;;;;;;
5731261;19;06/12/2021 18:30:00;Strada Urbana;VIA ANDERSEN;in corrispondenza;;del civico n.;34;;Veicolo in marcia contro veicolo in sosta;Rettilineo;Pi� di due carreggiate;Asciutto;Asfaltata;Verticale ed orizzontale;Sereno;Scarso;Buona;;0;0;0;0;12.4032;41.9243;-1;2;Autovettura privata;Sosta;;;;;;;
5731302;19;06/12/2021 21:00:00;Strada Urbana;VIA MATTIA BATTISTINI;in prossimit�;;del civico n.;554;;Veicolo in marcia contro veicoli in sosta;Rettilineo;Una carreggiata a doppio senso;Asciutto;Asfaltata;Verticale ed orizzontale;Sereno;Normale;Buona;;0;0;0;2;12.4202;41.9213;-1;1;Autovettura privata;In marcia / fermata / arresto;Conducente;M;Illeso;0;;;
5731302;19;06/12/2021 21:00:00;Strada Urbana;VIA MATTIA BATTISTINI;in prossimit�;;del civico n.;554;;Veicolo in marcia contro veicoli in sosta;Rettilineo;Una carreggiata a doppio senso;Asciutto;Asfaltata;Verticale ed orizzontale;Sereno;Normale;Buona;;0;0;0;2;12.4202;41.9213;-1;2;Autovettura privata;In marcia / fermata / arresto;Conducente;M;Illeso;0;;;
5731302;19;06/12/2021 21:00:00;Strada Urbana;VIA MATTIA BATTISTINI;in prossimit�;;del civico n.;554;;Veicolo in marcia contro veicoli in sosta;Rettilineo;Una carreggiata a doppio senso;Asciutto;Asfaltata;Verticale ed orizzontale;Sereno;Normale;Buona;;0;0;0;2;12.4202;41.9213;-1;3;Autovettura privata;Sosta;;;;;;;
5731436;18;04/12/2021 08:40:00;Strada Urbana;VIA DI BOCCEA;in corrispondenza;;del civico n.;433 B;;Veicolo in marcia contro veicolo in sosta;Rettilineo;Una carreggiata a doppio senso;Asciutto;Asfaltata;Verticale ed orizzontale;Sereno;Scarso;Buona;;0;0;0;1;12.3965;41.9109;0;1;Autovettura privata;In marcia / fermata / arresto;Conducente;M;Illeso;0;;Non accertato;Inesploso
5731436;18;04/12/2021 08:40:00;Strada Urbana;VIA DI BOCCEA;in corrispondenza;;del civico n.;433 B;;Veicolo in marcia contro veicolo in sosta;Rettilineo;Una carreggiata a doppio senso;Asciutto;Asfaltata;Verticale ed orizzontale;Sereno;Scarso;Buona;;0;0;0;1;12.3965;41.9109;0;2;Autovettura privata;Sosta;;;;;;;
5731457;17;04/12/2021 19:45:00;Strada Urbana;VIA SABOTINO;all'intersezione con;VIA MONTE SANTO;VIA MONTE SANTO;;;Scontro laterale fra veicoli in marcia;Rotatoria;Due carreggiate;Bagnato (umidit� in atto);Asfaltata;Verticale ed orizzontale;Nuvoloso;Normale;Buona;;0;0;0;3;12.461;41.9165;-1;1;Autovettura privata;In marcia / fermata / arresto;Conducente;F;Illeso;0;;;
5731457;17;04/12/2021 19:45:00;Strada Urbana;VIA SABOTINO;all'intersezione con;VIA MONTE SANTO;VIA MONTE SANTO;;;Scontro laterale fra veicoli in marcia;Rotatoria;Due carreggiate;Bagnato (umidit� in atto);Asfaltata;Verticale ed orizzontale;Nuvoloso;Normale;Buona;;0;0;0;3;12.461;41.9165;-1;1;Autovettura privata;In marcia / fermata / arresto;Passeggero;M;Illeso;0;;;
5731457;17;04/12/2021 19:45:00;Strada Urbana;VIA SABOTINO;all'intersezione con;VIA MONTE SANTO;VIA MONTE SANTO;;;Scontro laterale fra veicoli in marcia;Rotatoria;Due carreggiate;Bagnato (umidit� in atto);Asfaltata;Verticale ed orizzontale;Nuvoloso;Normale;Buona;;0;0;0;3;12.461;41.9165;-1;2;Autovettura privata;In marcia / fermata / arresto;Conducente;M;Illeso;0;;;
5731460;19;07/12/2021 01:20:00;Strada Urbana;VIA TRIONFALE;all'intersezione con;VIA GIOVANNI DELLA CASA;VIA GIOVANNI DELLA CASA;;;Scontro frontale/laterale DX fra veicoli in marcia;Intersezione non regolata/non segnalata;Una carreggiata a doppio senso;Asciutto;Asfaltata;Verticale ed orizzontale;Sereno;Scarso;Buona;;0;0;0;4;12.4229;41.9409;-1;1;Autovettura privata;In marcia / fermata / arresto;Conducente;M;Illeso;0;;;
5731460;19;07/12/2021 01:20:00;Strada Urbana;VIA TRIONFALE;all'intersezione con;VIA GIOVANNI DELLA CASA;VIA GIOVANNI DELLA CASA;;;Scontro frontale/laterale DX fra veicoli in marcia;Intersezione non regolata/non segnalata;Una carreggiata a doppio senso;Asciutto;Asfaltata;Verticale ed orizzontale;Sereno;Scarso;Buona;;0;0;0;4;12.4229;41.9409;-1;1;Autovettura privata;In marcia / fermata / arresto;Passeggero;M;Illeso;0;;;
5731460;19;07/12/2021 01:20:00;Strada Urbana;VIA TRIONFALE;all'intersezione con;VIA GIOVANNI DELLA CASA;VIA GIOVANNI DELLA CASA;;;Scontro frontale/laterale DX fra veicoli in marcia;Intersezione non regolata/non segnalata;Una carreggiata a doppio senso;Asciutto;Asfaltata;Verticale ed orizzontale;Sereno;Scarso;Buona;;0;0;0;4;12.4229;41.9409;-1;1;Autovettura privata;In marcia / fermata / arresto;Passeggero;F;Illeso;0;;;
5731460;19;07/12/2021 01:20:00;Strada Urbana;VIA TRIONFALE;all'intersezione con;VIA GIOVANNI DELLA CASA;VIA GIOVANNI DELLA CASA;;;Scontro frontale/laterale DX fra veicoli in marcia;Intersezione non regolata/non segnalata;Una carreggiata a doppio senso;Asciutto;Asfaltata;Verticale ed orizzontale;Sereno;Scarso;Buona;;0;0;0;4;12.4229;41.9409;-1;2;Autovettura privata;In marcia / fermata / arresto;Conducente;M;Illeso;0;;;
5731484;1;04/12/2021 03:00:00;Strada Urbana;LUNGOTEVERE DEI VALLATI;da specificare;;;;NELLE VICINANZE COLONNINA PARCHEGGIO E85;Veicolo in marcia contro veicolo in sosta;Rettilineo;Una carreggiata a senso unico di marcia;Asciutto;Asfaltata;Verticale ed orizzontale;Sereno;Normale;Buona;;0;0;0;0;12.4727;41.8919;-1;1;Autovettura privata;Sosta;;;;;;;
5731484;1;04/12/2021 03:00:00;Strada Urbana;LUNGOTEVERE DEI VALLATI;da specificare;;;;NELLE VICINANZE COLONNINA PARCHEGGIO E85;Veicolo in marcia contro veicolo in sosta;Rettilineo;Una carreggiata a senso unico di marcia;Asciutto;Asfaltata;Verticale ed orizzontale;Sereno;Normale;Buona;;0;0;0;0;12.4727;41.8919;-1;2;Autovettura privata;Allontanatosi;;;;;;;
5731505;18;05/12/2021 13:40:00;Strada Urbana;CIRCONVALLAZIONE CORNELIA;in prossimit�;;del civico n.;16;;Tamponamento;Rettilineo;Due carreggiate;Asciutto;Asfaltata;Verticale ed orizzontale;Sereno;Normale;Buona;;0;0;0;3;12.4276;41.8992;-1;1;Autovettura privata;In marcia / fermata / arresto;Conducente;M;Illeso;0;;;
5731505;18;05/12/2021 13:40:00;Strada Urbana;CIRCONVALLAZIONE CORNELIA;in prossimit�;;del civico n.;16;;Tamponamento;Rettilineo;Due carreggiate;Asciutto;Asfaltata;Verticale ed orizzontale;Sereno;Normale;Buona;;0;0;0;3;12.4276;41.8992;-1;2;Autovettura privata;In marcia / fermata / arresto;Conducente;M;Illeso;0;;Non accertato;Inesploso
5731505;18;05/12/2021 13:40:00;Strada Urbana;CIRCONVALLAZIONE CORNELIA;in prossimit�;;del civico n.;16;;Tamponamento;Rettilineo;Due carreggiate;Asciutto;Asfaltata;Verticale ed orizzontale;Sereno;Normale;Buona;;0;0;0;3;12.4276;41.8992;-1;2;Autovettura privata;In marcia / fermata / arresto;Passeggero;F;Illeso;0;;Non accertato;Inesploso
5731527;1;07/12/2021 11:30:00;Strada Urbana;VIA MARMORATA;da specificare;;;;tratto compreso fra il civ.15 e l'intersezione con;Scontro laterale fra veicoli in marcia;Rettilineo;Una carreggiata a doppio senso;Asciutto;In cubetti di porfido;Verticale ed orizzontale;Sereno;Normale;Buona;;0;0;0;2;12.4788;41.8792;-1;1;Autovettura pubblica;In marcia / fermata / arresto;Conducente;M;Illeso;0;;Non accertato;Inesploso
5731527;1;07/12/2021 11:30:00;Strada Urbana;VIA MARMORATA;da specificare;;;;tratto compreso fra il civ.15 e l'intersezione con;Scontro laterale fra veicoli in marcia;Rettilineo;Una carreggiata a doppio senso;Asciutto;In cubetti di porfido;Verticale ed orizzontale;Sereno;Normale;Buona;;0;0;0;2;12.4788;41.8792;-1;2;Autovettura privata;In marcia / fermata / arresto;Conducente;M;Illeso;0;;Non accertato;Inesploso
5731543;1;07/12/2021 11:30:00;Strada Urbana;VIALE MARCO POLO;all'intersezione con;PIAZZALE OSTIENSE;PIAZZALE OSTIENSE;;;Veicolo in marcia contro animale;Incrocio;Una carreggiata a senso unico di marcia;Asciutto;Asfaltata;Assente;Sereno;Normale;Buona;;1;0;0;1;12.4827;41.8758;-1;1;Motociclo a solo;In marcia / fermata / arresto;Conducente;M;Rimandato;0;NON DECEDUTO;Non accertato;
5731543;1;07/12/2021 11:30:00;Strada Urbana;VIALE MARCO POLO;all'intersezione con;PIAZZALE OSTIENSE;PIAZZALE OSTIENSE;;;Veicolo in marcia contro animale;Incrocio;Una carreggiata a senso unico di marcia;Asciutto;Asfaltata;Assente;Sereno;Normale;Buona;;1;0;0;1;12.4827;41.8758;-1;2;Autovettura privata;In marcia / fermata / arresto;Conducente;M;Illeso;0;;Non accertato;Inesploso
5731560;1;07/12/2021 13:45:00;Strada Urbana;LUNGOTEVERE AVENTINO;all'intersezione con;LARGO AMERIGO PETRUCCI;LARGO AMERIGO PETRUCCI;;;Scontro laterale fra veicoli in marcia;Incrocio;Una carreggiata a senso unico di marcia;Asciutto;Asfaltata;Verticale ed orizzontale;Sereno;Normale;Buona;;0;0;0;2;12.4802;41.889;-1;1;Autovettura privata;In marcia / fermata / arresto;Conducente;F;Illeso;0;;;
5731560;1;07/12/2021 13:45:00;Strada Urbana;LUNGOTEVERE AVENTINO;all'intersezione con;LARGO AMERIGO PETRUCCI;LARGO AMERIGO PETRUCCI;;;Scontro laterale fra veicoli in marcia;Incrocio;Una carreggiata a senso unico di marcia;Asciutto;Asfaltata;Verticale ed orizzontale;Sereno;Normale;Buona;;0;0;0;2;12.4802;41.889;-1;2;Autovettura privata;In marcia / fermata / arresto;Conducente;M;Illeso;0;;Non accertato;Inesploso
5731579;18;05/12/2021 19:35:00;Strada Urbana;CIRCONVALLAZIONE CORNELIA;all'intersezione semaforizzata con;LARGO ALESSANDRO CARAVILLANI;LARGO ALESSANDRO CARAVILLANI;;;Scontro laterale fra veicoli in marcia;Intersezione semaforizzata;Due carreggiate;Asciutto;Asfaltata;Verticale ed orizzontale;Sereno;Normale;Buona;;0;0;0;2;12.4272;41.8995;-1;1;Autovettura privata;In marcia / fermata / arresto;Conducente;F;Illeso;0;;Non accertato;Inesploso
5731579;18;05/12/2021 19:35:00;Strada Urbana;CIRCONVALLAZIONE CORNELIA;all'intersezione semaforizzata con;LARGO ALESSANDRO CARAVILLANI;LARGO ALESSANDRO CARAVILLANI;;;Scontro laterale fra veicoli in marcia;Intersezione semaforizzata;Due carreggiate;Asciutto;Asfaltata;Verticale ed orizzontale;Sereno;Normale;Buona;;0;0;0;2;12.4272;41.8995;-1;2;Autovettura privata;In marcia / fermata / arresto;Conducente;M;Illeso;0;;Non accertato;Inesploso
5731629;9;07/12/2021 12:10:00;Strada Urbana;VIA LA SPEZIA;all'intersezione semaforizzata con;VIA FOLIGNO;VIA FOLIGNO;;;Scontro frontale fra veicoli in marcia;Intersezione semaforizzata;Una carreggiata a doppio senso;Asciutto;Asfaltata;Verticale ed orizzontale;Sereno;Normale;Buona;;2;0;0;0;12.5153;41.8863;-1;1;Autovettura privata;In marcia / fermata / arresto;Conducente;M;Rimandato;0;NON DECEDUTO;Non accertato;Inesploso
5731629;9;07/12/2021 12:10:00;Strada Urbana;VIA LA SPEZIA;all'intersezione semaforizzata con;VIA FOLIGNO;VIA FOLIGNO;;;Scontro frontale fra veicoli in marcia;Intersezione semaforizzata;Una carreggiata a doppio senso;Asciutto;Asfaltata;Verticale ed orizzontale;Sereno;Normale;Buona;;2;0;0;0;12.5153;41.8863;-1;2;Motociclo a solo;In marcia / fermata / arresto;Conducente;M;Rimandato;0;NON DECEDUTO;;
5731642;18;06/12/2021 12:20:00;Strada Urbana;VIA DI TORREVECCHIA;in prossimit�;;del civico n.;870;;Investimento di pedone;Rettilineo;Una carreggiata a doppio senso;Asciutto;Asfaltata;Temporanea di cantiere;Sereno;Normale;Buona;;1;0;0;1;12.4084;41.9172;-1;;;;Pedone;F;Rimandato;0;NON DECEDUTO;;
5731642;18;06/12/2021 12:20:00;Strada Urbana;VIA DI TORREVECCHIA;in prossimit�;;del civico n.;870;;Investimento di pedone;Rettilineo;Una carreggiata a doppio senso;Asciutto;Asfaltata;Temporanea di cantiere;Sereno;Normale;Buona;;1;0;0;1;12.4084;41.9172;-1;1;Autovettura privata;In marcia / fermata / arresto;Conducente;F;Illeso;0;;Non accertato;Inesploso
5731646;15;07/12/2021 11:30:00;Strada Urbana;VIA PORTUENSE;all'intersezione semaforizzata con;VIA DELLA FANELLA;VIA DELLA FANELLA;;;Scontro laterale fra veicoli in marcia;Intersezione semaforizzata;Una carreggiata a doppio senso;Asciutto;Asfaltata;Verticale ed orizzontale;Sereno;Normale;Buona;;0;0;0;2;12.414;41.8469;-1;1;Autovettura privata;In marcia / fermata / arresto;Conducente;M;Illeso;0;;Non accertato;Inesploso
5731646;15;07/12/2021 11:30:00;Strada Urbana;VIA PORTUENSE;all'intersezione semaforizzata con;VIA DELLA FANELLA;VIA DELLA FANELLA;;;Scontro laterale fra veicoli in marcia;Intersezione semaforizzata;Una carreggiata a doppio senso;Asciutto;Asfaltata;Verticale ed orizzontale;Sereno;Normale;Buona;;0;0;0;2;12.414;41.8469;-1;1;Autovettura privata;In marcia / fermata / arresto;Passeggero;F;Illeso;0;;Non accertato;Inesploso
5731646;15;07/12/2021 11:30:00;Strada Urbana;VIA PORTUENSE;all'intersezione semaforizzata con;VIA DELLA FANELLA;VIA DELLA FANELLA;;;Scontro laterale fra veicoli in marcia;Intersezione semaforizzata;Una carreggiata a doppio senso;Asciutto;Asfaltata;Verticale ed orizzontale;Sereno;Normale;Buona;;0;0;0;2;12.414;41.8469;-1;2;Autocarro inferiore 35 q.;Allontanatosi;;;;;;;
5731655;18;05/12/2021 13:00:00;Strada Urbana;VIA ALFONSO SPLENDORE;da specificare;;;;INTERNO PARCHEGGIO;Investimento di pedone;Rettilineo;Una carreggiata a senso unico di marcia;Asciutto;Asfaltata;Orizzontale;Sereno;Scarso;Buona;;1;0;0;1;12.3885;41.9095;0;;;;Pedone;M;Rifiuta cure immediate;0;NON DECEDUTO;;
5731655;18;05/12/2021 13:00:00;Strada Urbana;VIA ALFONSO SPLENDORE;da specificare;;;;INTERNO PARCHEGGIO;Investimento di pedone;Rettilineo;Una carreggiata a senso unico di marcia;Asciutto;Asfaltata;Orizzontale;Sereno;Scarso;Buona;;1;0;0;1;12.3885;41.9095;0;1;Autovettura privata;In marcia / fermata / arresto;Conducente;M;Illeso;0;;Non accertato;Inesploso
5731662;2;02/12/2021 18:30:00;Strada Urbana;VIA SALARIA;da specificare;;;;altezza VIA DI PONTE SALARIO;Veicolo in marcia contro ostacolo accidentale;Rettilineo;Una carreggiata a doppio senso;Asciutto;Asfaltata;Verticale ed orizzontale;Sereno;Normale;Sufficiente;;0;0;0;1;12.5089;41.9363;-1;1;Autovettura privata;In marcia / fermata / arresto;Conducente;M;Illeso;0;;;
5731666;18;07/12/2021 14:45:00;Strada Urbana;VIA GREGORIO VII;in corrispondenza;;del civico n.;253;;Ribaltamento senza urto contro ostacolo fisso;Rettilineo;Pi� di due carreggiate;Asciutto;Asfaltata;Verticale ed orizzontale;Sereno;Normale;Buona;;1;0;0;0;12.4448;41.8957;-1;1;Ciclomotore;In marcia / fermata / arresto;Conducente;F;Rifiuta cure immediate;0;NON DECEDUTO;Non accertato;
5731670;10;07/12/2021 11:50:00;Strada Urbana;VIA DEI FURI;all'intersezione con;PIAZZA DEL QUADRARETTO;PIAZZA DEL QUADRARETTO;;;Scontro laterale fra veicoli in marcia;Incrocio;Una carreggiata a senso unico di marcia;Asciutto;Asfaltata;Verticale ed orizzontale;Sereno;Normale;Buona;;1;0;0;1;12.5477;41.863;-1;1;Motociclo a solo;In marcia / fermata / arresto;Conducente;M;Ricoverato;0;NON DECEDUTO;Non accertato;
5731670;10;07/12/2021 11:50:00;Strada Urbana;VIA DEI FURI;all'intersezione con;PIAZZA DEL QUADRARETTO;PIAZZA DEL QUADRARETTO;;;Scontro laterale fra veicoli in marcia;Incrocio;Una carreggiata a senso unico di marcia;Asciutto;Asfaltata;Verticale ed orizzontale;Sereno;Normale;Buona;;1;0;0;1;12.5477;41.863;-1;2;Autovettura privata;In marcia / fermata / arresto;Conducente;M;Illeso;0;;Non accertato;Inesploso
5731682;18;06/12/2021 18:45:00;Strada Urbana;VIA DELLA MAGLIANELLA;in prossimit�;;del civico n.;170;;Veicolo in marcia contro ostacolo accidentale;Rettilineo;Una carreggiata a doppio senso;Asciutto;Asfaltata;Verticale;Sereno;Scarso;Buona;;0;0;0;1;12.378;41.9004;-1;1;Autovettura privata;In marcia / fermata / arresto;Conducente;M;Illeso;0;;;
5731697;18;06/12/2021 19:15:00;Strada Urbana;VIA DELLA MAGLIANELLA;in prossimit�;;del civico n.;170;;Veicolo in marcia che urta buche nella carreggiata;Rettilineo;Una carreggiata a doppio senso;Asciutto;Asfaltata;Verticale;Sereno;Scarso;Buona;;0;0;0;1;12.378;41.9004;-1;1;Autovettura privata;In marcia / fermata / arresto;Conducente;F;Illeso;0;;Non accertato;Inesploso
5731732;18;07/12/2021 09:05:00;Strada Urbana;VIA DI BOCCEA;in prossimit�;;del civico n.;240;;Investimento di pedone;Rettilineo;Una carreggiata a doppio senso;Asciutto;Asfaltata;Verticale ed orizzontale;Sereno;Normale;Buona;;1;0;0;1;12.4202;41.9036;-1;;;;Pedone;F;Rimandato;0;NON DECEDUTO;;
5731732;18;07/12/2021 09:05:00;Strada Urbana;VIA DI BOCCEA;in prossimit�;;del civico n.;240;;Investimento di pedone;Rettilineo;Una carreggiata a doppio senso;Asciutto;Asfaltata;Verticale ed orizzontale;Sereno;Normale;Buona;;1;0;0;1;12.4202;41.9036;-1;1;Motociclo a solo;In marcia / fermata / arresto;Conducente;M;Illeso;0;;Non accertato;
5731767;18;07/12/2021 14:10:00;;VIA DEL FORTE BRASCHI;in prossimit�;;del civico n.;35C;;Scontro frontale/laterale SX fra veicoli in marcia;;;;;;;;;;0;0;0;2;12.4213;41.9154;0;1;Autovettura privata;In marcia / fermata / arresto;Conducente;M;Illeso;0;;;
5731767;18;07/12/2021 14:10:00;;VIA DEL FORTE BRASCHI;in prossimit�;;del civico n.;35C;;Scontro frontale/laterale SX fra veicoli in marcia;;;;;;;;;;0;0;0;2;12.4213;41.9154;0;2;Autovettura privata;In marcia / fermata / arresto;Conducente;F;Illeso;0;;;
5731787;15;07/12/2021 13:50:00;Strada Urbana;VIA DI AFFOGALASINO;in prossimit�;;del civico n.;120;;Tamponamento;Rettilineo;Una carreggiata a doppio senso;Asciutto;Asfaltata;Verticale ed orizzontale;Sereno;Normale;Buona;;1;0;0;2;12.4351;41.854;-1;1;Autovettura privata;In marcia / fermata / arresto;Conducente;M;Illeso;0;;Non utilizzato;Esploso
5731787;15;07/12/2021 13:50:00;Strada Urbana;VIA DI AFFOGALASINO;in prossimit�;;del civico n.;120;;Tamponamento;Rettilineo;Una carreggiata a doppio senso;Asciutto;Asfaltata;Verticale ed orizzontale;Sereno;Normale;Buona;;1;0;0;2;12.4351;41.854;-1;1;Autovettura privata;In marcia / fermata / arresto;Passeggero;F;Rimandato;0;NON DECEDUTO;Non utilizzato;Esploso
5731787;15;07/12/2021 13:50:00;Strada Urbana;VIA DI AFFOGALASINO;in prossimit�;;del civico n.;120;;Tamponamento;Rettilineo;Una carreggiata a doppio senso;Asciutto;Asfaltata;Verticale ed orizzontale;Sereno;Normale;Buona;;1;0;0;2;12.4351;41.854;-1;2;Autovettura privata;In marcia / fermata / arresto;Conducente;F;Illeso;0;;Non utilizzato;Inesploso
5731787;15;07/12/2021 13:50:00;Strada Urbana;VIA DI AFFOGALASINO;in prossimit�;;del civico n.;120;;Tamponamento;Rettilineo;Una carreggiata a doppio senso;Asciutto;Asfaltata;Verticale ed orizzontale;Sereno;Normale;Buona;;1;0;0;2;12.4351;41.854;-1;3;Autovettura privata;Sosta;;;;;;;
5731800;19;07/12/2021 08:10:00;Strada Urbana;VIA TRICERRO;all'intersezione con;VIA CONDOVE;VIA CONDOVE;;;Scontro frontale fra veicoli in marcia;Incrocio;Una carreggiata a senso unico di marcia;Asciutto;Asfaltata;Assente;Sereno;Scarso;Buona;;0;0;0;3;12.3204;41.9439;-1;1;Autovettura privata;In marcia / fermata / arresto;Conducente;M;Illeso;0;;Non accertato;Inesploso