Protocollo;Gruppo;DataOraIncidente;Localizzazione1;STRADA1;Localizzazione2;STRADA2;Strada02;Chilometrica;DaSpecificare;NaturaIncidente;particolaritastrade;TipoStrada;FondoStradale;Pavimentazione;Segnaletica;CondizioneAtmosferica;Traffico;Visibilita;Illuminazione;NUM_FERITI;NUM_RISERVATA;NUM_MORTI;NUM_ILLESI;Longitudine;Latitudine;Confermato;Progressivo;TipoVeicolo;StatoVeicolo;TipoPersona;Sesso;Tipolesione;Deceduto;DecedutoDopo;CinturaCascoUtilizzato;Airbag;
5734498;7;08/12/2021 19:00:00;Strada Urbana;VIALE PALMIRO TOGLIATTI;in corrispondenza;;del civico n.;561;;Veicolo in marcia contro veicolo in sosta;Rettilineo;Una carreggiata a senso unico di marcia;Bagnato (pioggia);Asfaltata;Verticale ed orizzontale;Pioggia in atto;Scarso;Sufficiente;;0;0;0;1;12.5708;41.8761;-1;1;Autovettura privata;In marcia / fermata / arresto;Conducente;M;Illeso;0;;Non accertato;Inesploso
5734498;7;08/12/2021 19:00:00;Strada Urbana;VIALE PALMIRO TOGLIATTI;in corrispondenza;;del civico n.;561;;Veicolo in marcia contro veicolo in sosta;Rettilineo;Una carreggiata a senso unico di marcia;Bagnato (pioggia);Asfaltata;Verticale ed orizzontale;Pioggia in atto;Scarso;Sufficiente;;0;0;0;1;12.5708;41.8761;-1;2;Autovettura privata;Sosta;;;;;;;
5734507;7;09/12/2021 17:40:00;Strada Urbana;VIA PRENESTINA;all'intersezione con;VIA DI TOR SAPIENZA;VIA DI TOR SAPIENZA;;;Scontro frontale/laterale DX fra veicoli in marcia;Incrocio;Due carreggiate;Asciutto;Asfaltata;Verticale ed orizzontale;Sereno;Normale;Buona;;0;0;0;4;12.5923;41.8941;-1;1;Autovettura privata;In marcia / fermata / arresto;Conducente;M;Illeso;0;;;
5734507;7;09/12/2021 17:40:00;Strada Urbana;VIA PRENESTINA;all'intersezione con;VIA DI TOR SAPIENZA;VIA DI TOR SAPIENZA;;;Scontro frontale/laterale DX fra veicoli in marcia;Incrocio;Due carreggiate;Asciutto;Asfaltata;Verticale ed orizzontale;Sereno;Normale;Buona;;0;0;0;4;12.5923;41.8941;-1;1;Autovettura privata;In marcia / fermata / arresto;Passeggero;F;Illeso;0;;Non accertato;Inesploso
5734507;7;09/12/2021 17:40:00;Strada Urbana;VIA PRENESTINA;all'intersezione con;VIA DI TOR SAPIENZA;VIA DI TOR SAPIENZA;;;Scontro frontale/laterale DX fra veicoli in marcia;Incrocio;Due carreggiate;Asciutto;Asfaltata;Verticale ed orizzontale;Sereno;Normale;Buona;;0;0;0;4;12.5923;41.8941;-1;2;Autovettura privata;In marcia / fermata / arresto;Conducente;F;Illeso;0;;;
5734507;7;09/12/2021 17:40:00;Strada Urbana;VIA PRENESTINA;all'intersezione con;VIA DI TOR SAPIENZA;VIA DI TOR SAPIENZA;;;Scontro frontale/laterale DX fra veicoli in marcia;Incrocio;Due carreggiate;Asciutto;Asfaltata;Verticale ed orizzontale;Sereno;Normale;Buona;;0;0;0;4;12.5923;41.8941;-1;2;Autovettura privata;In marcia / fermata / arresto;Passeggero;F;Illeso;0;;Non accertato;Inesploso
5734541;16;07/12/2021 14:00:00;Strada Urbana;VIA DI BRAVETTA;in prossimit�;;del civico n.;460;;Tamponamento;Rettilineo;Una carreggiata a doppio senso;Asciutto;Asfaltata;Verticale ed orizzontale;Sereno;Normale;Buona;;1;0;0;1;12.4241;41.8751;-1;1;Autovettura privata;In marcia / fermata / arresto;Conducente;F;Illeso;0;;Non accertato;Inesploso
5734541;16;07/12/2021 14:00:00;Strada Urbana;VIA DI BRAVETTA;in prossimit�;;del civico n.;460;;Tamponamento;Rettilineo;Una carreggiata a doppio senso;Asciutto;Asfaltata;Verticale ed orizzontale;Sereno;Normale;Buona;;1;0;0;1;12.4241;41.8751;-1;2;Motociclo con passeggero;In marcia / fermata / arresto;Conducente;M;Rimandato;0;NON DECEDUTO;Non accertato;
5734547;19;09/12/2021 08:40:00;Strada Urbana;VIA IPOGEO DEGLI OTTAVI;da specificare;;;;bretella di canaizzazione;Fuoriuscita dalla sede stradale;Rettilineo;Una carreggiata a senso unico di marcia;Bagnato (umidit� in atto);Asfaltata;Orizzontale;Nuvoloso;Normale;Buona;;0;0;0;1;12.405;41.9652;-1;1;Motociclo a solo;In marcia / fermata / arresto;Conducente;M;Illeso;0;;Non accertato;
5734549;16;07/12/2021 17:00:00;;VIA PIO FOA';in prossimit�;;del civico n.;53;;Scontro frontale/laterale DX fra veicoli in marcia;;;;;;;;;;0;0;0;2;;;0;1;Bicicletta elettrica;In marcia / fermata / arresto;Conducente;F;Illeso;0;;;
5734549;16;07/12/2021 17:00:00;;VIA PIO FOA';in prossimit�;;del civico n.;53;;Scontro frontale/laterale DX fra veicoli in marcia;;;;;;;;;;0;0;0;2;;;0;2;Motociclo con passeggero;In marcia / fermata / arresto;Conducente;M;Illeso;0;;;
5734559;1;09/12/2021 13:15:00;Strada Urbana;VIA PALESTRO;all'intersezione semaforizzata con;VIA SAN MARTINO DELLA BATTAGLIA;VIA SAN MARTINO DELLA BATTAGLIA;;;Scontro laterale fra veicoli in marcia;Intersezione semaforizzata;Una carreggiata a senso unico di marcia;Asciutto;Asfaltata;Verticale ed orizzontale;Nuvoloso;Normale;Buona;;1;0;0;4;12.5033;41.9057;-1;1;Autovettura di polizia;In marcia / fermata / arresto;Conducente;M;Illeso;0;;Non accertato;Inesploso
5734559;1;09/12/2021 13:15:00;Strada Urbana;VIA PALESTRO;all'intersezione semaforizzata con;VIA SAN MARTINO DELLA BATTAGLIA;VIA SAN MARTINO DELLA BATTAGLIA;;;Scontro laterale fra veicoli in marcia;Intersezione semaforizzata;Una carreggiata a senso unico di marcia;Asciutto;Asfaltata;Verticale ed orizzontale;Nuvoloso;Normale;Buona;;1;0;0;4;12.5033;41.9057;-1;1;Autovettura di polizia;In marcia / fermata / arresto;Passeggero;M;Illeso;0;;;
5734559;1;09/12/2021 13:15:00;Strada Urbana;VIA PALESTRO;all'intersezione semaforizzata con;VIA SAN MARTINO DELLA BATTAGLIA;VIA SAN MARTINO DELLA BATTAGLIA;;;Scontro laterale fra veicoli in marcia;Intersezione semaforizzata;Una carreggiata a senso unico di marcia;Asciutto;Asfaltata;Verticale ed orizzontale;Nuvoloso;Normale;Buona;;1;0;0;4;12.5033;41.9057;-1;1;Autovettura di polizia;In marcia / fermata / arresto;Passeggero;M;Illeso;0;;;
5734559;1;09/12/2021 13:15:00;Strada Urbana;VIA PALESTRO;all'intersezione semaforizzata con;VIA SAN MARTINO DELLA BATTAGLIA;VIA SAN MARTINO DELLA BATTAGLIA;;;Scontro laterale fra veicoli in marcia;Intersezione semaforizzata;Una carreggiata a senso unico di marcia;Asciutto;Asfaltata;Verticale ed orizzontale;Nuvoloso;Normale;Buona;;1;0;0;4;12.5033;41.9057;-1;1;Autovettura di polizia;In marcia / fermata / arresto;Passeggero;M;Illeso;0;;;
5734559;1;09/12/2021 13:15:00;Strada Urbana;VIA PALESTRO;all'intersezione semaforizzata con;VIA SAN MARTINO DELLA BATTAGLIA;VIA SAN MARTINO DELLA BATTAGLIA;;;Scontro laterale fra veicoli in marcia;Intersezione semaforizzata;Una carreggiata a senso unico di marcia;Asciutto;Asfaltata;Verticale ed orizzontale;Nuvoloso;Normale;Buona;;1;0;0;4;12.5033;41.9057;-1;2;Motociclo a solo;In marcia / fermata / arresto;Conducente;M;Rimandato;0;NON DECEDUTO;Non accertato;
5734560;7;09/12/2021 18:10:00;Strada Urbana;VIA DEI PLATANI;in prossimit�;;del civico n.;153;;Veicolo in marcia contro veicolo in sosta;Rettilineo;Una carreggiata a doppio senso;Asciutto;Asfaltata;Orizzontale;Sereno;Normale;Sufficiente;;0;0;0;2;12.57;41.881;-1;1;Autovettura privata;In marcia / fermata / arresto;Conducente;F;Illeso;0;;;
5734560;7;09/12/2021 18:10:00;Strada Urbana;VIA DEI PLATANI;in prossimit�;;del civico n.;153;;Veicolo in marcia contro veicolo in sosta;Rettilineo;Una carreggiata a doppio senso;Asciutto;Asfaltata;Orizzontale;Sereno;Normale;Sufficiente;;0;0;0;2;12.57;41.881;-1;1;Autovettura privata;In marcia / fermata / arresto;Passeggero;F;Illeso;0;;Non accertato;Inesploso
5734560;7;09/12/2021 18:10:00;Strada Urbana;VIA DEI PLATANI;in prossimit�;;del civico n.;153;;Veicolo in marcia contro veicolo in sosta;Rettilineo;Una carreggiata a doppio senso;Asciutto;Asfaltata;Orizzontale;Sereno;Normale;Sufficiente;;0;0;0;2;12.57;41.881;-1;2;Autovettura privata;Sosta;;;;;;;
5734560;7;09/12/2021 18:10:00;Strada Urbana;VIA DEI PLATANI;in prossimit�;;del civico n.;153;;Veicolo in marcia contro veicolo in sosta;Rettilineo;Una carreggiata a doppio senso;Asciutto;Asfaltata;Orizzontale;Sereno;Normale;Sufficiente;;0;0;0;2;12.57;41.881;-1;3;Autovettura privata;Sosta;;;;;;;
5734561;16;07/12/2021 18:05:00;Strada Urbana;VIA DELLA PISANA;in prossimit�;;del civico n.;112B;;Scontro frontale/laterale DX fra veicoli in marcia;Rettilineo;Una carreggiata a doppio senso;Asciutto;Asfaltata;Verticale ed orizzontale;Sereno;Intenso;Buona;;1;0;0;1;12.4187;41.8832;-1;1;Autovettura privata;In marcia / fermata / arresto;Conducente;M;Illeso;0;;Non accertato;
5734561;16;07/12/2021 18:05:00;Strada Urbana;VIA DELLA PISANA;in prossimit�;;del civico n.;112B;;Scontro frontale/laterale DX fra veicoli in marcia;Rettilineo;Una carreggiata a doppio senso;Asciutto;Asfaltata;Verticale ed orizzontale;Sereno;Intenso;Buona;;1;0;0;1;12.4187;41.8832;-1;2;Motociclo con passeggero;In marcia / fermata / arresto;Conducente;M;Rimandato;0;NON DECEDUTO;Non accertato;
5734566;12;09/12/2021 15:30:00;Strada Urbana;VIA DI TRIGORIA;da specificare;;;;prossimit� svincolo Pontina;Scontro laterale fra veicoli in marcia;Rettilineo;Una carreggiata a doppio senso;Asciutto;Asfaltata;Verticale ed orizzontale;Nuvoloso;Scarso;Buona;;0;0;0;4;12.4613;41.7369;-1;1;Autoambulanza;In marcia / fermata / arresto;Conducente;M;Illeso;0;;;
5734566;12;09/12/2021 15:30:00;Strada Urbana;VIA DI TRIGORIA;da specificare;;;;prossimit� svincolo Pontina;Scontro laterale fra veicoli in marcia;Rettilineo;Una carreggiata a doppio senso;Asciutto;Asfaltata;Verticale ed orizzontale;Nuvoloso;Scarso;Buona;;0;0;0;4;12.4613;41.7369;-1;1;Autoambulanza;In marcia / fermata / arresto;Passeggero;F;Illeso;0;;Utilizzato;
5734566;12;09/12/2021 15:30:00;Strada Urbana;VIA DI TRIGORIA;da specificare;;;;prossimit� svincolo Pontina;Scontro laterale fra veicoli in marcia;Rettilineo;Una carreggiata a doppio senso;Asciutto;Asfaltata;Verticale ed orizzontale;Nuvoloso;Scarso;Buona;;0;0;0;4;12.4613;41.7369;-1;2;Autovettura privata;In marcia / fermata / arresto;Conducente;M;Illeso;0;;;
5734566;12;09/12/2021 15:30:00;Strada Urbana;VIA DI TRIGORIA;da specificare;;;;prossimit� svincolo Pontina;Scontro laterale fra veicoli in marcia;Rettilineo;Una carreggiata a doppio senso;Asciutto;Asfaltata;Verticale ed orizzontale;Nuvoloso;Scarso;Buona;;0;0;0;4;12.4613;41.7369;-1;2;Autovettura privata;In marcia / fermata / arresto;Passeggero;F;Illeso;0;;Utilizzato;
5734568;16;07/12/2021 20:05:00;Strada Urbana;CIRCONVALLAZIONE GIANICOLENSE;in prossimit�;;del civico n.;10;;Scontro laterale fra veicoli in marcia;Rettilineo;Pi� di due carreggiate;Asciutto;Asfaltata;Verticale ed orizzontale;Sereno;Normale;Buona;;0;0;0;3;12.4648;41.8738;-1;1;Autovettura privata;In marcia / fermata / arresto;Conducente;M;Illeso;0;;Non accertato;
5734568;16;07/12/2021 20:05:00;Strada Urbana;CIRCONVALLAZIONE GIANICOLENSE;in prossimit�;;del civico n.;10;;Scontro laterale fra veicoli in marcia;Rettilineo;Pi� di due carreggiate;Asciutto;Asfaltata;Verticale ed orizzontale;Sereno;Normale;Buona;;0;0;0;3;12.4648;41.8738;-1;1;Autovettura privata;In marcia / fermata / arresto;Passeggero;M;Illeso;0;;Non accertato;
5734568;16;07/12/2021 20:05:00;Strada Urbana;CIRCONVALLAZIONE GIANICOLENSE;in prossimit�;;del civico n.;10;;Scontro laterale fra veicoli in marcia;Rettilineo;Pi� di due carreggiate;Asciutto;Asfaltata;Verticale ed orizzontale;Sereno;Normale;Buona;;0;0;0;3;12.4648;41.8738;-1;2;Autovettura privata;In marcia / fermata / arresto;Conducente;F;Illeso;0;;Non accertato;
5734570;1;09/12/2021 16:15:00;Strada Urbana;LUNGOTEVERE IN AUGUSTA;all'intersezione con;PASSEGGIATA DI RIPETTA;PASSEGGIATA DI RIPETTA;;;Scontro laterale fra veicoli in marcia;Incrocio;Una carreggiata a senso unico di marcia;Asciutto;Asfaltata;Verticale ed orizzontale;Nuvoloso;Intenso;Buona;;0;0;0;4;12.4748;41.9076;-1;1;Autovettura di polizia;In marcia / fermata / arresto;Conducente;M;Illeso;0;;Non accertato;Inesploso
5734570;1;09/12/2021 16:15:00;Strada Urbana;LUNGOTEVERE IN AUGUSTA;all'intersezione con;PASSEGGIATA DI RIPETTA;PASSEGGIATA DI RIPETTA;;;Scontro laterale fra veicoli in marcia;Incrocio;Una carreggiata a senso unico di marcia;Asciutto;Asfaltata;Verticale ed orizzontale;Nuvoloso;Intenso;Buona;;0;0;0;4;12.4748;41.9076;-1;1;Autovettura di polizia;In marcia / fermata / arresto;Passeggero;M;Illeso;0;;Non accertato;Inesploso
5734570;1;09/12/2021 16:15:00;Strada Urbana;LUNGOTEVERE IN AUGUSTA;all'intersezione con;PASSEGGIATA DI RIPETTA;PASSEGGIATA DI RIPETTA;;;Scontro laterale fra veicoli in marcia;Incrocio;Una carreggiata a senso unico di marcia;Asciutto;Asfaltata;Verticale ed orizzontale;Nuvoloso;Intenso;Buona;;0;0;0;4;12.4748;41.9076;-1;1;Autovettura di polizia;In marcia / fermata / arresto;Passeggero;M;Illeso;0;;Non accertato;Inesploso
5734570;1;09/12/2021 16:15:00;Strada Urbana;LUNGOTEVERE IN AUGUSTA;all'intersezione con;PASSEGGIATA DI RIPETTA;PASSEGGIATA DI RIPETTA;;;Scontro laterale fra veicoli in marcia;Incrocio;Una carreggiata a senso unico di marcia;Asciutto;Asfaltata;Verticale ed orizzontale;Nuvoloso;Intenso;Buona;;0;0;0;4;12.4748;41.9076;-1;2;Autovettura privata;In marcia / fermata / arresto;Conducente;M;Illeso;0;;Non accertato;Inesploso
5734604;6;09/12/2021 18:15:00;Strada Urbana;VIALE DELLA VENEZIA GIULIA;all'intersezione con;VIALE DELLA STAZIONE PRENESTINA;VIALE DELLA STAZIONE PRENESTINA;;;Scontro frontale/laterale DX fra veicoli in marcia;Incrocio;Pi� di due carreggiate;Asciutto;Asfaltata;Verticale ed orizzontale;Nuvoloso;Scarso;Sufficiente;;0;0;0;2;12.5464;41.8955;-1;1;Autobus urbano;In marcia / fermata / arresto;Conducente;M;Illeso;0;;Non accertato;Inesploso
5734604;6;09/12/2021 18:15:00;Strada Urbana;VIALE DELLA VENEZIA GIULIA;all'intersezione con;VIALE DELLA STAZIONE PRENESTINA;VIALE DELLA STAZIONE PRENESTINA;;;Scontro frontale/laterale DX fra veicoli in marcia;Incrocio;Pi� di due carreggiate;Asciutto;Asfaltata;Verticale ed orizzontale;Nuvoloso;Scarso;Sufficiente;;0;0;0;2;12.5464;41.8955;-1;2;Autovettura privata;In marcia / fermata / arresto;Conducente;M;Illeso;0;;Non accertato;Inesploso
5734709;12;09/12/2021 20:25:00;Strada Urbana;VIA CATERINA TROIANI;in prossimit�;;del palo luce n.;2;;Veicolo in marcia contro ostacolo accidentale;Rettilineo;Una carreggiata a doppio senso;Asciutto;Asfaltata;Verticale ed orizzontale;Nuvoloso;Scarso;Buona;;0;0;0;1;12.4525;41.813;-1;1;Autobus urbano;In marcia / fermata / arresto;Conducente;M;Illeso;0;;Non accertato;Inesploso
5734853;12;09/12/2021 18:00:00;Provinciale;VIA DELLA FALCOGNANA;da specificare;;;;km 3,000;Veicolo in marcia che urta buche nella carreggiata;Rettilineo;Una carreggiata a doppio senso;Bagnato (pioggia);Asfaltata;Verticale ed orizzontale;Nuvoloso;Normale;Sufficiente;;0;0;0;1;12.5822;41.771;-1;1;Autovettura privata;In marcia / fermata / arresto;Conducente;M;Illeso;0;;Utilizzato;Inesploso
5734866;12;09/12/2021 18:15:00;Strada Urbana;VIA DI MEZZOCAMMINO;all'intersezione con;LARGO DELLE PLEIADI;LARGO DELLE PLEIADI;;;Scontro frontale/laterale DX fra veicoli in marcia;Incrocio;Una carreggiata a doppio senso;Asciutto;Asfaltata;Verticale ed orizzontale;Sereno;Intenso;Buona;;0;0;0;2;12.4375;41.79;-1;1;Autovettura privata;In marcia / fermata / arresto;Conducente;F;Illeso;0;;Utilizzato;Inesploso
5734866;12;09/12/2021 18:15:00;Strada Urbana;VIA DI MEZZOCAMMINO;all'intersezione con;LARGO DELLE PLEIADI;LARGO DELLE PLEIADI;;;Scontro frontale/laterale DX fra veicoli in marcia;Incrocio;Una carreggiata a doppio senso;Asciutto;Asfaltata;Verticale ed orizzontale;Sereno;Intenso;Buona;;0;0;0;2;12.4375;41.79;-1;2;Autovettura privata;In marcia / fermata / arresto;Conducente;F;Illeso;0;;Utilizzato;Inesploso
5734893;12;10/12/2021 04:40:00;Provinciale;VIA PONTINA;da specificare;;;;KM 19 DIREZIONE POMEZIA;Fuoriuscita dalla sede stradale;Curva senza visuale libera;Due carreggiate;Bagnato (umidit� in atto);Asfaltata;Verticale ed orizzontale;Sereno;Scarso;Insufficiente;;1;0;0;0;12.452;41.7918;-1;1;Autovettura privata;In marcia / fermata / arresto;Conducente;M;Rimandato;0;NON DECEDUTO;;
5734894;15;09/12/2021 14:20:00;Strada Urbana;VIA DELLA MAGLIANA;da specificare;;;;IN PROSSIMITA' FRONTE CIVICO 368/A;Veicolo in marcia che urta buche nella carreggiata;Rettilineo;Due carreggiate;Asciutto;Asfaltata;Verticale ed orizzontale;Sereno;Normale;Sufficiente;;0;0;0;3;12.4196;41.8317;-1;1;Autovettura privata;In marcia / fermata / arresto;Conducente;M;Illeso;0;;Non accertato;Inesploso
5734894;15;09/12/2021 14:20:00;Strada Urbana;VIA DELLA MAGLIANA;da specificare;;;;IN PROSSIMITA' FRONTE CIVICO 368/A;Veicolo in marcia che urta buche nella carreggiata;Rettilineo;Due carreggiate;Asciutto;Asfaltata;Verticale ed orizzontale;Sereno;Normale;Sufficiente;;0;0;0;3;12.4196;41.8317;-1;1;Autovettura privata;In marcia / fermata / arresto;Passeggero;M;Illeso;0;;Non accertato;Inesploso
5734894;15;09/12/2021 14:20:00;Strada Urbana;VIA DELLA MAGLIANA;da specificare;;;;IN PROSSIMITA' FRONTE CIVICO 368/A;Veicolo in marcia che urta buche nella carreggiata;Rettilineo;Due carreggiate;Asciutto;Asfaltata;Verticale ed orizzontale;Sereno;Normale;Sufficiente;;0;0;0;3;12.4196;41.8317;-1;1;Autovettura privata;In marcia / fermata / arresto;Passeggero;F;Illeso;0;;Non accertato;Inesploso
5734906;15;09/12/2021 16:30:00;Strada Urbana;LUNGOTEVERE DEGLI INVENTORI;da specificare;;;;fronte civico 10;Veicolo in marcia contro ostacolo fisso;Rettilineo;Una carreggiata a doppio senso;Asciutto;Asfaltata;Orizzontale;Sereno;Intenso;Buona;;0;0;0;1;12.4671;41.8611;-1;1;Autovettura privata;In marcia / fermata / arresto;Conducente;F;Illeso;0;;;
5734947;10;10/12/2021 06:50:00;Strada Urbana;VIA VINCENZO LAMARO;in prossimit�;;del civico n.;12;;Scontro laterale fra veicoli in marcia;Rettilineo;Una carreggiata a doppio senso;Asciutto;Asfaltata;Verticale ed orizzontale;Sereno;Normale;Buona;;0;0;0;2;12.5732;41.8513;-1;1;Autovettura privata;In marcia / fermata / arresto;Conducente;F;Illeso;0;;Non accertato;Inesploso
5734947;10;10/12/2021 06:50:00;Strada Urbana;VIA VINCENZO LAMARO;in prossimit�;;del civico n.;12;;Scontro laterale fra veicoli in marcia;Rettilineo;Una carreggiata a doppio senso;Asciutto;Asfaltata;Verticale ed orizzontale;Sereno;Normale;Buona;;0;0;0;2;12.5732;41.8513;-1;2;Autovettura privata;In marcia / fermata / arresto;Conducente;M;Illeso;0;;Non accertato;Inesploso
5734949;7;09/12/2021 07:45:00;Strada Urbana;VIA PRENESTINA;in corrispondenza;;del civico n.;1082;;Scontro frontale/laterale SX fra veicoli in marcia;Rettilineo;Una carreggiata a doppio senso;Bagnato (pioggia);Asfaltata;Verticale ed orizzontale;Nuvoloso;Intenso;Buona;;0;0;0;2;12.6147;41.893;-1;1;Autovettura privata;In marcia / fermata / arresto;Conducente;M;Illeso;0;;Non accertato;Inesploso
5734949;7;09/12/2021 07:45:00;Strada Urbana;VIA PRENESTINA;in corrispondenza;;del civico n.;1082;;Scontro frontale/laterale SX fra veicoli in marcia;Rettilineo;Una carreggiata a doppio senso;Bagnato (pioggia);Asfaltata;Verticale ed orizzontale;Nuvoloso;Intenso;Buona;;0;0;0;2;12.6147;41.893;-1;2;Autovettura privata;In marcia / fermata / arresto;Conducente;F;Illeso;0;;Non accertato;Inesploso
5734951;20;09/12/2021 14:00:00;Strada Urbana;VIA DELLA FONTANA MORTA;in prossimit�;;del civico n.;288;;Fuoriuscita dalla sede stradale;Rettilineo;Una carreggiata a doppio senso;Asciutto;Asfaltata;Assente;Nuvoloso;Scarso;Buona;;0;0;0;1;12.3588;42.0647;-1;1;Autocarro inferiore 35 q.;In marcia / fermata / arresto;Conducente;M;Illeso;0;;;
5734959;18;08/12/2021 21:20:00;Strada Urbana;PIAZZA PIO XI;all'intersezione con;VIA GREGORIO VII;VIA GREGORIO VII;;;Scontro frontale/laterale DX fra veicoli in marcia;Intersezione semaforizzata;Due carreggiate;Asciutto;Asfaltata;Verticale ed orizzontale;Sereno;Scarso;Buona;;2;0;0;1;12.4401;41.8959;-1;1;Autovettura privata;In marcia / fermata / arresto;Conducente;M;Illeso;0;;Non accertato;Esploso
5734959;18;08/12/2021 21:20:00;Strada Urbana;PIAZZA PIO XI;all'intersezione con;VIA GREGORIO VII;VIA GREGORIO VII;;;Scontro frontale/laterale DX fra veicoli in marcia;Intersezione semaforizzata;Due carreggiate;Asciutto;Asfaltata;Verticale ed orizzontale;Sereno;Scarso;Buona;;2;0;0;1;12.4401;41.8959;-1;2;Autovettura privata;In marcia / fermata / arresto;Conducente;M;Rimandato;0;NON DECEDUTO;Non accertato;Inesploso
5734959;18;08/12/2021 21:20:00;Strada Urbana;PIAZZA PIO XI;all'intersezione con;VIA GREGORIO VII;VIA GREGORIO VII;;;Scontro frontale/laterale DX fra veicoli in marcia;Intersezione semaforizzata;Due carreggiate;Asciutto;Asfaltata;Verticale ed orizzontale;Sereno;Scarso;Buona;;2;0;0;1;12.4401;41.8959;-1;2;Autovettura privata;In marcia / fermata / arresto;Passeggero;M;Rimandato;0;NON DECEDUTO;Non accertato;Inesploso
5734964;17;08/12/2021 04:00:00;Strada Urbana;PIAZZA ADRIANA;all'intersezione con;VIA CRESCENZIO;VIA CRESCENZIO;;;Scontro laterale fra veicoli in marcia;Incrocio;Due carreggiate;Asciutto;Asfaltata;Verticale ed orizzontale;Sereno;Scarso;Buona;;0;0;0;2;12.4673;41.9047;-1;1;Autovettura privata;In marcia / fermata / arresto;Conducente;M;Illeso;0;;;
5734964;17;08/12/2021 04:00:00;Strada Urbana;PIAZZA ADRIANA;all'intersezione con;VIA CRESCENZIO;VIA CRESCENZIO;;;Scontro laterale fra veicoli in marcia;Incrocio;Due carreggiate;Asciutto;Asfaltata;Verticale ed orizzontale;Sereno;Scarso;Buona;;0;0;0;2;12.4673;41.9047;-1;2;Autovettura privata;In marcia / fermata / arresto;Conducente;M;Illeso;0;;;
5734965;11;09/12/2021 14:30:00;Strada Urbana;VIA DEL SERAFICO;in corrispondenza;;del civico n.;159;;Scontro frontale/laterale SX fra veicoli in marcia;Rettilineo;Una carreggiata a senso unico di marcia;Asciutto;Asfaltata;Verticale;Nuvoloso;Scarso;Buona;;0;0;0;4;12.4915;41.8322;-1;1;Autovettura privata;In marcia / fermata / arresto;Conducente;F;Illeso;0;;Non accertato;
5734965;11;09/12/2021 14:30:00;Strada Urbana;VIA DEL SERAFICO;in corrispondenza;;del civico n.;159;;Scontro frontale/laterale SX fra veicoli in marcia;Rettilineo;Una carreggiata a senso unico di marcia;Asciutto;Asfaltata;Verticale;Nuvoloso;Scarso;Buona;;0;0;0;4;12.4915;41.8322;-1;1;Autovettura privata;In marcia / fermata / arresto;Passeggero;M;Illeso;0;;Non accertato;
5734965;11;09/12/2021 14:30:00;Strada Urbana;VIA DEL SERAFICO;in corrispondenza;;del civico n.;159;;Scontro frontale/laterale SX fra veicoli in marcia;Rettilineo;Una carreggiata a senso unico di marcia;Asciutto;Asfaltata;Verticale;Nuvoloso;Scarso;Buona;;0;0;0;4;12.4915;41.8322;-1;1;Autovettura privata;In marcia / fermata / arresto;Passeggero;F;Illeso;0;;Non accertato;
5734965;11;09/12/2021 14:30:00;Strada Urbana;VIA DEL SERAFICO;in corrispondenza;;del civico n.;159;;Scontro frontale/laterale SX fra veicoli in marcia;Rettilineo;Una carreggiata a senso unico di marcia;Asciutto;Asfaltata;Verticale;Nuvoloso;Scarso;Buona;;0;0;0;4;12.4915;41.8322;-1;2;Autovettura privata;In marcia / fermata / arresto;Conducente;M;Illeso;0;;Non accertato;
5734969;13;08/12/2021 18:00:00;Strada Urbana;PIAZZALE DELL'AQUILONE;in corrispondenza;;del civico n.;4;;Tamponamento Multiplo;Rettilineo;Due carreggiate;Bagnato (pioggia);Asfaltata;Verticale ed orizzontale;Pioggia in atto;Normale;Sufficiente;;0;0;0;6;12.3064;41.7182;-1;1;Autovettura privata;In marcia / fermata / arresto;Conducente;M;Illeso;0;;;
5734969;13;08/12/2021 18:00:00;Strada Urbana;PIAZZALE DELL'AQUILONE;in corrispondenza;;del civico n.;4;;Tamponamento Multiplo;Rettilineo;Due carreggiate;Bagnato (pioggia);Asfaltata;Verticale ed orizzontale;Pioggia in atto;Normale;Sufficiente;;0;0;0;6;12.3064;41.7182;-1;1;Autovettura privata;In marcia / fermata / arresto;Passeggero;F;Illeso;0;;;
5734969;13;08/12/2021 18:00:00;Strada Urbana;PIAZZALE DELL'AQUILONE;in corrispondenza;;del civico n.;4;;Tamponamento Multiplo;Rettilineo;Due carreggiate;Bagnato (pioggia);Asfaltata;Verticale ed orizzontale;Pioggia in atto;Normale;Sufficiente;;0;0;0;6;12.3064;41.7182;-1;2;Autovettura privata;In marcia / fermata / arresto;Conducente;M;Illeso;0;;;
5734969;13;08/12/2021 18:00:00;Strada Urbana;PIAZZALE DELL'AQUILONE;in corrispondenza;;del civico n.;4;;Tamponamento Multiplo;Rettilineo;Due carreggiate;Bagnato (pioggia);Asfaltata;Verticale ed orizzontale;Pioggia in atto;Normale;Sufficiente;;0;0;0;6;12.3064;41.7182;-1;2;Autovettura privata;In marcia / fermata / arresto;Passeggero;F;Illeso;0;;;
5734969;13;08/12/2021 18:00:00;Strada Urbana;PIAZZALE DELL'AQUILONE;in corrispondenza;;del civico n.;4;;Tamponamento Multiplo;Rettilineo;Due carreggiate;Bagnato (pioggia);Asfaltata;Verticale ed orizzontale;Pioggia in atto;Normale;Sufficiente;;0;0;0;6;12.3064;41.7182;-1;3;Autovettura privata;In marcia / fermata / arresto;Conducente;M;Illeso;0;;;