Protocollo;Gruppo;DataOraIncidente;Localizzazione1;STRADA1;Localizzazione2;STRADA2;Strada02;Chilometrica;DaSpecificare;NaturaIncidente;particolaritastrade;TipoStrada;FondoStradale;Pavimentazione;Segnaletica;CondizioneAtmosferica;Traffico;Visibilita;Illuminazione;NUM_FERITI;NUM_RISERVATA;NUM_MORTI;NUM_ILLESI;Longitudine;Latitudine;Confermato;Progressivo;TipoVeicolo;StatoVeicolo;TipoPersona;Sesso;Tipolesione;Deceduto;DecedutoDopo;CinturaCascoUtilizzato;Airbag;
5736601;8;10/12/2021 13:50:00;Strada Urbana;VIA CONTESSA ENTELLINA;all'intersezione con;VIA GRATTERI;VIA GRATTERI;;;Scontro frontale/laterale SX fra veicoli in marcia;Incrocio;Una carreggiata a doppio senso;Bagnato (pioggia);Asfaltata;Verticale;Nuvoloso;Scarso;Buona;;0;0;0;2;12.6715;41.8682;-1;2;Autocarro inferiore 35 q.;In marcia / fermata / arresto;Conducente;F;Illeso;0;;;
5736610;20;11/12/2021 03:10:00;Strada Urbana;GALLERIA GIOVANNI XXIII;da specificare;;;;altez. Km. 1,400 direzione Pineta Sacchetti;Scontro laterale fra veicoli in marcia;Galleria illuminata;Una carreggiata a senso unico di marcia;Asciutto;Asfaltata;Verticale ed orizzontale;Nuvoloso;Scarso;Sufficiente;;2;0;0;2;12.4411;41.9404;-1;1;Autovettura privata;In marcia / fermata / arresto;Conducente;M;Illeso;0;;Non accertato;
5736610;20;11/12/2021 03:10:00;Strada Urbana;GALLERIA GIOVANNI XXIII;da specificare;;;;altez. Km. 1,400 direzione Pineta Sacchetti;Scontro laterale fra veicoli in marcia;Galleria illuminata;Una carreggiata a senso unico di marcia;Asciutto;Asfaltata;Verticale ed orizzontale;Nuvoloso;Scarso;Sufficiente;;2;0;0;2;12.4411;41.9404;-1;1;Autovettura privata;In marcia / fermata / arresto;Passeggero;M;Illeso;0;;Non accertato;
5736610;20;11/12/2021 03:10:00;Strada Urbana;GALLERIA GIOVANNI XXIII;da specificare;;;;altez. Km. 1,400 direzione Pineta Sacchetti;Scontro laterale fra veicoli in marcia;Galleria illuminata;Una carreggiata a senso unico di marcia;Asciutto;Asfaltata;Verticale ed orizzontale;Nuvoloso;Scarso;Sufficiente;;2;0;0;2;12.4411;41.9404;-1;2;Autovettura privata;In marcia / fermata / arresto;Conducente;M;Rimandato;0;NON DECEDUTO;Non accertato;
5736610;20;11/12/2021 03:10:00;Strada Urbana;GALLERIA GIOVANNI XXIII;da specificare;;;;altez. Km. 1,400 direzione Pineta Sacchetti;Scontro laterale fra veicoli in marcia;Galleria illuminata;Una carreggiata a senso unico di marcia;Asciutto;Asfaltata;Verticale ed orizzontale;Nuvoloso;Scarso;Sufficiente;;2;0;0;2;12.4411;41.9404;-1;2;Autovettura privata;In marcia / fermata / arresto;Passeggero;M;Rimandato;0;NON DECEDUTO;Non accertato;
5736618;4;10/12/2021 14:40:00;Strada Urbana;VIA DELLA BUFALOTTA;in corrispondenza;;del civico n.;556;;Scontro laterale fra veicoli in marcia;Rettilineo;Una carreggiata a doppio senso;Bagnato (pioggia);Asfaltata;Verticale ed orizzontale;Pioggia in atto;Normale;Buona;;0;0;0;5;12.547;41.9598;-1;1;Autovettura privata;In marcia / fermata / arresto;Conducente;M;Illeso;0;;Non accertato;Inesploso
5736618;4;10/12/2021 14:40:00;Strada Urbana;VIA DELLA BUFALOTTA;in corrispondenza;;del civico n.;556;;Scontro laterale fra veicoli in marcia;Rettilineo;Una carreggiata a doppio senso;Bagnato (pioggia);Asfaltata;Verticale ed orizzontale;Pioggia in atto;Normale;Buona;;0;0;0;5;12.547;41.9598;-1;1;Autovettura privata;In marcia / fermata / arresto;Passeggero;F;Illeso;0;;Non accertato;Inesploso
5736618;4;10/12/2021 14:40:00;Strada Urbana;VIA DELLA BUFALOTTA;in corrispondenza;;del civico n.;556;;Scontro laterale fra veicoli in marcia;Rettilineo;Una carreggiata a doppio senso;Bagnato (pioggia);Asfaltata;Verticale ed orizzontale;Pioggia in atto;Normale;Buona;;0;0;0;5;12.547;41.9598;-1;1;Autovettura privata;In marcia / fermata / arresto;Passeggero;M;Illeso;0;;Non accertato;Inesploso
5736618;4;10/12/2021 14:40:00;Strada Urbana;VIA DELLA BUFALOTTA;in corrispondenza;;del civico n.;556;;Scontro laterale fra veicoli in marcia;Rettilineo;Una carreggiata a doppio senso;Bagnato (pioggia);Asfaltata;Verticale ed orizzontale;Pioggia in atto;Normale;Buona;;0;0;0;5;12.547;41.9598;-1;1;Autovettura privata;In marcia / fermata / arresto;Passeggero;M;Illeso;0;;Non accertato;Inesploso
5736618;4;10/12/2021 14:40:00;Strada Urbana;VIA DELLA BUFALOTTA;in corrispondenza;;del civico n.;556;;Scontro laterale fra veicoli in marcia;Rettilineo;Una carreggiata a doppio senso;Bagnato (pioggia);Asfaltata;Verticale ed orizzontale;Pioggia in atto;Normale;Buona;;0;0;0;5;12.547;41.9598;-1;2;Motociclo a solo;In marcia / fermata / arresto;Conducente;M;Illeso;0;;Non accertato;
5736619;1;10/12/2021 17:20:00;Strada Urbana;VIA PANISPERNA;all'intersezione con;VIA DEL BOSCHETTO;VIA DEL BOSCHETTO;;;Scontro frontale/laterale SX fra veicoli in marcia;Incrocio;Una carreggiata a senso unico di marcia;Bagnato (pioggia);Acciotolata;Verticale ed orizzontale;Pioggia in atto;Normale;Buona;;0;0;0;2;12.4911;41.8965;-1;1;Autovettura privata;In marcia / fermata / arresto;Conducente;M;Illeso;0;;;
5736619;1;10/12/2021 17:20:00;Strada Urbana;VIA PANISPERNA;all'intersezione con;VIA DEL BOSCHETTO;VIA DEL BOSCHETTO;;;Scontro frontale/laterale SX fra veicoli in marcia;Incrocio;Una carreggiata a senso unico di marcia;Bagnato (pioggia);Acciotolata;Verticale ed orizzontale;Pioggia in atto;Normale;Buona;;0;0;0;2;12.4911;41.8965;-1;2;Autocarro inferiore 35 q.;In marcia / fermata / arresto;Conducente;M;Illeso;0;;;
5736636;4;10/12/2021 19:15:00;Statale;VIA SALARIA;da specificare;;;;fronte prossimit� civico 665;Scontro laterale fra veicoli in marcia;Rettilineo;Una carreggiata a senso unico di marcia;Bagnato (pioggia);Asfaltata;Orizzontale;Pioggia in atto;Intenso;Sufficiente;;0;0;0;7;12.5115;41.9873;-1;1;Autovettura privata;In marcia / fermata / arresto;Conducente;M;Illeso;0;;;
5736636;4;10/12/2021 19:15:00;Statale;VIA SALARIA;da specificare;;;;fronte prossimit� civico 665;Scontro laterale fra veicoli in marcia;Rettilineo;Una carreggiata a senso unico di marcia;Bagnato (pioggia);Asfaltata;Orizzontale;Pioggia in atto;Intenso;Sufficiente;;0;0;0;7;12.5115;41.9873;-1;1;Autovettura privata;In marcia / fermata / arresto;Passeggero;M;Illeso;0;;;
5736636;4;10/12/2021 19:15:00;Statale;VIA SALARIA;da specificare;;;;fronte prossimit� civico 665;Scontro laterale fra veicoli in marcia;Rettilineo;Una carreggiata a senso unico di marcia;Bagnato (pioggia);Asfaltata;Orizzontale;Pioggia in atto;Intenso;Sufficiente;;0;0;0;7;12.5115;41.9873;-1;2;Autovettura privata;In marcia / fermata / arresto;Conducente;M;Illeso;0;;;
5736636;4;10/12/2021 19:15:00;Statale;VIA SALARIA;da specificare;;;;fronte prossimit� civico 665;Scontro laterale fra veicoli in marcia;Rettilineo;Una carreggiata a senso unico di marcia;Bagnato (pioggia);Asfaltata;Orizzontale;Pioggia in atto;Intenso;Sufficiente;;0;0;0;7;12.5115;41.9873;-1;2;Autovettura privata;In marcia / fermata / arresto;Passeggero;F;Illeso;0;;;
5736636;4;10/12/2021 19:15:00;Statale;VIA SALARIA;da specificare;;;;fronte prossimit� civico 665;Scontro laterale fra veicoli in marcia;Rettilineo;Una carreggiata a senso unico di marcia;Bagnato (pioggia);Asfaltata;Orizzontale;Pioggia in atto;Intenso;Sufficiente;;0;0;0;7;12.5115;41.9873;-1;2;Autovettura privata;In marcia / fermata / arresto;Passeggero;F;Illeso;0;;;
5736681;4;10/12/2021 19:15:00;Provinciale entro l'abitato;VIA NOMENTANA;in corrispondenza;;del civico n.;1101;;Scontro laterale fra veicoli in marcia;Rettilineo;Una carreggiata a doppio senso;Bagnato (pioggia);Asfaltata;Verticale ed orizzontale;Pioggia in atto;Normale;Sufficiente;;1;0;0;4;12.5723;41.9533;-1;1;Autovettura privata;In marcia / fermata / arresto;Conducente;M;Illeso;0;;Non accertato;Inesploso
5736681;4;10/12/2021 19:15:00;Provinciale entro l'abitato;VIA NOMENTANA;in corrispondenza;;del civico n.;1101;;Scontro laterale fra veicoli in marcia;Rettilineo;Una carreggiata a doppio senso;Bagnato (pioggia);Asfaltata;Verticale ed orizzontale;Pioggia in atto;Normale;Sufficiente;;1;0;0;4;12.5723;41.9533;-1;1;Autovettura privata;In marcia / fermata / arresto;Passeggero;F;Illeso;0;;Non accertato;Inesploso
5736681;4;10/12/2021 19:15:00;Provinciale entro l'abitato;VIA NOMENTANA;in corrispondenza;;del civico n.;1101;;Scontro laterale fra veicoli in marcia;Rettilineo;Una carreggiata a doppio senso;Bagnato (pioggia);Asfaltata;Verticale ed orizzontale;Pioggia in atto;Normale;Sufficiente;;1;0;0;4;12.5723;41.9533;-1;1;Autovettura privata;In marcia / fermata / arresto;Passeggero;M;Illeso;0;;Non accertato;Inesploso
5736681;4;10/12/2021 19:15:00;Provinciale entro l'abitato;VIA NOMENTANA;in corrispondenza;;del civico n.;1101;;Scontro laterale fra veicoli in marcia;Rettilineo;Una carreggiata a doppio senso;Bagnato (pioggia);Asfaltata;Verticale ed orizzontale;Pioggia in atto;Normale;Sufficiente;;1;0;0;4;12.5723;41.9533;-1;1;Autovettura privata;In marcia / fermata / arresto;Passeggero;M;Illeso;0;;Non accertato;Inesploso
5736681;4;10/12/2021 19:15:00;Provinciale entro l'abitato;VIA NOMENTANA;in corrispondenza;;del civico n.;1101;;Scontro laterale fra veicoli in marcia;Rettilineo;Una carreggiata a doppio senso;Bagnato (pioggia);Asfaltata;Verticale ed orizzontale;Pioggia in atto;Normale;Sufficiente;;1;0;0;4;12.5723;41.9533;-1;2;Motociclo a solo;In marcia / fermata / arresto;Conducente;M;Rimandato;0;NON DECEDUTO;Non accertato;
5736715;12;11/12/2021 02:10:00;Strada Urbana;VIALE EGEO;in prossimit�;;del civico n.;133;;Veicolo in marcia contro veicolo in sosta;Rettilineo;Una carreggiata a doppio senso;Bagnato (pioggia);Asfaltata;Verticale ed orizzontale;Nuvoloso;Normale;Buona;;0;0;0;1;12.4546;41.829;-1;1;Autovettura privata;In marcia / fermata / arresto;Conducente;F;Illeso;0;;Utilizzato;Inesploso
5736715;12;11/12/2021 02:10:00;Strada Urbana;VIALE EGEO;in prossimit�;;del civico n.;133;;Veicolo in marcia contro veicolo in sosta;Rettilineo;Una carreggiata a doppio senso;Bagnato (pioggia);Asfaltata;Verticale ed orizzontale;Nuvoloso;Normale;Buona;;0;0;0;1;12.4546;41.829;-1;2;Autovettura privata;Sosta;;;;;;;
5736716;8;10/12/2021 16:20:00;Strada Urbana;VIA PRENESTINA;all'intersezione con;VIA DI PRATOLUNGO CASILINO;VIA DI PRATOLUNGO CASILINO;;;Scontro laterale fra veicoli in marcia;Incrocio;Una carreggiata a doppio senso;Bagnato (pioggia);Asfaltata;Verticale ed orizzontale;Pioggia in atto;Intenso;Sufficiente;;2;0;0;1;12.6603;41.891;-1;1;Autovettura privata;In marcia / fermata / arresto;Conducente;M;Illeso;0;;Non accertato;Inesploso
5736716;8;10/12/2021 16:20:00;Strada Urbana;VIA PRENESTINA;all'intersezione con;VIA DI PRATOLUNGO CASILINO;VIA DI PRATOLUNGO CASILINO;;;Scontro laterale fra veicoli in marcia;Incrocio;Una carreggiata a doppio senso;Bagnato (pioggia);Asfaltata;Verticale ed orizzontale;Pioggia in atto;Intenso;Sufficiente;;2;0;0;1;12.6603;41.891;-1;2;Autovettura privata;In marcia / fermata / arresto;Conducente;M;Rifiuta cure immediate;0;NON DECEDUTO;Non accertato;Inesploso
5736716;8;10/12/2021 16:20:00;Strada Urbana;VIA PRENESTINA;all'intersezione con;VIA DI PRATOLUNGO CASILINO;VIA DI PRATOLUNGO CASILINO;;;Scontro laterale fra veicoli in marcia;Incrocio;Una carreggiata a doppio senso;Bagnato (pioggia);Asfaltata;Verticale ed orizzontale;Pioggia in atto;Intenso;Sufficiente;;2;0;0;1;12.6603;41.891;-1;2;Autovettura privata;In marcia / fermata / arresto;Passeggero;F;Rimandato;0;NON DECEDUTO;Non accertato;Inesploso
5736720;13;09/12/2021 15:05:00;;VIA GIULIO BERTONI;all'intersezione con;VIA PIO RAJNA;VIA PIO RAJNA;;;Tamponamento;;;;;;;;;;0;0;0;2;12.3507;41.7356;0;1;Autovettura privata;In marcia / fermata / arresto;Conducente;M;Illeso;0;;;
5736720;13;09/12/2021 15:05:00;;VIA GIULIO BERTONI;all'intersezione con;VIA PIO RAJNA;VIA PIO RAJNA;;;Tamponamento;;;;;;;;;;0;0;0;2;12.3507;41.7356;0;1;Autovettura privata;In marcia / fermata / arresto;Passeggero;M;Illeso;0;;;
5736720;13;09/12/2021 15:05:00;;VIA GIULIO BERTONI;all'intersezione con;VIA PIO RAJNA;VIA PIO RAJNA;;;Tamponamento;;;;;;;;;;0;0;0;2;12.3507;41.7356;0;2;Autovettura privata;In marcia / fermata / arresto;;;;;;;
5736744;15;10/12/2021 10:20:00;Strada Urbana;VIA PORTUENSE;da specificare;;;;direzione Fiumicino palo acea 820;Veicolo in marcia contro ostacolo fisso;Rettilineo;Una carreggiata a doppio senso;Asciutto;Asfaltata;Verticale ed orizzontale;Nuvoloso;Normale;Buona;;0;0;1;1;12.3317;41.8122;-1;1;Autovettura privata;In marcia / fermata / arresto;Conducente;M;Ricoverato;0;DECEDUTO ENTRO 15 GIORNI;Non accertato;Inesploso
5736744;15;10/12/2021 10:20:00;Strada Urbana;VIA PORTUENSE;da specificare;;;;direzione Fiumicino palo acea 820;Veicolo in marcia contro ostacolo fisso;Rettilineo;Una carreggiata a doppio senso;Asciutto;Asfaltata;Verticale ed orizzontale;Nuvoloso;Normale;Buona;;0;0;1;1;12.3317;41.8122;-1;1;Autovettura privata;In marcia / fermata / arresto;Passeggero;F;Illeso;0;;Non accertato;Inesploso
5736750;15;11/12/2021 02:10:00;Strada Urbana;VIA DELLA MAGLIANA;in corrispondenza;;del civico n.;640;;Veicolo in marcia contro ostacolo fisso;Rettilineo;Una carreggiata a doppio senso;Bagnato (pioggia);Asfaltata;Orizzontale;Pioggia in atto;Scarso;Sufficiente;;2;0;0;0;12.4256;41.8348;-1;1;Autovettura privata;In marcia / fermata / arresto;Conducente;M;Ricoverato;0;NON DECEDUTO;Utilizzato;Esploso
5736750;15;11/12/2021 02:10:00;Strada Urbana;VIA DELLA MAGLIANA;in corrispondenza;;del civico n.;640;;Veicolo in marcia contro ostacolo fisso;Rettilineo;Una carreggiata a doppio senso;Bagnato (pioggia);Asfaltata;Orizzontale;Pioggia in atto;Scarso;Sufficiente;;2;0;0;0;12.4256;41.8348;-1;1;Autovettura privata;In marcia / fermata / arresto;Passeggero;M;Rimandato;0;NON DECEDUTO;Non accertato;Esploso
5736764;8;10/12/2021 17:45:00;Strada Urbana;VIA WALTER TOBAGI;all'intersezione con;VIA DEL PETTIROSSO;VIA DEL PETTIROSSO;;;Scontro laterale fra veicoli in marcia;Incrocio;Due carreggiate;Bagnato (pioggia);Asfaltata;Verticale ed orizzontale;Pioggia in atto;Normale;Buona;;0;0;0;3;12.5973;41.8753;-1;1;Autovettura privata;In marcia / fermata / arresto;Conducente;M;Illeso;0;;;
5736764;8;10/12/2021 17:45:00;Strada Urbana;VIA WALTER TOBAGI;all'intersezione con;VIA DEL PETTIROSSO;VIA DEL PETTIROSSO;;;Scontro laterale fra veicoli in marcia;Incrocio;Due carreggiate;Bagnato (pioggia);Asfaltata;Verticale ed orizzontale;Pioggia in atto;Normale;Buona;;0;0;0;3;12.5973;41.8753;-1;1;Autovettura privata;In marcia / fermata / arresto;Passeggero;F;Illeso;0;;;
5736764;8;10/12/2021 17:45:00;Strada Urbana;VIA WALTER TOBAGI;all'intersezione con;VIA DEL PETTIROSSO;VIA DEL PETTIROSSO;;;Scontro laterale fra veicoli in marcia;Incrocio;Due carreggiate;Bagnato (pioggia);Asfaltata;Verticale ed orizzontale;Pioggia in atto;Normale;Buona;;0;0;0;3;12.5973;41.8753;-1;2;Autobus di linea;In marcia / fermata / arresto;Conducente;M;Illeso;0;;;
5736765;10;11/12/2021 08:20:00;Strada Urbana;AEROPORTO CIAMPINO - LARGO LEONARDO DA VINCI;da specificare;;;;altezza bus per Ciampino, stallo di stop n. 7;Veicolo in marcia contro veicolo fermo;Rettilineo;Una carreggiata a senso unico di marcia;Asciutto;Asfaltata;Verticale ed orizzontale;Nuvoloso;Normale;Buona;;0;0;0;2;12.5903;41.7994;-1;1;Autovettura pubblica;In marcia / fermata / arresto;Conducente;M;Illeso;0;;Non accertato;Inesploso
5736765;10;11/12/2021 08:20:00;Strada Urbana;AEROPORTO CIAMPINO - LARGO LEONARDO DA VINCI;da specificare;;;;altezza bus per Ciampino, stallo di stop n. 7;Veicolo in marcia contro veicolo fermo;Rettilineo;Una carreggiata a senso unico di marcia;Asciutto;Asfaltata;Verticale ed orizzontale;Nuvoloso;Normale;Buona;;0;0;0;2;12.5903;41.7994;-1;2;Autobus urbano;In marcia / fermata / arresto;Conducente;M;Illeso;0;;Non accertato;Inesploso
5736773;13;09/12/2021 17:55:00;Strada Urbana;VIA MONSIGNOR ARDUINO TERZI;in prossimit�;;del civico n.;166;;Veicolo in marcia che urta buche nella carreggiata;Rettilineo;Una carreggiata a doppio senso;Bagnato (umidit� in atto);Asfaltata;Assente;Nuvoloso;Scarso;Sufficiente;;0;0;0;3;12.3507;41.7642;-1;1;Autovettura privata;In marcia / fermata / arresto;Conducente;F;Illeso;0;;;
5736773;13;09/12/2021 17:55:00;Strada Urbana;VIA MONSIGNOR ARDUINO TERZI;in prossimit�;;del civico n.;166;;Veicolo in marcia che urta buche nella carreggiata;Rettilineo;Una carreggiata a doppio senso;Bagnato (umidit� in atto);Asfaltata;Assente;Nuvoloso;Scarso;Sufficiente;;0;0;0;3;12.3507;41.7642;-1;1;Autovettura privata;In marcia / fermata / arresto;Passeggero;F;Illeso;0;;;
5736773;13;09/12/2021 17:55:00;Strada Urbana;VIA MONSIGNOR ARDUINO TERZI;in prossimit�;;del civico n.;166;;Veicolo in marcia che urta buche nella carreggiata;Rettilineo;Una carreggiata a doppio senso;Bagnato (umidit� in atto);Asfaltata;Assente;Nuvoloso;Scarso;Sufficiente;;0;0;0;3;12.3507;41.7642;-1;1;Autovettura privata;In marcia / fermata / arresto;Passeggero;F;Illeso;0;;;
5736802;8;10/12/2021 18:21:00;Strada Urbana;VIA PRENESTINA;all'intersezione con;VIA DELL'ACQUA VERGINE;VIA DELL'ACQUA VERGINE;;;Tamponamento;Incrocio;Una carreggiata a doppio senso;Bagnato (umidit� in atto);Asfaltata;Verticale ed orizzontale;Pioggia in atto;Intenso;Sufficiente;;0;0;0;2;12.6242;41.8928;-1;1;Autovettura privata;In marcia / fermata / arresto;Conducente;M;Illeso;0;;Non accertato;Inesploso
5736802;8;10/12/2021 18:21:00;Strada Urbana;VIA PRENESTINA;all'intersezione con;VIA DELL'ACQUA VERGINE;VIA DELL'ACQUA VERGINE;;;Tamponamento;Incrocio;Una carreggiata a doppio senso;Bagnato (umidit� in atto);Asfaltata;Verticale ed orizzontale;Pioggia in atto;Intenso;Sufficiente;;0;0;0;2;12.6242;41.8928;-1;2;Autovettura privata;In marcia / fermata / arresto;Conducente;F;Illeso;0;;;
5736823;8;11/12/2021 04:15:00;Statale entro l'abitato;VIA CASILINA;in prossimit�;;del civico n.;1074;;Veicolo in marcia contro ostacolo fisso;Rettilineo;Una carreggiata a doppio senso;Bagnato (pioggia);Asfaltata;Orizzontale;Pioggia in atto;Scarso;Buona;;1;0;0;0;12.593;41.8671;-1;1;Autovettura privata;In marcia / fermata / arresto;Conducente;M;Rimandato;0;NON DECEDUTO;Non accertato;Esploso
5736825;13;09/12/2021 17:00:00;Strada Urbana;VIA DI CASTEL FUSANO;all'intersezione semaforizzata con;VIA OSTIENSE;VIA OSTIENSE;;;Scontro laterale fra veicoli in marcia;Incrocio;Una carreggiata a doppio senso;Bagnato (pioggia);Lastricata;Verticale ed orizzontale;Nuvoloso;Normale;Sufficiente;;1;0;0;1;12.3042;41.7592;-1;1;Motociclo a solo;In marcia / fermata / arresto;Conducente;M;Rimandato;0;NON DECEDUTO;;
5736825;13;09/12/2021 17:00:00;Strada Urbana;VIA DI CASTEL FUSANO;all'intersezione semaforizzata con;VIA OSTIENSE;VIA OSTIENSE;;;Scontro laterale fra veicoli in marcia;Incrocio;Una carreggiata a doppio senso;Bagnato (pioggia);Lastricata;Verticale ed orizzontale;Nuvoloso;Normale;Sufficiente;;1;0;0;1;12.3042;41.7592;-1;2;Autovettura privata;In marcia / fermata / arresto;Conducente;F;Illeso;0;;;
5736899;13;10/12/2021 15:00:00;Strada Urbana;VIALE VASCO DE GAMA;all'intersezione con;VIA FRANCO MEZZADRA;VIA FRANCO MEZZADRA;;;Scontro frontale/laterale DX fra veicoli in marcia;Incrocio;Due carreggiate;Bagnato (pioggia);Asfaltata;Assente;Nuvoloso;Normale;Buona;;0;0;0;2;;;0;1;Autovettura privata;In marcia / fermata / arresto;Conducente;M;Illeso;0;;;
5736899;13;10/12/2021 15:00:00;Strada Urbana;VIALE VASCO DE GAMA;all'intersezione con;VIA FRANCO MEZZADRA;VIA FRANCO MEZZADRA;;;Scontro frontale/laterale DX fra veicoli in marcia;Incrocio;Due carreggiate;Bagnato (pioggia);Asfaltata;Assente;Nuvoloso;Normale;Buona;;0;0;0;2;;;0;2;Autovettura privata;In marcia / fermata / arresto;Conducente;M;Illeso;0;;;
5736988;1;11/12/2021 11:25:00;Strada Urbana;PIAZZA DELL'INDIPENDENZA;da specificare;;;;pressi via CURTATONE;Scontro laterale fra veicoli in marcia;Curva a visuale libera;Una carreggiata a senso unico di marcia;Asciutto;Asfaltata;Verticale ed orizzontale;Sereno;Normale;Buona;;0;0;0;2;12.5029;41.9048;-1;1;Autovettura privata;In marcia / fermata / arresto;Conducente;M;Illeso;0;;Non accertato;Inesploso
5736988;1;11/12/2021 11:25:00;Strada Urbana;PIAZZA DELL'INDIPENDENZA;da specificare;;;;pressi via CURTATONE;Scontro laterale fra veicoli in marcia;Curva a visuale libera;Una carreggiata a senso unico di marcia;Asciutto;Asfaltata;Verticale ed orizzontale;Sereno;Normale;Buona;;0;0;0;2;12.5029;41.9048;-1;2;Motociclo a solo;In marcia / fermata / arresto;Conducente;M;Illeso;0;;Non accertato;
5737098;15;11/12/2021 11:30:00;Strada Urbana;VIALE ISACCO NEWTON;da specificare;;;;rampa immissione dalla Roma Fiumicino dir Fiumicin;Fuoriuscita dalla sede stradale;Rettilineo;Una carreggiata a senso unico di marcia;Asciutto;Asfaltata;Orizzontale;Nuvoloso;Normale;Buona;;1;0;0;0;12.4427;41.8481;-1;1;Autovettura privata;In marcia / fermata / arresto;Conducente;F;Rimandato;0;NON DECEDUTO;Non accertato;Inesploso
5737161;12;10/12/2021 21:00:00;Strada Urbana;VIA CASAPULLA;in corrispondenza;;del civico n.;147;;Veicolo in marcia contro veicolo in sosta;Rettilineo;Una carreggiata a doppio senso;Asciutto;Asfaltata;Verticale ed orizzontale;Sereno;Scarso;Sufficiente;;0;0;0;0;12.492;41.7407;-1;1;Autovettura privata;Sosta;;;;;;;
5737161;12;10/12/2021 21:00:00;Strada Urbana;VIA CASAPULLA;in corrispondenza;;del civico n.;147;;Veicolo in marcia contro veicolo in sosta;Rettilineo;Una carreggiata a doppio senso;Asciutto;Asfaltata;Verticale ed orizzontale;Sereno;Scarso;Sufficiente;;0;0;0;0;12.492;41.7407;-1;2;Autovettura privata;In marcia / fermata / arresto;;;;;;;
5737267;12;10/12/2021 18:45:00;Strada Urbana;VIALE CARLO LEVI;da specificare;;;;dir. Paride Stefanini prox rotatoria Montale;Veicolo in marcia contro ostacolo fisso;Rettilineo;Una carreggiata a senso unico di marcia;Bagnato (pioggia);Asfaltata;Verticale;Pioggia in atto;Normale;Sufficiente;;0;0;0;2;12.4656;41.8125;-1;1;Autovettura privata;In marcia / fermata / arresto;Conducente;F;Illeso;0;;Utilizzato;Inesploso
5737267;12;10/12/2021 18:45:00;Strada Urbana;VIALE CARLO LEVI;da specificare;;;;dir. Paride Stefanini prox rotatoria Montale;Veicolo in marcia contro ostacolo fisso;Rettilineo;Una carreggiata a senso unico di marcia;Bagnato (pioggia);Asfaltata;Verticale;Pioggia in atto;Normale;Sufficiente;;0;0;0;2;12.4656;41.8125;-1;1;Autovettura privata;In marcia / fermata / arresto;Passeggero;M;Illeso;0;;Utilizzato;Inesploso
5737292;12;10/12/2021 21:03:00;Strada Urbana;VIA ARGELATO;in corrispondenza;;del civico n.;66;;Veicolo in marcia contro veicolo in sosta;Rettilineo;Una carreggiata a senso unico di marcia;Bagnato (pioggia);Asfaltata;Verticale ed orizzontale;Nuvoloso;Scarso;Buona;;0;0;0;1;12.406;41.7896;-1;1;Autovettura privata;In marcia / fermata / arresto;Conducente;M;Illeso;0;;Non accertato;Inesploso
5737292;12;10/12/2021 21:03:00;Strada Urbana;VIA ARGELATO;in corrispondenza;;del civico n.;66;;Veicolo in marcia contro veicolo in sosta;Rettilineo;Una carreggiata a senso unico di marcia;Bagnato (pioggia);Asfaltata;Verticale ed orizzontale;Nuvoloso;Scarso;Buona;;0;0;0;1;12.406;41.7896;-1;2;Autovettura privata;Sosta;;;;;;;
5737294;10;10/12/2021 14:30:00;Strada Urbana;VIA TUSCOLANA;da specificare;;;;inters. semaforizz complanare pross.Via V.Giudice ;Tamponamento;Rettilineo;Una carreggiata a senso unico di marcia;Bagnato (pioggia);Asfaltata;Verticale ed orizzontale;Pioggia in atto;Normale;Buona;;0;0;0;3;12.5911;41.8399;-1;1;Autovettura privata;In marcia / fermata / arresto;Conducente;F;Illeso;0;;Non accertato;Inesploso
5737294;10;10/12/2021 14:30:00;Strada Urbana;VIA TUSCOLANA;da specificare;;;;inters. semaforizz complanare pross.Via V.Giudice ;Tamponamento;Rettilineo;Una carreggiata a senso unico di marcia;Bagnato (pioggia);Asfaltata;Verticale ed orizzontale;Pioggia in atto;Normale;Buona;;0;0;0;3;12.5911;41.8399;-1;1;Autovettura privata;In marcia / fermata / arresto;Passeggero;F;Illeso;0;;Non accertato;Inesploso
5737294;10;10/12/2021 14:30:00;Strada Urbana;VIA TUSCOLANA;da specificare;;;;inters. semaforizz complanare pross.Via V.Giudice ;Tamponamento;Rettilineo;Una carreggiata a senso unico di marcia;Bagnato (pioggia);Asfaltata;Verticale ed orizzontale;Pioggia in atto;Normale;Buona;;0;0;0;3;12.5911;41.8399;-1;2;Autovettura privata;In marcia / fermata / arresto;Conducente;M;Illeso;0;;Non accertato;Inesploso