Protocollo;Gruppo;DataOraIncidente;Localizzazione1;STRADA1;Localizzazione2;STRADA2;Strada02;Chilometrica;DaSpecificare;NaturaIncidente;particolaritastrade;TipoStrada;FondoStradale;Pavimentazione;Segnaletica;CondizioneAtmosferica;Traffico;Visibilita;Illuminazione;NUM_FERITI;NUM_RISERVATA;NUM_MORTI;NUM_ILLESI;Longitudine;Latitudine;Confermato;Progressivo;TipoVeicolo;StatoVeicolo;TipoPersona;Sesso;Tipolesione;Deceduto;DecedutoDopo;CinturaCascoUtilizzato;Airbag;
5738858;8;12/12/2021 19:10:00;Statale entro l'abitato;VIA CASILINA;all'intersezione con;VIA VARVARIANA;VIA VARVARIANA;;;Scontro laterale fra veicoli in marcia;Incrocio;Una carreggiata a doppio senso;Asciutto;Asfaltata;Orizzontale;Sereno;Intenso;Buona;;1;0;0;1;12.603;41.8649;-1;2;Motociclo a solo;In marcia / fermata / arresto;Conducente;F;Rifiuta cure immediate;0;NON DECEDUTO;Non accertato;
5738861;8;12/12/2021 20:00:00;Strada Urbana;VIA CASILINA;all'intersezione con;VIA DI VERMICINO;VIA DI VERMICINO;;;Investimento di pedone;Intersezione semaforizzata;Una carreggiata a doppio senso;Asciutto;Asfaltata;Verticale ed orizzontale;Sereno;Normale;Insufficiente;;2;0;0;0;12.6856;41.8626;-1;;;;Pedone;M;Ricoverato;0;NON DECEDUTO;;
5738861;8;12/12/2021 20:00:00;Strada Urbana;VIA CASILINA;all'intersezione con;VIA DI VERMICINO;VIA DI VERMICINO;;;Investimento di pedone;Intersezione semaforizzata;Una carreggiata a doppio senso;Asciutto;Asfaltata;Verticale ed orizzontale;Sereno;Normale;Insufficiente;;2;0;0;0;12.6856;41.8626;-1;1;Motociclo a solo;In marcia / fermata / arresto;Conducente;M;Rimandato;0;NON DECEDUTO;Non accertato;
5738865;5;12/12/2021 15:20:00;Autostrada;CIRCONVALLAZIONE ORIENTALE;da specificare;;;;rampa di uscita 12 carreggiata interna A90 GRA;Veicolo in marcia contro ostacolo accidentale;Curva senza visuale libera;Una carreggiata a senso unico di marcia;Asciutto;Asfaltata;Verticale;Sereno;Normale;Buona;;0;0;0;1;12.5904;41.9454;-1;1;Autovettura privata;In marcia / fermata / arresto;Conducente;M;Illeso;0;;Non accertato;
5738866;8;13/12/2021 00:30:00;Strada Urbana;VIA DI ROCCA CENCIA;in prossimit�;;del palo luce n.;149;;Veicolo in marcia che urta buche nella carreggiata;Rettilineo;Una carreggiata a doppio senso;Asciutto;Asfaltata;Orizzontale;Sereno;Scarso;Buona;;0;0;0;1;12.6919;41.8758;-1;1;Autovettura privata;In marcia / fermata / arresto;Conducente;M;Illeso;0;;Non accertato;Inesploso
5738872;20;12/12/2021 15:15:00;Strada Urbana;VIA BRUNO BRUNI;in corrispondenza;;del civico n.;6;;Scontro frontale fra veicoli in marcia;Rettilineo;Una carreggiata a doppio senso;Asciutto;Asfaltata;Assente;Sereno;Normale;Buona;;0;0;0;2;12.4557;41.9661;-1;1;Autovettura privata;In marcia / fermata / arresto;Conducente;M;Illeso;0;;Non accertato;
5738872;20;12/12/2021 15:15:00;Strada Urbana;VIA BRUNO BRUNI;in corrispondenza;;del civico n.;6;;Scontro frontale fra veicoli in marcia;Rettilineo;Una carreggiata a doppio senso;Asciutto;Asfaltata;Assente;Sereno;Normale;Buona;;0;0;0;2;12.4557;41.9661;-1;2;Autovettura privata;In marcia / fermata / arresto;Passeggero;M;Illeso;0;;Non accertato;
5738879;8;12/12/2021 14:15:00;Strada Urbana;VIA TERME VIGLIATORE;in prossimit�;;del civico n.;35;;Veicolo in marcia contro veicolo arresto;Rettilineo;Una carreggiata a senso unico di marcia;Asciutto;Asfaltata;Verticale;Sereno;Normale;Buona;;0;0;0;1;12.6731;41.8609;-1;1;Autovettura privata;In marcia / fermata / arresto;Conducente;M;Illeso;0;;Non accertato;
5738879;8;12/12/2021 14:15:00;Strada Urbana;VIA TERME VIGLIATORE;in prossimit�;;del civico n.;35;;Veicolo in marcia contro veicolo arresto;Rettilineo;Una carreggiata a senso unico di marcia;Asciutto;Asfaltata;Verticale;Sereno;Normale;Buona;;0;0;0;1;12.6731;41.8609;-1;2;Autovettura privata;In marcia / fermata / arresto;;;;;;;
5738880;11;11/12/2021 11:45:00;Strada Urbana;VIA ARDEATINA;in prossimit�;;del civico n.;850;;Veicolo in marcia che urta buche nella carreggiata;Rettilineo;Una carreggiata a doppio senso;Bagnato (umidit� in atto);Asfaltata;Verticale ed orizzontale;Nuvoloso;Intenso;Buona;;0;0;0;1;12.5355;41.8024;-1;1;Autovettura privata;In marcia / fermata / arresto;Conducente;F;Illeso;0;;;
5738881;1;11/12/2021 14:50:00;Strada Urbana;VIA LUISA DI SAVOIA;in prossimit�;;del civico n.;15;;Scontro frontale/laterale SX fra veicoli in marcia;Rettilineo;Due carreggiate;Asciutto;Asfaltata;Verticale ed orizzontale;Sereno;Normale;Buona;;1;0;0;1;;;0;1;Motociclo a solo;In marcia / fermata / arresto;Conducente;M;Rimandato;0;NON DECEDUTO;;
5738881;1;11/12/2021 14:50:00;Strada Urbana;VIA LUISA DI SAVOIA;in prossimit�;;del civico n.;15;;Scontro frontale/laterale SX fra veicoli in marcia;Rettilineo;Due carreggiate;Asciutto;Asfaltata;Verticale ed orizzontale;Sereno;Normale;Buona;;1;0;0;1;;;0;2;Autovettura privata;In marcia / fermata / arresto;Conducente;;Illeso;0;;;
5738884;8;12/12/2021 11:40:00;Strada Urbana;VIA DI PRATAPORCI;all'intersezione con;VIA DI TOR FORAME;VIA DI TOR FORAME;;;Scontro frontale/laterale SX fra veicoli in marcia;Intersezione stradale segnalata;Una carreggiata a doppio senso;Asciutto;Asfaltata;Verticale ed orizzontale;Sereno;Normale;Buona;;0;0;0;2;12.6843;41.8468;-1;1;Autocarro inferiore 35 q.;In marcia / fermata / arresto;Conducente;M;Illeso;0;;Non accertato;Inesploso
5738884;8;12/12/2021 11:40:00;Strada Urbana;VIA DI PRATAPORCI;all'intersezione con;VIA DI TOR FORAME;VIA DI TOR FORAME;;;Scontro frontale/laterale SX fra veicoli in marcia;Intersezione stradale segnalata;Una carreggiata a doppio senso;Asciutto;Asfaltata;Verticale ed orizzontale;Sereno;Normale;Buona;;0;0;0;2;12.6843;41.8468;-1;2;Autovettura privata;In marcia / fermata / arresto;Conducente;M;Illeso;0;;Non accertato;Inesploso
5738887;5;12/12/2021 18:45:00;Strada Urbana;VIA FABRIANO;da specificare;;;;prossimit� VIA FIUMINATA;Tamponamento;Rettilineo;Una carreggiata a doppio senso;Asciutto;Asfaltata;Orizzontale;Sereno;Normale;Sufficiente;;0;0;0;5;12.5844;41.9407;-1;1;Autovettura privata;In marcia / fermata / arresto;Conducente;F;Illeso;0;;Non accertato;
5738887;5;12/12/2021 18:45:00;Strada Urbana;VIA FABRIANO;da specificare;;;;prossimit� VIA FIUMINATA;Tamponamento;Rettilineo;Una carreggiata a doppio senso;Asciutto;Asfaltata;Orizzontale;Sereno;Normale;Sufficiente;;0;0;0;5;12.5844;41.9407;-1;1;Autovettura privata;In marcia / fermata / arresto;Passeggero;F;Illeso;0;;Non accertato;
5738887;5;12/12/2021 18:45:00;Strada Urbana;VIA FABRIANO;da specificare;;;;prossimit� VIA FIUMINATA;Tamponamento;Rettilineo;Una carreggiata a doppio senso;Asciutto;Asfaltata;Orizzontale;Sereno;Normale;Sufficiente;;0;0;0;5;12.5844;41.9407;-1;1;Autovettura privata;In marcia / fermata / arresto;Passeggero;F;Illeso;0;;Non accertato;
5738887;5;12/12/2021 18:45:00;Strada Urbana;VIA FABRIANO;da specificare;;;;prossimit� VIA FIUMINATA;Tamponamento;Rettilineo;Una carreggiata a doppio senso;Asciutto;Asfaltata;Orizzontale;Sereno;Normale;Sufficiente;;0;0;0;5;12.5844;41.9407;-1;2;Autovettura privata;In marcia / fermata / arresto;Conducente;M;Illeso;0;;Non accertato;
5738887;5;12/12/2021 18:45:00;Strada Urbana;VIA FABRIANO;da specificare;;;;prossimit� VIA FIUMINATA;Tamponamento;Rettilineo;Una carreggiata a doppio senso;Asciutto;Asfaltata;Orizzontale;Sereno;Normale;Sufficiente;;0;0;0;5;12.5844;41.9407;-1;2;Autovettura privata;In marcia / fermata / arresto;Passeggero;M;Illeso;0;;Non accertato;
5738889;8;12/12/2021 11:55:00;Strada Urbana;VIA ALFONSO ALBERGHETTI;all'intersezione con;VIA CRISTOFANO ROBETTA;VIA CRISTOFANO ROBETTA;;;Scontro frontale/laterale DX fra veicoli in marcia;Intersezione stradale segnalata;Una carreggiata a senso unico di marcia;Asciutto;Asfaltata;Verticale;Sereno;Normale;Buona;;0;0;0;4;12.6243;41.8679;-1;1;Autovettura privata;In marcia / fermata / arresto;Conducente;M;Illeso;0;;Non accertato;Inesploso
5738889;8;12/12/2021 11:55:00;Strada Urbana;VIA ALFONSO ALBERGHETTI;all'intersezione con;VIA CRISTOFANO ROBETTA;VIA CRISTOFANO ROBETTA;;;Scontro frontale/laterale DX fra veicoli in marcia;Intersezione stradale segnalata;Una carreggiata a senso unico di marcia;Asciutto;Asfaltata;Verticale;Sereno;Normale;Buona;;0;0;0;4;12.6243;41.8679;-1;1;Autovettura privata;In marcia / fermata / arresto;Passeggero;F;Illeso;0;;Non accertato;Inesploso
5738889;8;12/12/2021 11:55:00;Strada Urbana;VIA ALFONSO ALBERGHETTI;all'intersezione con;VIA CRISTOFANO ROBETTA;VIA CRISTOFANO ROBETTA;;;Scontro frontale/laterale DX fra veicoli in marcia;Intersezione stradale segnalata;Una carreggiata a senso unico di marcia;Asciutto;Asfaltata;Verticale;Sereno;Normale;Buona;;0;0;0;4;12.6243;41.8679;-1;2;Autovettura privata;In marcia / fermata / arresto;Conducente;M;Illeso;0;;Non accertato;Inesploso
5738889;8;12/12/2021 11:55:00;Strada Urbana;VIA ALFONSO ALBERGHETTI;all'intersezione con;VIA CRISTOFANO ROBETTA;VIA CRISTOFANO ROBETTA;;;Scontro frontale/laterale DX fra veicoli in marcia;Intersezione stradale segnalata;Una carreggiata a senso unico di marcia;Asciutto;Asfaltata;Verticale;Sereno;Normale;Buona;;0;0;0;4;12.6243;41.8679;-1;2;Autovettura privata;In marcia / fermata / arresto;Passeggero;F;Illeso;0;;Non accertato;Inesploso
5738890;11;12/12/2021 02:20:00;Strada Urbana;VIA APPIA NUOVA;da specificare;;;;in pross.civ.1255;Infortunio per sola frenata improvvisa;Rettilineo;Due carreggiate;Asciutto;Asfaltata;Verticale ed orizzontale;Sereno;Scarso;Buona;;1;0;0;0;12.5684;41.8187;-1;1;Motociclo con passeggero;In marcia / fermata / arresto;Conducente;M;Ricoverato;0;NON DECEDUTO;Non accertato;
5738892;15;12/12/2021 18:30:00;Comunale extraurbana;VIA DI PONTE GALERIA;in prossimit�;;del civico n.;152;;Veicolo in marcia che urta buche nella carreggiata;Rettilineo;Una carreggiata a doppio senso;Asciutto;Asfaltata;Assente;Sereno;Scarso;Sufficiente;;0;0;0;3;12.3404;41.8355;-1;1;Autovettura privata;In marcia / fermata / arresto;Conducente;M;Illeso;0;;Non utilizzato;Inesploso
5738892;15;12/12/2021 18:30:00;Comunale extraurbana;VIA DI PONTE GALERIA;in prossimit�;;del civico n.;152;;Veicolo in marcia che urta buche nella carreggiata;Rettilineo;Una carreggiata a doppio senso;Asciutto;Asfaltata;Assente;Sereno;Scarso;Sufficiente;;0;0;0;3;12.3404;41.8355;-1;1;Autovettura privata;In marcia / fermata / arresto;Passeggero;F;Illeso;0;;Esente;Inesploso
5738892;15;12/12/2021 18:30:00;Comunale extraurbana;VIA DI PONTE GALERIA;in prossimit�;;del civico n.;152;;Veicolo in marcia che urta buche nella carreggiata;Rettilineo;Una carreggiata a doppio senso;Asciutto;Asfaltata;Assente;Sereno;Scarso;Sufficiente;;0;0;0;3;12.3404;41.8355;-1;1;Autovettura privata;In marcia / fermata / arresto;Passeggero;F;Illeso;0;;;
5738895;13;10/12/2021 08:05:00;Strada Urbana;VIA DI ACILIA;all'intersezione con;PIAZZA S. LEONARDO DA PORTO MAURIZIO;PIAZZA S. LEONARDO DA PORTO MAURIZIO;;;Scontro frontale/laterale SX fra veicoli in marcia;Incrocio;Una carreggiata a doppio senso;Asciutto;Asfaltata;Verticale ed orizzontale;Sereno;Normale;Sufficiente;;0;0;0;2;12.3655;41.7832;-1;1;Autovettura privata;In marcia / fermata / arresto;Conducente;M;Illeso;0;;Non accertato;
5738895;13;10/12/2021 08:05:00;Strada Urbana;VIA DI ACILIA;all'intersezione con;PIAZZA S. LEONARDO DA PORTO MAURIZIO;PIAZZA S. LEONARDO DA PORTO MAURIZIO;;;Scontro frontale/laterale SX fra veicoli in marcia;Incrocio;Una carreggiata a doppio senso;Asciutto;Asfaltata;Verticale ed orizzontale;Sereno;Normale;Sufficiente;;0;0;0;2;12.3655;41.7832;-1;2;Autovettura privata;In marcia / fermata / arresto;Conducente;M;Illeso;0;;Non accertato;
5738897;20;12/12/2021 06:00:00;Regionale;VIA CASSIA;da specificare;;;;VEIENTANA IN CORR. KM 25,800;Veicolo in marcia contro ostacolo fisso;Rettilineo;Due carreggiate;Asciutto;Asfaltata;Verticale ed orizzontale;Sereno;Normale;Buona;;1;0;0;0;12.4137;41.9828;-1;1;Autovettura privata;In marcia / fermata / arresto;Conducente;M;Ricoverato;0;NON DECEDUTO;Non accertato;
5738900;17;09/12/2021 12:45:00;Strada Urbana;VIALE DEI CAVALIERI DI VITTORIO VENETO;all'intersezione semaforizzata con;VIA TRIONFALE;VIA TRIONFALE;;;Veicolo in marcia contro veicolo fermo;Incrocio;Una carreggiata a doppio senso;Asciutto;Asfaltata;Verticale ed orizzontale;Sereno;Normale;Buona;;0;0;0;3;12.4503;41.9207;-1;1;Autovettura privata;In marcia / fermata / arresto;Conducente;M;Illeso;0;;;
5738900;17;09/12/2021 12:45:00;Strada Urbana;VIALE DEI CAVALIERI DI VITTORIO VENETO;all'intersezione semaforizzata con;VIA TRIONFALE;VIA TRIONFALE;;;Veicolo in marcia contro veicolo fermo;Incrocio;Una carreggiata a doppio senso;Asciutto;Asfaltata;Verticale ed orizzontale;Sereno;Normale;Buona;;0;0;0;3;12.4503;41.9207;-1;2;Autovettura privata;In marcia / fermata / arresto;Conducente;M;Illeso;0;;;
5738900;17;09/12/2021 12:45:00;Strada Urbana;VIALE DEI CAVALIERI DI VITTORIO VENETO;all'intersezione semaforizzata con;VIA TRIONFALE;VIA TRIONFALE;;;Veicolo in marcia contro veicolo fermo;Incrocio;Una carreggiata a doppio senso;Asciutto;Asfaltata;Verticale ed orizzontale;Sereno;Normale;Buona;;0;0;0;3;12.4503;41.9207;-1;2;Autovettura privata;In marcia / fermata / arresto;Passeggero;M;Illeso;0;;;
5738905;15;12/12/2021 21:00:00;Strada Urbana;VIA DI PONTE GALERIA;da specificare;;;;100 mt prima di Via Usini  dir Portuense;Veicolo in marcia che urta buche nella carreggiata;Rettilineo;Una carreggiata a doppio senso;Asciutto;Asfaltata;Assente;Sereno;Scarso;Sufficiente;;0;0;0;2;12.3412;41.8303;-1;1;Autovettura privata;In marcia / fermata / arresto;Conducente;M;Illeso;0;;Non accertato;
5738905;15;12/12/2021 21:00:00;Strada Urbana;VIA DI PONTE GALERIA;da specificare;;;;100 mt prima di Via Usini  dir Portuense;Veicolo in marcia che urta buche nella carreggiata;Rettilineo;Una carreggiata a doppio senso;Asciutto;Asfaltata;Assente;Sereno;Scarso;Sufficiente;;0;0;0;2;12.3412;41.8303;-1;1;Autovettura privata;In marcia / fermata / arresto;Passeggero;F;Illeso;0;;Non accertato;Inesploso
5738906;17;09/12/2021 05:40:00;Strada Urbana;VIA NORMA FRATELLI PARENTI;in corrispondenza;;del civico n.;70;;Veicolo in marcia contro veicoli in sosta;Curva senza visuale libera;Una carreggiata a doppio senso;Bagnato (pioggia);Asfaltata;Assente;Pioggia in atto;Scarso;Sufficiente;;0;0;0;2;12.3753;41.9423;-1;1;Autovettura privata;In marcia / fermata / arresto;Conducente;M;Illeso;0;;Non accertato;
5738906;17;09/12/2021 05:40:00;Strada Urbana;VIA NORMA FRATELLI PARENTI;in corrispondenza;;del civico n.;70;;Veicolo in marcia contro veicoli in sosta;Curva senza visuale libera;Una carreggiata a doppio senso;Bagnato (pioggia);Asfaltata;Assente;Pioggia in atto;Scarso;Sufficiente;;0;0;0;2;12.3753;41.9423;-1;2;Autovettura privata;Sosta;;;;;;;
5738906;17;09/12/2021 05:40:00;Strada Urbana;VIA NORMA FRATELLI PARENTI;in corrispondenza;;del civico n.;70;;Veicolo in marcia contro veicoli in sosta;Curva senza visuale libera;Una carreggiata a doppio senso;Bagnato (pioggia);Asfaltata;Assente;Pioggia in atto;Scarso;Sufficiente;;0;0;0;2;12.3753;41.9423;-1;3;Autovettura privata;In marcia / fermata / arresto;Conducente;M;Illeso;0;;;
5738907;13;10/12/2021 10:00:00;Strada Urbana;VIALE DEI ROMAGNOLI;all'intersezione con;VIA GABRIELE TORREMUZZA;VIA GABRIELE TORREMUZZA;;;Scontro laterale fra veicoli in marcia;Incrocio;Una carreggiata a doppio senso;Asciutto;Asfaltata;Verticale ed orizzontale;Nuvoloso;Normale;Sufficiente;;0;0;0;3;12.3077;41.7629;-1;1;Autocarro inferiore 35 q.;In marcia / fermata / arresto;Conducente;M;Illeso;0;;;
5738907;13;10/12/2021 10:00:00;Strada Urbana;VIALE DEI ROMAGNOLI;all'intersezione con;VIA GABRIELE TORREMUZZA;VIA GABRIELE TORREMUZZA;;;Scontro laterale fra veicoli in marcia;Incrocio;Una carreggiata a doppio senso;Asciutto;Asfaltata;Verticale ed orizzontale;Nuvoloso;Normale;Sufficiente;;0;0;0;3;12.3077;41.7629;-1;2;Autovettura privata;In marcia / fermata / arresto;Conducente;M;Illeso;0;;;
5738907;13;10/12/2021 10:00:00;Strada Urbana;VIALE DEI ROMAGNOLI;all'intersezione con;VIA GABRIELE TORREMUZZA;VIA GABRIELE TORREMUZZA;;;Scontro laterale fra veicoli in marcia;Incrocio;Una carreggiata a doppio senso;Asciutto;Asfaltata;Verticale ed orizzontale;Nuvoloso;Normale;Sufficiente;;0;0;0;3;12.3077;41.7629;-1;2;Autovettura privata;In marcia / fermata / arresto;Passeggero;M;Illeso;0;;Non accertato;
5738908;20;12/12/2021 20:35:00;Strada Urbana;VIA CASSIA;all'intersezione con;VIA GRADOLI;VIA GRADOLI;;;Tamponamento;Intersezione non regolata/non segnalata;Una carreggiata a doppio senso;Asciutto;Asfaltata;Verticale ed orizzontale;Sereno;Normale;Sufficiente;;0;0;0;3;12.4425;41.9659;-1;1;Autovettura privata;In marcia / fermata / arresto;Conducente;M;Illeso;0;;Non accertato;Inesploso
5738908;20;12/12/2021 20:35:00;Strada Urbana;VIA CASSIA;all'intersezione con;VIA GRADOLI;VIA GRADOLI;;;Tamponamento;Intersezione non regolata/non segnalata;Una carreggiata a doppio senso;Asciutto;Asfaltata;Verticale ed orizzontale;Sereno;Normale;Sufficiente;;0;0;0;3;12.4425;41.9659;-1;1;Autovettura privata;In marcia / fermata / arresto;Passeggero;M;Illeso;0;;Non accertato;Inesploso
5738908;20;12/12/2021 20:35:00;Strada Urbana;VIA CASSIA;all'intersezione con;VIA GRADOLI;VIA GRADOLI;;;Tamponamento;Intersezione non regolata/non segnalata;Una carreggiata a doppio senso;Asciutto;Asfaltata;Verticale ed orizzontale;Sereno;Normale;Sufficiente;;0;0;0;3;12.4425;41.9659;-1;2;Autovettura privata;In marcia / fermata / arresto;Conducente;F;Illeso;0;;Non accertato;Inesploso
5738910;4;11/12/2021 10:55:00;Strada Urbana;VIA VAGLIA;in prossimit�;;del civico n.;7;;Tamponamento;Rettilineo;Una carreggiata a doppio senso;Asciutto;Asfaltata;Verticale ed orizzontale;Nuvoloso;Normale;Buona;;0;0;0;2;12.5139;41.949;-1;1;Autovettura privata;In marcia / fermata / arresto;Conducente;F;Illeso;0;;;
5738910;4;11/12/2021 10:55:00;Strada Urbana;VIA VAGLIA;in prossimit�;;del civico n.;7;;Tamponamento;Rettilineo;Una carreggiata a doppio senso;Asciutto;Asfaltata;Verticale ed orizzontale;Nuvoloso;Normale;Buona;;0;0;0;2;12.5139;41.949;-1;2;Autovettura privata;In marcia / fermata / arresto;Conducente;M;Illeso;0;;;
5738912;5;12/12/2021 20:00:00;Strada Urbana;VIA DEI MONTI TIBURTINI;in prossimit�;;del civico n.;764;;Scontro laterale fra veicoli in marcia;Rettilineo;Pi� di due carreggiate;Asciutto;Asfaltata;Orizzontale;Sereno;Normale;Sufficiente;;0;0;0;3;12.5526;41.9136;-1;1;Autovettura privata;In marcia / fermata / arresto;Conducente;F;Illeso;0;;Non accertato;Inesploso
5738912;5;12/12/2021 20:00:00;Strada Urbana;VIA DEI MONTI TIBURTINI;in prossimit�;;del civico n.;764;;Scontro laterale fra veicoli in marcia;Rettilineo;Pi� di due carreggiate;Asciutto;Asfaltata;Orizzontale;Sereno;Normale;Sufficiente;;0;0;0;3;12.5526;41.9136;-1;2;Autovettura privata;In marcia / fermata / arresto;Conducente;F;Illeso;0;;Non accertato;Inesploso
5738912;5;12/12/2021 20:00:00;Strada Urbana;VIA DEI MONTI TIBURTINI;in prossimit�;;del civico n.;764;;Scontro laterale fra veicoli in marcia;Rettilineo;Pi� di due carreggiate;Asciutto;Asfaltata;Orizzontale;Sereno;Normale;Sufficiente;;0;0;0;3;12.5526;41.9136;-1;2;Autovettura privata;In marcia / fermata / arresto;Passeggero;F;Illeso;0;;Non accertato;Inesploso
5738913;11;11/12/2021 14:30:00;Strada Urbana;VIA SALVATORE DI GIACOMO;in prossimit�;;del civico n.;70;;Veicolo in marcia contro veicolo in sosta;Rettilineo;Due carreggiate;Asciutto;Asfaltata;Verticale ed orizzontale;Nuvoloso;Scarso;Buona;;0;0;0;0;12.488;41.846;-1;1;Autovettura privata;Sosta;;;;;;;
5738913;11;11/12/2021 14:30:00;Strada Urbana;VIA SALVATORE DI GIACOMO;in prossimit�;;del civico n.;70;;Veicolo in marcia contro veicolo in sosta;Rettilineo;Due carreggiate;Asciutto;Asfaltata;Verticale ed orizzontale;Nuvoloso;Scarso;Buona;;0;0;0;0;12.488;41.846;-1;2;Autovettura privata;Allontanatosi;;;;;;;
5738921;13;10/12/2021 11:20:00;Strada Urbana;VIA ERMANNO WOLF FERRARI;all'intersezione con;VIA ERIK SATIE;VIA ERIK SATIE;;;Veicolo in marcia contro ostacolo fisso;Incrocio;Una carreggiata a doppio senso;Bagnato (umidit� in atto);Strada pavimentata dissestata;Assente;Nuvoloso;Normale;Buona;;0;0;0;1;12.3764;41.7498;-1;1;Autovettura privata;In marcia / fermata / arresto;Conducente;M;Illeso;0;;;
5738924;20;12/12/2021 18:50:00;Strada Urbana;VIA TIBERINA;in corrispondenza;;del civico n.;49;;Tamponamento;Rettilineo;Una carreggiata a doppio senso;Asciutto;Asfaltata;Orizzontale;Sereno;Normale;Sufficiente;;0;0;0;5;12.4946;42.0015;-1;1;Autovettura privata;In marcia / fermata / arresto;Conducente;M;Illeso;0;;Non accertato;Inesploso
5738924;20;12/12/2021 18:50:00;Strada Urbana;VIA TIBERINA;in corrispondenza;;del civico n.;49;;Tamponamento;Rettilineo;Una carreggiata a doppio senso;Asciutto;Asfaltata;Orizzontale;Sereno;Normale;Sufficiente;;0;0;0;5;12.4946;42.0015;-1;1;Autovettura privata;In marcia / fermata / arresto;Passeggero;F;Illeso;0;;Non accertato;Inesploso
5738924;20;12/12/2021 18:50:00;Strada Urbana;VIA TIBERINA;in corrispondenza;;del civico n.;49;;Tamponamento;Rettilineo;Una carreggiata a doppio senso;Asciutto;Asfaltata;Orizzontale;Sereno;Normale;Sufficiente;;0;0;0;5;12.4946;42.0015;-1;2;Autovettura privata;In marcia / fermata / arresto;Conducente;M;Illeso;0;;Non accertato;Inesploso
5738924;20;12/12/2021 18:50:00;Strada Urbana;VIA TIBERINA;in corrispondenza;;del civico n.;49;;Tamponamento;Rettilineo;Una carreggiata a doppio senso;Asciutto;Asfaltata;Orizzontale;Sereno;Normale;Sufficiente;;0;0;0;5;12.4946;42.0015;-1;2;Autovettura privata;In marcia / fermata / arresto;Passeggero;M;Illeso;0;;Non accertato;Inesploso
5738924;20;12/12/2021 18:50:00;Strada Urbana;VIA TIBERINA;in corrispondenza;;del civico n.;49;;Tamponamento;Rettilineo;Una carreggiata a doppio senso;Asciutto;Asfaltata;Orizzontale;Sereno;Normale;Sufficiente;;0;0;0;5;12.4946;42.0015;-1;2;Autovettura privata;In marcia / fermata / arresto;Passeggero;F;Illeso;0;;Non accertato;Inesploso
5738930;20;12/12/2021 17:10:00;Strada Urbana;VIALE DI TOR DI QUINTO;in prossimit�;;del civico n.;f.c. 35;;Scontro laterale fra veicoli in marcia;Rettilineo;Due carreggiate;Asciutto;Asfaltata;Verticale ed orizzontale;Sereno;Normale;Buona;;0;0;0;2;12.4694;41.9375;-1;1;Autovettura privata;In marcia / fermata / arresto;Conducente;M;Illeso;0;;Non accertato;
5738930;20;12/12/2021 17:10:00;Strada Urbana;VIALE DI TOR DI QUINTO;in prossimit�;;del civico n.;f.c. 35;;Scontro laterale fra veicoli in marcia;Rettilineo;Due carreggiate;Asciutto;Asfaltata;Verticale ed orizzontale;Sereno;Normale;Buona;;0;0;0;2;12.4694;41.9375;-1;2;Autovettura privata;In marcia / fermata / arresto;Conducente;F;Illeso;0;;Non accertato;
5738936;5;12/12/2021 22:40:00;Strada Urbana;VIA BELMONTE IN SABINA;da specificare;;;;direzione via Nomentana alt. inversione marcia;Scontro laterale fra veicoli in marcia;Rettilineo;Due carreggiate;Asciutto;Asfaltata;Orizzontale;Sereno;Scarso;Sufficiente;;1;0;0;1;12.5936;41.9466;0;1;Autovettura privata;In marcia / fermata / arresto;Conducente;M;Illeso;0;;;
5738936;5;12/12/2021 22:40:00;Strada Urbana;VIA BELMONTE IN SABINA;da specificare;;;;direzione via Nomentana alt. inversione marcia;Scontro laterale fra veicoli in marcia;Rettilineo;Due carreggiate;Asciutto;Asfaltata;Orizzontale;Sereno;Scarso;Sufficiente;;1;0;0;1;12.5936;41.9466;0;2;Autovettura privata;In marcia / fermata / arresto;Conducente;M;Rimandato;0;NON DECEDUTO;;
5738946;10;12/12/2021 16:05:00;Strada Urbana;VIA DEL QUADRARO;all'intersezione con;VIA SELINUNTE;VIA SELINUNTE;;;Scontro laterale fra veicoli in marcia;Incrocio;Una carreggiata a doppio senso;Asciutto;Asfaltata;Verticale ed orizzontale;Sereno;Scarso;Buona;;0;0;0;3;12.5523;41.8551;-1;1;Autovettura privata;In marcia / fermata / arresto;Conducente;M;Illeso;0;;Non accertato;Inesploso
5738946;10;12/12/2021 16:05:00;Strada Urbana;VIA DEL QUADRARO;all'intersezione con;VIA SELINUNTE;VIA SELINUNTE;;;Scontro laterale fra veicoli in marcia;Incrocio;Una carreggiata a doppio senso;Asciutto;Asfaltata;Verticale ed orizzontale;Sereno;Scarso;Buona;;0;0;0;3;12.5523;41.8551;-1;1;Autovettura privata;In marcia / fermata / arresto;Passeggero;F;Illeso;0;;Non accertato;Inesploso
5738946;10;12/12/2021 16:05:00;Strada Urbana;VIA DEL QUADRARO;all'intersezione con;VIA SELINUNTE;VIA SELINUNTE;;;Scontro laterale fra veicoli in marcia;Incrocio;Una carreggiata a doppio senso;Asciutto;Asfaltata;Verticale ed orizzontale;Sereno;Scarso;Buona;;0;0;0;3;12.5523;41.8551;-1;2;Autovettura privata;In marcia / fermata / arresto;Conducente;F;Illeso;0;;Non accertato;Inesploso