Protocollo;Gruppo;DataOraIncidente;Localizzazione1;STRADA1;Localizzazione2;STRADA2;Strada02;Chilometrica;DaSpecificare;NaturaIncidente;particolaritastrade;TipoStrada;FondoStradale;Pavimentazione;Segnaletica;CondizioneAtmosferica;Traffico;Visibilita;Illuminazione;NUM_FERITI;NUM_RISERVATA;NUM_MORTI;NUM_ILLESI;Longitudine;Latitudine;Confermato;Progressivo;TipoVeicolo;StatoVeicolo;TipoPersona;Sesso;Tipolesione;Deceduto;DecedutoDopo;CinturaCascoUtilizzato;Airbag;
5739149;1;10/12/2021 08:20:00;Strada Urbana;VIA CARLO ALBERTO;all'intersezione con;VIA CARLO CATTANEO;VIA CARLO CATTANEO;;;Investimento di pedone;Incrocio;Una carreggiata a doppio senso;Asciutto;In cubetti di porfido;Verticale ed orizzontale;Sereno;Normale;Buona;;1;0;0;1;12.5007;41.8967;-1;;;;Pedone;F;Rimandato;0;NON DECEDUTO;;
5739149;1;10/12/2021 08:20:00;Strada Urbana;VIA CARLO ALBERTO;all'intersezione con;VIA CARLO CATTANEO;VIA CARLO CATTANEO;;;Investimento di pedone;Incrocio;Una carreggiata a doppio senso;Asciutto;In cubetti di porfido;Verticale ed orizzontale;Sereno;Normale;Buona;;1;0;0;1;12.5007;41.8967;-1;1;Autovettura privata;In marcia / fermata / arresto;Conducente;M;Illeso;0;;;
5739164;4;12/12/2021 08:30:00;Strada Urbana;VIA DELLA VERNA;in prossimit�;;del civico n.;20;;Veicolo in marcia contro veicoli in sosta;Rettilineo;Una carreggiata a senso unico di marcia;Asciutto;Asfaltata;Assente;Sereno;Scarso;Buona;;0;0;0;0;12.5371;41.9411;-1;1;Autovettura privata;Sosta;;;;;;;
5739164;4;12/12/2021 08:30:00;Strada Urbana;VIA DELLA VERNA;in prossimit�;;del civico n.;20;;Veicolo in marcia contro veicoli in sosta;Rettilineo;Una carreggiata a senso unico di marcia;Asciutto;Asfaltata;Assente;Sereno;Scarso;Buona;;0;0;0;0;12.5371;41.9411;-1;2;Motociclo a solo;Sosta;;;;;;;
5739164;4;12/12/2021 08:30:00;Strada Urbana;VIA DELLA VERNA;in prossimit�;;del civico n.;20;;Veicolo in marcia contro veicoli in sosta;Rettilineo;Una carreggiata a senso unico di marcia;Asciutto;Asfaltata;Assente;Sereno;Scarso;Buona;;0;0;0;0;12.5371;41.9411;-1;3;Autovettura privata;Sosta;;;;;;;
5739164;4;12/12/2021 08:30:00;Strada Urbana;VIA DELLA VERNA;in prossimit�;;del civico n.;20;;Veicolo in marcia contro veicoli in sosta;Rettilineo;Una carreggiata a senso unico di marcia;Asciutto;Asfaltata;Assente;Sereno;Scarso;Buona;;0;0;0;0;12.5371;41.9411;-1;4;Autovettura privata;Allontanatosi;;;;;;;
5739166;7;12/12/2021 12:10:00;Strada Urbana;VIA DI TOR TRE TESTE;in prossimit�;;del palo luce n.;59;;Scontro frontale fra veicoli in marcia;Rettilineo;Una carreggiata a doppio senso;Asciutto;Con buche;Orizzontale;Sereno;Normale;Buona;;2;0;0;2;12.5903;41.8781;-1;1;Autovettura privata;In marcia / fermata / arresto;Conducente;M;Illeso;0;;;
5739166;7;12/12/2021 12:10:00;Strada Urbana;VIA DI TOR TRE TESTE;in prossimit�;;del palo luce n.;59;;Scontro frontale fra veicoli in marcia;Rettilineo;Una carreggiata a doppio senso;Asciutto;Con buche;Orizzontale;Sereno;Normale;Buona;;2;0;0;2;12.5903;41.8781;-1;1;Autovettura privata;In marcia / fermata / arresto;Passeggero;F;Rimandato;0;NON DECEDUTO;;
5739166;7;12/12/2021 12:10:00;Strada Urbana;VIA DI TOR TRE TESTE;in prossimit�;;del palo luce n.;59;;Scontro frontale fra veicoli in marcia;Rettilineo;Una carreggiata a doppio senso;Asciutto;Con buche;Orizzontale;Sereno;Normale;Buona;;2;0;0;2;12.5903;41.8781;-1;2;Autovettura privata;In marcia / fermata / arresto;Conducente;F;Rimandato;0;NON DECEDUTO;;
5739166;7;12/12/2021 12:10:00;Strada Urbana;VIA DI TOR TRE TESTE;in prossimit�;;del palo luce n.;59;;Scontro frontale fra veicoli in marcia;Rettilineo;Una carreggiata a doppio senso;Asciutto;Con buche;Orizzontale;Sereno;Normale;Buona;;2;0;0;2;12.5903;41.8781;-1;2;Autovettura privata;In marcia / fermata / arresto;Passeggero;M;Illeso;0;;;
5739170;4;11/12/2021 17:40:00;Strada Urbana;RAMPA USCITA G.R.A. CARREGGIATA INTERNA;da specificare;;;;uscita PORTA DI ROMA;Tamponamento Multiplo;Rettilineo;Una carreggiata a senso unico di marcia;Asciutto;Asfaltata;Orizzontale;Nuvoloso;Intenso;Buona;;0;0;0;5;12.59;41.7995;-1;1;Autovettura privata;In marcia / fermata / arresto;Conducente;F;Illeso;0;;Non accertato;Inesploso
5739170;4;11/12/2021 17:40:00;Strada Urbana;RAMPA USCITA G.R.A. CARREGGIATA INTERNA;da specificare;;;;uscita PORTA DI ROMA;Tamponamento Multiplo;Rettilineo;Una carreggiata a senso unico di marcia;Asciutto;Asfaltata;Orizzontale;Nuvoloso;Intenso;Buona;;0;0;0;5;12.59;41.7995;-1;2;Autovettura privata;In marcia / fermata / arresto;Conducente;F;Illeso;0;;Non accertato;Inesploso
5739170;4;11/12/2021 17:40:00;Strada Urbana;RAMPA USCITA G.R.A. CARREGGIATA INTERNA;da specificare;;;;uscita PORTA DI ROMA;Tamponamento Multiplo;Rettilineo;Una carreggiata a senso unico di marcia;Asciutto;Asfaltata;Orizzontale;Nuvoloso;Intenso;Buona;;0;0;0;5;12.59;41.7995;-1;3;Autovettura privata;In marcia / fermata / arresto;Conducente;M;Illeso;0;;Non accertato;Inesploso
5739170;4;11/12/2021 17:40:00;Strada Urbana;RAMPA USCITA G.R.A. CARREGGIATA INTERNA;da specificare;;;;uscita PORTA DI ROMA;Tamponamento Multiplo;Rettilineo;Una carreggiata a senso unico di marcia;Asciutto;Asfaltata;Orizzontale;Nuvoloso;Intenso;Buona;;0;0;0;5;12.59;41.7995;-1;3;Autovettura privata;In marcia / fermata / arresto;Passeggero;F;Illeso;0;;Non accertato;Inesploso
5739170;4;11/12/2021 17:40:00;Strada Urbana;RAMPA USCITA G.R.A. CARREGGIATA INTERNA;da specificare;;;;uscita PORTA DI ROMA;Tamponamento Multiplo;Rettilineo;Una carreggiata a senso unico di marcia;Asciutto;Asfaltata;Orizzontale;Nuvoloso;Intenso;Buona;;0;0;0;5;12.59;41.7995;-1;3;Autovettura privata;In marcia / fermata / arresto;Passeggero;M;Illeso;0;;Non accertato;Inesploso
5739175;17;10/12/2021 18:55:00;Strada Urbana;PIAZZA COLA DI RIENZO;in corrispondenza;;del civico n.;62;;Investimento di pedone;Rettilineo;Una carreggiata a doppio senso;Bagnato (pioggia);Asfaltata;Verticale ed orizzontale;Pioggia in atto;Normale;Buona;;1;0;0;2;12.4689;41.9086;0;;;;Pedone;M;Illeso;0;;;
5739175;17;10/12/2021 18:55:00;Strada Urbana;PIAZZA COLA DI RIENZO;in corrispondenza;;del civico n.;62;;Investimento di pedone;Rettilineo;Una carreggiata a doppio senso;Bagnato (pioggia);Asfaltata;Verticale ed orizzontale;Pioggia in atto;Normale;Buona;;1;0;0;2;12.4689;41.9086;0;;;;Pedone;F;Illeso;0;;;
5739175;17;10/12/2021 18:55:00;Strada Urbana;PIAZZA COLA DI RIENZO;in corrispondenza;;del civico n.;62;;Investimento di pedone;Rettilineo;Una carreggiata a doppio senso;Bagnato (pioggia);Asfaltata;Verticale ed orizzontale;Pioggia in atto;Normale;Buona;;1;0;0;2;12.4689;41.9086;0;1;Motociclo a solo;In marcia / fermata / arresto;Conducente;M;Rimandato;0;NON DECEDUTO;;
5739176;17;10/12/2021 15:30:00;Strada Urbana;VIA BALDO DEGLI UBALDI;in prossimit�;;del civico n.;267;;Scontro laterale fra veicoli in marcia;Rettilineo;Una carreggiata a doppio senso;Bagnato (pioggia);Asfaltata;Verticale ed orizzontale;Pioggia in atto;Intenso;Buona;;0;0;0;3;12.4382;41.901;-1;1;Autovettura privata;In marcia / fermata / arresto;Conducente;M;Illeso;0;;;
5739176;17;10/12/2021 15:30:00;Strada Urbana;VIA BALDO DEGLI UBALDI;in prossimit�;;del civico n.;267;;Scontro laterale fra veicoli in marcia;Rettilineo;Una carreggiata a doppio senso;Bagnato (pioggia);Asfaltata;Verticale ed orizzontale;Pioggia in atto;Intenso;Buona;;0;0;0;3;12.4382;41.901;-1;1;Autovettura privata;In marcia / fermata / arresto;Passeggero;F;Illeso;0;;Non accertato;
5739176;17;10/12/2021 15:30:00;Strada Urbana;VIA BALDO DEGLI UBALDI;in prossimit�;;del civico n.;267;;Scontro laterale fra veicoli in marcia;Rettilineo;Una carreggiata a doppio senso;Bagnato (pioggia);Asfaltata;Verticale ed orizzontale;Pioggia in atto;Intenso;Buona;;0;0;0;3;12.4382;41.901;-1;2;Autocarro superiore 35 q.;In marcia / fermata / arresto;Conducente;M;Illeso;0;;Non accertato;
5739176;17;10/12/2021 15:30:00;Strada Urbana;VIA BALDO DEGLI UBALDI;in prossimit�;;del civico n.;267;;Scontro laterale fra veicoli in marcia;Rettilineo;Una carreggiata a doppio senso;Bagnato (pioggia);Asfaltata;Verticale ed orizzontale;Pioggia in atto;Intenso;Buona;;0;0;0;3;12.4382;41.901;-1;3;Autovettura privata;Sosta;;;;;;;
5739178;7;10/12/2021 16:20:00;Strada Urbana;VIA DEI GINEPRI;all'intersezione con;VIA DELLE ACACIE;VIA DELLE ACACIE;;;Scontro frontale/laterale SX fra veicoli in marcia;Incrocio;Una carreggiata a senso unico di marcia;Bagnato (pioggia);Asfaltata;Verticale;Pioggia in atto;Normale;Buona;;0;0;0;2;12.5709;41.8887;-1;1;Autovettura privata;In marcia / fermata / arresto;Conducente;M;Illeso;0;;Non accertato;Inesploso
5739178;7;10/12/2021 16:20:00;Strada Urbana;VIA DEI GINEPRI;all'intersezione con;VIA DELLE ACACIE;VIA DELLE ACACIE;;;Scontro frontale/laterale SX fra veicoli in marcia;Incrocio;Una carreggiata a senso unico di marcia;Bagnato (pioggia);Asfaltata;Verticale;Pioggia in atto;Normale;Buona;;0;0;0;2;12.5709;41.8887;-1;2;Autovettura privata;Sosta;;;;;;;
5739178;7;10/12/2021 16:20:00;Strada Urbana;VIA DEI GINEPRI;all'intersezione con;VIA DELLE ACACIE;VIA DELLE ACACIE;;;Scontro frontale/laterale SX fra veicoli in marcia;Incrocio;Una carreggiata a senso unico di marcia;Bagnato (pioggia);Asfaltata;Verticale;Pioggia in atto;Normale;Buona;;0;0;0;2;12.5709;41.8887;-1;3;Autovettura privata;In marcia / fermata / arresto;Conducente;M;Illeso;0;;Non accertato;Inesploso
5739187;4;12/12/2021 03:20:00;Strada Urbana;PIAZZA DEI VOCAZIONISTI;in prossimit�;;del civico n.;17;;Veicolo in marcia contro veicolo in sosta;Curva a visuale libera;Una carreggiata a senso unico di marcia;Asciutto;Asfaltata;Orizzontale;Nuvoloso;Scarso;Sufficiente;;0;0;0;0;12.5162;41.9719;-1;2;Autovettura privata;Sosta;;;;;;;
5739208;19;10/12/2021 08:45:00;Strada Urbana;VIA DEL PODERE TRIESTE;da specificare;;;;in prossim. di V. del Podere Fiume;Tamponamento;Rettilineo;Una carreggiata a senso unico di marcia;Asciutto;Asfaltata;Verticale ed orizzontale;Nuvoloso;Scarso;Buona;;0;0;0;2;12.4012;41.9244;-1;1;Autovettura privata;In marcia / fermata / arresto;Conducente;F;Illeso;0;;Non accertato;Inesploso
5739208;19;10/12/2021 08:45:00;Strada Urbana;VIA DEL PODERE TRIESTE;da specificare;;;;in prossim. di V. del Podere Fiume;Tamponamento;Rettilineo;Una carreggiata a senso unico di marcia;Asciutto;Asfaltata;Verticale ed orizzontale;Nuvoloso;Scarso;Buona;;0;0;0;2;12.4012;41.9244;-1;2;Autovettura privata;In marcia / fermata / arresto;Conducente;F;Illeso;0;;Non accertato;Inesploso
5739224;13;12/12/2021 14:00:00;Strada Urbana;VIA OSCAR GHIGLIA;in corrispondenza;;del civico n.;281;;Veicolo in marcia contro ostacolo fisso;Rettilineo;Una carreggiata a doppio senso;Asciutto;Asfaltata;Verticale;Sereno;Scarso;Buona;;0;0;0;0;12.375;41.7763;-1;1;Autovettura privata;In marcia / fermata / arresto;;;;;;;
5739227;1;11/12/2021 22:40:00;Strada Urbana;PIAZZA DI S. AGOSTINO;in corrispondenza;;del civico n.;7;;Veicolo in marcia contro veicolo fermo;Rettilineo;Una carreggiata a senso unico di marcia;Asciutto;In cubetti di porfido;Verticale ed orizzontale;Sereno;Scarso;Sufficiente;;0;0;0;3;;;0;1;Autovettura privata;In marcia / fermata / arresto;Conducente;M;Illeso;0;;;
5739227;1;11/12/2021 22:40:00;Strada Urbana;PIAZZA DI S. AGOSTINO;in corrispondenza;;del civico n.;7;;Veicolo in marcia contro veicolo fermo;Rettilineo;Una carreggiata a senso unico di marcia;Asciutto;In cubetti di porfido;Verticale ed orizzontale;Sereno;Scarso;Sufficiente;;0;0;0;3;;;0;1;Autovettura privata;In marcia / fermata / arresto;Passeggero;F;Illeso;0;;;
5739227;1;11/12/2021 22:40:00;Strada Urbana;PIAZZA DI S. AGOSTINO;in corrispondenza;;del civico n.;7;;Veicolo in marcia contro veicolo fermo;Rettilineo;Una carreggiata a senso unico di marcia;Asciutto;In cubetti di porfido;Verticale ed orizzontale;Sereno;Scarso;Sufficiente;;0;0;0;3;;;0;1;Autovettura privata;In marcia / fermata / arresto;Passeggero;F;Illeso;0;;;
5739227;1;11/12/2021 22:40:00;Strada Urbana;PIAZZA DI S. AGOSTINO;in corrispondenza;;del civico n.;7;;Veicolo in marcia contro veicolo fermo;Rettilineo;Una carreggiata a senso unico di marcia;Asciutto;In cubetti di porfido;Verticale ed orizzontale;Sereno;Scarso;Sufficiente;;0;0;0;3;;;0;2;Velocipede;In marcia / fermata / arresto;;;;;;;
5739237;23;11/12/2021 21:40:00;Strada Urbana;VIA SALARIA;in prossimit�;;del civico n.;271;;Tamponamento Multiplo;Rettilineo;Una carreggiata a doppio senso;Asciutto;Asfaltata;Orizzontale;Sereno;Intenso;Sufficiente;;3;0;0;5;12.5052;41.9261;-1;1;Autovettura privata;In marcia / fermata / arresto;Conducente;M;Illeso;0;;Non accertato;Inesploso
5739237;23;11/12/2021 21:40:00;Strada Urbana;VIA SALARIA;in prossimit�;;del civico n.;271;;Tamponamento Multiplo;Rettilineo;Una carreggiata a doppio senso;Asciutto;Asfaltata;Orizzontale;Sereno;Intenso;Sufficiente;;3;0;0;5;12.5052;41.9261;-1;1;Autovettura privata;In marcia / fermata / arresto;Passeggero;F;Illeso;0;;Non accertato;Inesploso
5739237;23;11/12/2021 21:40:00;Strada Urbana;VIA SALARIA;in prossimit�;;del civico n.;271;;Tamponamento Multiplo;Rettilineo;Una carreggiata a doppio senso;Asciutto;Asfaltata;Orizzontale;Sereno;Intenso;Sufficiente;;3;0;0;5;12.5052;41.9261;-1;2;Autovettura privata;In marcia / fermata / arresto;Conducente;M;Rimandato;0;NON DECEDUTO;Non accertato;Inesploso
5739237;23;11/12/2021 21:40:00;Strada Urbana;VIA SALARIA;in prossimit�;;del civico n.;271;;Tamponamento Multiplo;Rettilineo;Una carreggiata a doppio senso;Asciutto;Asfaltata;Orizzontale;Sereno;Intenso;Sufficiente;;3;0;0;5;12.5052;41.9261;-1;2;Autovettura privata;In marcia / fermata / arresto;Passeggero;M;Rimandato;0;NON DECEDUTO;Non accertato;Inesploso
5739237;23;11/12/2021 21:40:00;Strada Urbana;VIA SALARIA;in prossimit�;;del civico n.;271;;Tamponamento Multiplo;Rettilineo;Una carreggiata a doppio senso;Asciutto;Asfaltata;Orizzontale;Sereno;Intenso;Sufficiente;;3;0;0;5;12.5052;41.9261;-1;2;Autovettura privata;In marcia / fermata / arresto;Passeggero;M;Rimandato;0;NON DECEDUTO;Non accertato;Inesploso
5739237;23;11/12/2021 21:40:00;Strada Urbana;VIA SALARIA;in prossimit�;;del civico n.;271;;Tamponamento Multiplo;Rettilineo;Una carreggiata a doppio senso;Asciutto;Asfaltata;Orizzontale;Sereno;Intenso;Sufficiente;;3;0;0;5;12.5052;41.9261;-1;3;Autovettura privata;In marcia / fermata / arresto;Conducente;F;Illeso;0;;Non accertato;Inesploso
5739237;23;11/12/2021 21:40:00;Strada Urbana;VIA SALARIA;in prossimit�;;del civico n.;271;;Tamponamento Multiplo;Rettilineo;Una carreggiata a doppio senso;Asciutto;Asfaltata;Orizzontale;Sereno;Intenso;Sufficiente;;3;0;0;5;12.5052;41.9261;-1;3;Autovettura privata;In marcia / fermata / arresto;Passeggero;F;Illeso;0;;Non accertato;Inesploso
5739237;23;11/12/2021 21:40:00;Strada Urbana;VIA SALARIA;in prossimit�;;del civico n.;271;;Tamponamento Multiplo;Rettilineo;Una carreggiata a doppio senso;Asciutto;Asfaltata;Orizzontale;Sereno;Intenso;Sufficiente;;3;0;0;5;12.5052;41.9261;-1;3;Autovettura privata;In marcia / fermata / arresto;Passeggero;F;Illeso;0;;Non accertato;Inesploso
5739239;13;12/12/2021 20:30:00;Strada Urbana;VIA IPPOLITO DESIDERI;in corrispondenza;;del civico n.;107;;Veicolo in marcia contro ostacolo fisso;Rettilineo;Una carreggiata a senso unico di marcia;Asciutto;Asfaltata;Assente;Sereno;Scarso;Buona;;0;0;0;1;12.3435;41.7797;-1;1;Autovettura privata;In marcia / fermata / arresto;Conducente;M;Illeso;0;;;
5739244;4;12/12/2021 16:20:00;Provinciale;VIA NOMENTANA;in prossimit�;;del civico n.;1141;;Tamponamento Multiplo;Rettilineo;Una carreggiata a doppio senso;Asciutto;Asfaltata;Verticale ed orizzontale;Sereno;Normale;Buona;;0;0;0;7;12.5778;41.9561;-1;1;Autovettura privata;In marcia / fermata / arresto;Conducente;M;Illeso;0;;;
5739244;4;12/12/2021 16:20:00;Provinciale;VIA NOMENTANA;in prossimit�;;del civico n.;1141;;Tamponamento Multiplo;Rettilineo;Una carreggiata a doppio senso;Asciutto;Asfaltata;Verticale ed orizzontale;Sereno;Normale;Buona;;0;0;0;7;12.5778;41.9561;-1;2;Autovettura privata;In marcia / fermata / arresto;Conducente;F;Illeso;0;;;
5739244;4;12/12/2021 16:20:00;Provinciale;VIA NOMENTANA;in prossimit�;;del civico n.;1141;;Tamponamento Multiplo;Rettilineo;Una carreggiata a doppio senso;Asciutto;Asfaltata;Verticale ed orizzontale;Sereno;Normale;Buona;;0;0;0;7;12.5778;41.9561;-1;2;Autovettura privata;In marcia / fermata / arresto;Passeggero;F;Illeso;0;;;
5739244;4;12/12/2021 16:20:00;Provinciale;VIA NOMENTANA;in prossimit�;;del civico n.;1141;;Tamponamento Multiplo;Rettilineo;Una carreggiata a doppio senso;Asciutto;Asfaltata;Verticale ed orizzontale;Sereno;Normale;Buona;;0;0;0;7;12.5778;41.9561;-1;2;Autovettura privata;In marcia / fermata / arresto;Passeggero;F;Illeso;0;;;
5739244;4;12/12/2021 16:20:00;Provinciale;VIA NOMENTANA;in prossimit�;;del civico n.;1141;;Tamponamento Multiplo;Rettilineo;Una carreggiata a doppio senso;Asciutto;Asfaltata;Verticale ed orizzontale;Sereno;Normale;Buona;;0;0;0;7;12.5778;41.9561;-1;3;Autovettura privata;In marcia / fermata / arresto;Conducente;M;Illeso;0;;;
5739244;4;12/12/2021 16:20:00;Provinciale;VIA NOMENTANA;in prossimit�;;del civico n.;1141;;Tamponamento Multiplo;Rettilineo;Una carreggiata a doppio senso;Asciutto;Asfaltata;Verticale ed orizzontale;Sereno;Normale;Buona;;0;0;0;7;12.5778;41.9561;-1;3;Autovettura privata;In marcia / fermata / arresto;Passeggero;F;Illeso;0;;;
5739244;4;12/12/2021 16:20:00;Provinciale;VIA NOMENTANA;in prossimit�;;del civico n.;1141;;Tamponamento Multiplo;Rettilineo;Una carreggiata a doppio senso;Asciutto;Asfaltata;Verticale ed orizzontale;Sereno;Normale;Buona;;0;0;0;7;12.5778;41.9561;-1;3;Autovettura privata;In marcia / fermata / arresto;Passeggero;F;Illeso;0;;;
5739245;6;12/12/2021 11:10:00;Strada Urbana;VIA PRENESTINA;in prossimit�;;del civico n.;174;;Veicolo in marcia contro ostacolo accidentale;Rettilineo;Due carreggiate;Asciutto;Asfaltata;Verticale ed orizzontale;Sereno;Normale;Buona;;0;0;0;1;12.5334;41.892;-1;1;Autovettura privata;In marcia / fermata / arresto;Conducente;F;Illeso;0;;Non accertato;Inesploso
5739252;2;12/12/2021 17:33:00;Strada Urbana;VIA DEL FORO ITALICO;in prossimit�;;del civico n.;633;;Tamponamento;Rettilineo;Due carreggiate;Asciutto;Asfaltata;Verticale ed orizzontale;Sereno;Normale;Sufficiente;;1;0;0;3;12.5023;41.9397;-1;1;Autovettura privata;In marcia / fermata / arresto;Conducente;M;Illeso;0;;;
5739252;2;12/12/2021 17:33:00;Strada Urbana;VIA DEL FORO ITALICO;in prossimit�;;del civico n.;633;;Tamponamento;Rettilineo;Due carreggiate;Asciutto;Asfaltata;Verticale ed orizzontale;Sereno;Normale;Sufficiente;;1;0;0;3;12.5023;41.9397;-1;2;Autovettura privata;In marcia / fermata / arresto;Conducente;M;Rimandato;0;NON DECEDUTO;;
5739252;2;12/12/2021 17:33:00;Strada Urbana;VIA DEL FORO ITALICO;in prossimit�;;del civico n.;633;;Tamponamento;Rettilineo;Due carreggiate;Asciutto;Asfaltata;Verticale ed orizzontale;Sereno;Normale;Sufficiente;;1;0;0;3;12.5023;41.9397;-1;2;Autovettura privata;In marcia / fermata / arresto;Passeggero;F;Illeso;0;;;
5739252;2;12/12/2021 17:33:00;Strada Urbana;VIA DEL FORO ITALICO;in prossimit�;;del civico n.;633;;Tamponamento;Rettilineo;Due carreggiate;Asciutto;Asfaltata;Verticale ed orizzontale;Sereno;Normale;Sufficiente;;1;0;0;3;12.5023;41.9397;-1;2;Autovettura privata;In marcia / fermata / arresto;Passeggero;F;Illeso;0;;;
5739259;7;11/12/2021 17:45:00;Strada Urbana;VIALE FILIPPO DE PISIS;all'intersezione con;VIA GIUSEPPE ROSATI;VIA GIUSEPPE ROSATI;;;Scontro frontale/laterale DX fra veicoli in marcia;Intersezione stradale segnalata;Due carreggiate;Asciutto;Asfaltata;Verticale ed orizzontale;Sereno;Normale;Sufficiente;;1;0;0;3;12.5896;41.8997;-1;1;Autovettura privata;In marcia / fermata / arresto;Conducente;M;Illeso;0;;;
5739259;7;11/12/2021 17:45:00;Strada Urbana;VIALE FILIPPO DE PISIS;all'intersezione con;VIA GIUSEPPE ROSATI;VIA GIUSEPPE ROSATI;;;Scontro frontale/laterale DX fra veicoli in marcia;Intersezione stradale segnalata;Due carreggiate;Asciutto;Asfaltata;Verticale ed orizzontale;Sereno;Normale;Sufficiente;;1;0;0;3;12.5896;41.8997;-1;1;Autovettura privata;In marcia / fermata / arresto;Passeggero;M;Illeso;0;;;
5739259;7;11/12/2021 17:45:00;Strada Urbana;VIALE FILIPPO DE PISIS;all'intersezione con;VIA GIUSEPPE ROSATI;VIA GIUSEPPE ROSATI;;;Scontro frontale/laterale DX fra veicoli in marcia;Intersezione stradale segnalata;Due carreggiate;Asciutto;Asfaltata;Verticale ed orizzontale;Sereno;Normale;Sufficiente;;1;0;0;3;12.5896;41.8997;-1;1;Autovettura privata;In marcia / fermata / arresto;Passeggero;M;Illeso;0;;;
5739259;7;11/12/2021 17:45:00;Strada Urbana;VIALE FILIPPO DE PISIS;all'intersezione con;VIA GIUSEPPE ROSATI;VIA GIUSEPPE ROSATI;;;Scontro frontale/laterale DX fra veicoli in marcia;Intersezione stradale segnalata;Due carreggiate;Asciutto;Asfaltata;Verticale ed orizzontale;Sereno;Normale;Sufficiente;;1;0;0;3;12.5896;41.8997;-1;2;Autovettura privata;In marcia / fermata / arresto;Conducente;M;Rimandato;0;NON DECEDUTO;;
5739259;7;11/12/2021 17:45:00;Strada Urbana;VIALE FILIPPO DE PISIS;all'intersezione con;VIA GIUSEPPE ROSATI;VIA GIUSEPPE ROSATI;;;Scontro frontale/laterale DX fra veicoli in marcia;Intersezione stradale segnalata;Due carreggiate;Asciutto;Asfaltata;Verticale ed orizzontale;Sereno;Normale;Sufficiente;;1;0;0;3;12.5896;41.8997;-1;3;Autovettura privata;Sosta;;;;;;;
5739259;7;11/12/2021 17:45:00;Strada Urbana;VIALE FILIPPO DE PISIS;all'intersezione con;VIA GIUSEPPE ROSATI;VIA GIUSEPPE ROSATI;;;Scontro frontale/laterale DX fra veicoli in marcia;Intersezione stradale segnalata;Due carreggiate;Asciutto;Asfaltata;Verticale ed orizzontale;Sereno;Normale;Sufficiente;;1;0;0;3;12.5896;41.8997;-1;4;Autovettura privata;Sosta;;;;;;;
5739286;4;11/12/2021 23:00:00;Strada Urbana;VIA VALLE CORTENO;all'intersezione con;VIA VALLE BORBERA;VIA VALLE BORBERA;;;Veicolo in marcia contro veicoli in sosta;Intersezione non regolata/non segnalata;Una carreggiata a senso unico di marcia;Asciutto;Asfaltata;Verticale;Nuvoloso;Normale;Sufficiente;;0;0;0;1;12.5288;41.9361;-1;1;Autovettura privata;In marcia / fermata / arresto;Conducente;M;Illeso;0;;Non accertato;Inesploso
5739286;4;11/12/2021 23:00:00;Strada Urbana;VIA VALLE CORTENO;all'intersezione con;VIA VALLE BORBERA;VIA VALLE BORBERA;;;Veicolo in marcia contro veicoli in sosta;Intersezione non regolata/non segnalata;Una carreggiata a senso unico di marcia;Asciutto;Asfaltata;Verticale;Nuvoloso;Normale;Sufficiente;;0;0;0;1;12.5288;41.9361;-1;2;Autovettura privata;Sosta;;;;;;;
5739286;4;11/12/2021 23:00:00;Strada Urbana;VIA VALLE CORTENO;all'intersezione con;VIA VALLE BORBERA;VIA VALLE BORBERA;;;Veicolo in marcia contro veicoli in sosta;Intersezione non regolata/non segnalata;Una carreggiata a senso unico di marcia;Asciutto;Asfaltata;Verticale;Nuvoloso;Normale;Sufficiente;;0;0;0;1;12.5288;41.9361;-1;3;Autovettura privata;Sosta;;;;;;;
5739292;19;10/12/2021 08:40:00;Strada Urbana;VIA DELLA PINETA SACCHETTI;da specificare;;;;parcheggio stazione FS 'Gemelli';Veicolo in marcia contro veicoli in sosta;Curva a visuale libera;Una carreggiata a senso unico di marcia;Asciutto;Asfaltata;Verticale;Nuvoloso;Scarso;Buona;;0;0;0;0;12.4279;41.928;-1;1;Autovettura privata;Sosta;;;;;;;
5739292;19;10/12/2021 08:40:00;Strada Urbana;VIA DELLA PINETA SACCHETTI;da specificare;;;;parcheggio stazione FS 'Gemelli';Veicolo in marcia contro veicoli in sosta;Curva a visuale libera;Una carreggiata a senso unico di marcia;Asciutto;Asfaltata;Verticale;Nuvoloso;Scarso;Buona;;0;0;0;0;12.4279;41.928;-1;2;Autovettura privata;Sosta;;;;;;;
5739305;19;10/12/2021 09:30:00;Strada Urbana;VIA TRIONFALE;in corrispondenza;;del civico n.;8666;;Scontro laterale fra veicoli in marcia;Rettilineo;Una carreggiata a senso unico di marcia;Asciutto;Asfaltata;Verticale ed orizzontale;Sereno;Normale;Buona;;0;0;0;1;12.4241;41.94;-1;1;Autovettura privata;In marcia / fermata / arresto;Conducente;M;Illeso;0;;Non accertato;Inesploso
5739305;19;10/12/2021 09:30:00;Strada Urbana;VIA TRIONFALE;in corrispondenza;;del civico n.;8666;;Scontro laterale fra veicoli in marcia;Rettilineo;Una carreggiata a senso unico di marcia;Asciutto;Asfaltata;Verticale ed orizzontale;Sereno;Normale;Buona;;0;0;0;1;12.4241;41.94;-1;2;Autovettura privata;Allontanatosi;;;;;;;