Protocollo;Gruppo;DataOraIncidente;Localizzazione1;STRADA1;Localizzazione2;STRADA2;Strada02;Chilometrica;DaSpecificare;NaturaIncidente;particolaritastrade;TipoStrada;FondoStradale;Pavimentazione;Segnaletica;CondizioneAtmosferica;Traffico;Visibilita;Illuminazione;NUM_FERITI;NUM_RISERVATA;NUM_MORTI;NUM_ILLESI;Longitudine;Latitudine;Confermato;Progressivo;TipoVeicolo;StatoVeicolo;TipoPersona;Sesso;Tipolesione;Deceduto;DecedutoDopo;CinturaCascoUtilizzato;Airbag;
5739306;19;10/12/2021 17:20:00;Strada Urbana;VIA MARIO FANI;in prossimit�;;del civico n.;155;;Investimento di pedone;Rettilineo;Una carreggiata a doppio senso;Bagnato (pioggia);Asfaltata;Verticale ed orizzontale;Pioggia in atto;Normale;Sufficiente;;1;0;0;1;12.4414;41.9394;-1;;;;Pedone;F;Rimandato;0;NON DECEDUTO;;
5739306;19;10/12/2021 17:20:00;Strada Urbana;VIA MARIO FANI;in prossimit�;;del civico n.;155;;Investimento di pedone;Rettilineo;Una carreggiata a doppio senso;Bagnato (pioggia);Asfaltata;Verticale ed orizzontale;Pioggia in atto;Normale;Sufficiente;;1;0;0;1;12.4414;41.9394;-1;1;Autovettura privata;In marcia / fermata / arresto;Conducente;F;Illeso;0;;;
5739328;6;13/12/2021 04:30:00;Strada Urbana;VIA BARTOLINO DA NOVARA;in corrispondenza;;del civico n.;36;;Veicolo in marcia contro veicoli in sosta;Rettilineo;Una carreggiata a senso unico di marcia;Asciutto;Asfaltata;Orizzontale;Sereno;Scarso;Buona;;0;0;0;1;12.5401;41.877;-1;1;Autovettura privata;In marcia / fermata / arresto;Conducente;M;Illeso;0;;Non accertato;Inesploso
5739328;6;13/12/2021 04:30:00;Strada Urbana;VIA BARTOLINO DA NOVARA;in corrispondenza;;del civico n.;36;;Veicolo in marcia contro veicoli in sosta;Rettilineo;Una carreggiata a senso unico di marcia;Asciutto;Asfaltata;Orizzontale;Sereno;Scarso;Buona;;0;0;0;1;12.5401;41.877;-1;2;Motociclo a solo;Sosta;;;;;;;
5739328;6;13/12/2021 04:30:00;Strada Urbana;VIA BARTOLINO DA NOVARA;in corrispondenza;;del civico n.;36;;Veicolo in marcia contro veicoli in sosta;Rettilineo;Una carreggiata a senso unico di marcia;Asciutto;Asfaltata;Orizzontale;Sereno;Scarso;Buona;;0;0;0;1;12.5401;41.877;-1;3;Motociclo a solo;Sosta;;;;;;;
5739328;6;13/12/2021 04:30:00;Strada Urbana;VIA BARTOLINO DA NOVARA;in corrispondenza;;del civico n.;36;;Veicolo in marcia contro veicoli in sosta;Rettilineo;Una carreggiata a senso unico di marcia;Asciutto;Asfaltata;Orizzontale;Sereno;Scarso;Buona;;0;0;0;1;12.5401;41.877;-1;4;Autovettura privata;Sosta;;;;;;;
5739328;6;13/12/2021 04:30:00;Strada Urbana;VIA BARTOLINO DA NOVARA;in corrispondenza;;del civico n.;36;;Veicolo in marcia contro veicoli in sosta;Rettilineo;Una carreggiata a senso unico di marcia;Asciutto;Asfaltata;Orizzontale;Sereno;Scarso;Buona;;0;0;0;1;12.5401;41.877;-1;5;Autovettura privata;Sosta;;;;;;;
5739335;1;11/12/2021 11:27:00;Strada Urbana;VIALE ENRICO DE NICOLA;in prossimit�;;del civico n.;78;;Scontro laterale fra veicoli in marcia;Rettilineo;Due carreggiate;Asciutto;Asfaltata;Verticale ed orizzontale;Nuvoloso;Normale;Buona;;0;0;0;4;12.5004;41.9037;-1;1;Autocarro inferiore 35 q.;Sosta;;;;;;;
5739335;1;11/12/2021 11:27:00;Strada Urbana;VIALE ENRICO DE NICOLA;in prossimit�;;del civico n.;78;;Scontro laterale fra veicoli in marcia;Rettilineo;Due carreggiate;Asciutto;Asfaltata;Verticale ed orizzontale;Nuvoloso;Normale;Buona;;0;0;0;4;12.5004;41.9037;-1;2;Autovettura di polizia;In marcia / fermata / arresto;Conducente;M;Illeso;0;;;
5739335;1;11/12/2021 11:27:00;Strada Urbana;VIALE ENRICO DE NICOLA;in prossimit�;;del civico n.;78;;Scontro laterale fra veicoli in marcia;Rettilineo;Due carreggiate;Asciutto;Asfaltata;Verticale ed orizzontale;Nuvoloso;Normale;Buona;;0;0;0;4;12.5004;41.9037;-1;2;Autovettura di polizia;In marcia / fermata / arresto;Passeggero;M;Illeso;0;;;
5739335;1;11/12/2021 11:27:00;Strada Urbana;VIALE ENRICO DE NICOLA;in prossimit�;;del civico n.;78;;Scontro laterale fra veicoli in marcia;Rettilineo;Due carreggiate;Asciutto;Asfaltata;Verticale ed orizzontale;Nuvoloso;Normale;Buona;;0;0;0;4;12.5004;41.9037;-1;2;Autovettura di polizia;In marcia / fermata / arresto;Passeggero;M;Illeso;0;;;
5739335;1;11/12/2021 11:27:00;Strada Urbana;VIALE ENRICO DE NICOLA;in prossimit�;;del civico n.;78;;Scontro laterale fra veicoli in marcia;Rettilineo;Due carreggiate;Asciutto;Asfaltata;Verticale ed orizzontale;Nuvoloso;Normale;Buona;;0;0;0;4;12.5004;41.9037;-1;3;Autovettura privata;In marcia / fermata / arresto;Conducente;M;Illeso;0;;;
5739342;19;10/12/2021 17:07:00;Strada Urbana;VIA DI TORREVECCHIA;in corrispondenza;;del civico n.;7;;Investimento di pedone;Rettilineo;Una carreggiata a doppio senso;Bagnato (pioggia);Asfaltata;Verticale ed orizzontale;Pioggia in atto;Intenso;Buona;;1;0;0;1;12.4231;41.9364;-1;;;;Pedone;F;Rimandato;0;NON DECEDUTO;;
5739342;19;10/12/2021 17:07:00;Strada Urbana;VIA DI TORREVECCHIA;in corrispondenza;;del civico n.;7;;Investimento di pedone;Rettilineo;Una carreggiata a doppio senso;Bagnato (pioggia);Asfaltata;Verticale ed orizzontale;Pioggia in atto;Intenso;Buona;;1;0;0;1;12.4231;41.9364;-1;1;Autovettura privata;In marcia / fermata / arresto;Conducente;M;Illeso;0;;;
5739358;12;13/12/2021 06:20:00;Strada Urbana;VIALE DELL'UMANESIMO;in prossimit�;;del civico n.;306;;Scontro frontale fra veicoli in marcia;Rettilineo;Una carreggiata a doppio senso;Asciutto;Asfaltata;Verticale ed orizzontale;Sereno;Scarso;Buona;;2;0;0;0;12.4608;41.8278;-1;1;Autovettura privata;In marcia / fermata / arresto;Conducente;M;Rimandato;0;NON DECEDUTO;Non accertato;Esploso
5739358;12;13/12/2021 06:20:00;Strada Urbana;VIALE DELL'UMANESIMO;in prossimit�;;del civico n.;306;;Scontro frontale fra veicoli in marcia;Rettilineo;Una carreggiata a doppio senso;Asciutto;Asfaltata;Verticale ed orizzontale;Sereno;Scarso;Buona;;2;0;0;0;12.4608;41.8278;-1;2;Autovettura privata;In marcia / fermata / arresto;Conducente;M;Ricoverato;0;NON DECEDUTO;;Esploso
5739358;12;13/12/2021 06:20:00;Strada Urbana;VIALE DELL'UMANESIMO;in prossimit�;;del civico n.;306;;Scontro frontale fra veicoli in marcia;Rettilineo;Una carreggiata a doppio senso;Asciutto;Asfaltata;Verticale ed orizzontale;Sereno;Scarso;Buona;;2;0;0;0;12.4608;41.8278;-1;3;Autovettura privata;Sosta;;;;;;;
5739368;17;11/12/2021 14:45:00;Strada Urbana;PIAZZA BAINSIZZA;in prossimit�;;del civico n.;13;;Scontro laterale fra veicoli in marcia;Rotatoria;Una carreggiata a senso unico di marcia;Asciutto;Asfaltata;Verticale ed orizzontale;Sereno;Normale;Buona;;0;0;0;3;12.4622;41.9197;-1;1;Autovettura privata;In marcia / fermata / arresto;Conducente;F;Illeso;0;;;
5739368;17;11/12/2021 14:45:00;Strada Urbana;PIAZZA BAINSIZZA;in prossimit�;;del civico n.;13;;Scontro laterale fra veicoli in marcia;Rotatoria;Una carreggiata a senso unico di marcia;Asciutto;Asfaltata;Verticale ed orizzontale;Sereno;Normale;Buona;;0;0;0;3;12.4622;41.9197;-1;1;Autovettura privata;In marcia / fermata / arresto;Passeggero;F;Illeso;0;;;
5739368;17;11/12/2021 14:45:00;Strada Urbana;PIAZZA BAINSIZZA;in prossimit�;;del civico n.;13;;Scontro laterale fra veicoli in marcia;Rotatoria;Una carreggiata a senso unico di marcia;Asciutto;Asfaltata;Verticale ed orizzontale;Sereno;Normale;Buona;;0;0;0;3;12.4622;41.9197;-1;2;Autovettura privata;In marcia / fermata / arresto;Conducente;M;Illeso;0;;;
5739374;18;09/12/2021 12:15:00;Strada Urbana;VIA DI ACQUAFREDDA;in prossimit�;;del civico n.;72;;Tamponamento Multiplo;Rettilineo;Una carreggiata a doppio senso;Bagnato (pioggia);Asfaltata;Verticale ed orizzontale;Nuvoloso;Normale;Buona;;1;0;0;2;12.3907;41.8894;-1;1;Autovettura privata;In marcia / fermata / arresto;Conducente;M;Illeso;0;;;
5739374;18;09/12/2021 12:15:00;Strada Urbana;VIA DI ACQUAFREDDA;in prossimit�;;del civico n.;72;;Tamponamento Multiplo;Rettilineo;Una carreggiata a doppio senso;Bagnato (pioggia);Asfaltata;Verticale ed orizzontale;Nuvoloso;Normale;Buona;;1;0;0;2;12.3907;41.8894;-1;2;Autovettura privata;In marcia / fermata / arresto;Conducente;M;Rimandato;0;NON DECEDUTO;;
5739374;18;09/12/2021 12:15:00;Strada Urbana;VIA DI ACQUAFREDDA;in prossimit�;;del civico n.;72;;Tamponamento Multiplo;Rettilineo;Una carreggiata a doppio senso;Bagnato (pioggia);Asfaltata;Verticale ed orizzontale;Nuvoloso;Normale;Buona;;1;0;0;2;12.3907;41.8894;-1;3;Autovettura privata;In marcia / fermata / arresto;Conducente;M;Illeso;0;;;
5739397;17;10/12/2021 11:15:00;Strada Urbana;VICOLO D'ORFEO;all'intersezione con;VIA DEI CORRIDORI;VIA DEI CORRIDORI;;;Scontro frontale/laterale DX fra veicoli in marcia;Incrocio;Una carreggiata a doppio senso;Bagnato (pioggia);In cubetti di porfido;Verticale ed orizzontale;Pioggia in atto;Normale;Buona;;0;0;0;2;12.461;41.9032;-1;1;Autovettura privata;In marcia / fermata / arresto;Conducente;M;Illeso;0;;;
5739397;17;10/12/2021 11:15:00;Strada Urbana;VICOLO D'ORFEO;all'intersezione con;VIA DEI CORRIDORI;VIA DEI CORRIDORI;;;Scontro frontale/laterale DX fra veicoli in marcia;Incrocio;Una carreggiata a doppio senso;Bagnato (pioggia);In cubetti di porfido;Verticale ed orizzontale;Pioggia in atto;Normale;Buona;;0;0;0;2;12.461;41.9032;-1;2;Autovettura privata;In marcia / fermata / arresto;Conducente;M;Illeso;0;;;
5739399;1;12/12/2021 09:50:00;Strada Urbana;LUNGOTEVERE DEI VALLATI;in prossimit�;;del palo luce n.;7;;Tamponamento;Curva a visuale libera;Una carreggiata a senso unico di marcia;Asciutto;Asfaltata;Verticale ed orizzontale;Sereno;Normale;Buona;;0;0;0;5;12.4727;41.8919;-1;1;Autovettura privata;In marcia / fermata / arresto;Conducente;M;Illeso;0;;;
5739399;1;12/12/2021 09:50:00;Strada Urbana;LUNGOTEVERE DEI VALLATI;in prossimit�;;del palo luce n.;7;;Tamponamento;Curva a visuale libera;Una carreggiata a senso unico di marcia;Asciutto;Asfaltata;Verticale ed orizzontale;Sereno;Normale;Buona;;0;0;0;5;12.4727;41.8919;-1;2;Autovettura privata;In marcia / fermata / arresto;Conducente;M;Illeso;0;;;
5739399;1;12/12/2021 09:50:00;Strada Urbana;LUNGOTEVERE DEI VALLATI;in prossimit�;;del palo luce n.;7;;Tamponamento;Curva a visuale libera;Una carreggiata a senso unico di marcia;Asciutto;Asfaltata;Verticale ed orizzontale;Sereno;Normale;Buona;;0;0;0;5;12.4727;41.8919;-1;2;Autovettura privata;In marcia / fermata / arresto;Passeggero;M;Illeso;0;;;
5739399;1;12/12/2021 09:50:00;Strada Urbana;LUNGOTEVERE DEI VALLATI;in prossimit�;;del palo luce n.;7;;Tamponamento;Curva a visuale libera;Una carreggiata a senso unico di marcia;Asciutto;Asfaltata;Verticale ed orizzontale;Sereno;Normale;Buona;;0;0;0;5;12.4727;41.8919;-1;2;Autovettura privata;In marcia / fermata / arresto;Passeggero;F;Illeso;0;;;
5739399;1;12/12/2021 09:50:00;Strada Urbana;LUNGOTEVERE DEI VALLATI;in prossimit�;;del palo luce n.;7;;Tamponamento;Curva a visuale libera;Una carreggiata a senso unico di marcia;Asciutto;Asfaltata;Verticale ed orizzontale;Sereno;Normale;Buona;;0;0;0;5;12.4727;41.8919;-1;2;Autovettura privata;In marcia / fermata / arresto;Passeggero;M;Illeso;0;;;
5739410;19;10/12/2021 18:00:00;Strada Urbana;VIA DELLA PINETA SACCHETTI;in corrispondenza;;del civico n.;261;;Tamponamento;Rettilineo;Due carreggiate;Bagnato (pioggia);Asfaltata;Verticale ed orizzontale;Pioggia in atto;Normale;Sufficiente;;0;0;0;3;12.4262;41.9341;-1;1;Autovettura privata;In marcia / fermata / arresto;Conducente;F;Illeso;0;;Non accertato;Inesploso
5739410;19;10/12/2021 18:00:00;Strada Urbana;VIA DELLA PINETA SACCHETTI;in corrispondenza;;del civico n.;261;;Tamponamento;Rettilineo;Due carreggiate;Bagnato (pioggia);Asfaltata;Verticale ed orizzontale;Pioggia in atto;Normale;Sufficiente;;0;0;0;3;12.4262;41.9341;-1;1;Autovettura privata;In marcia / fermata / arresto;Passeggero;F;Illeso;0;;Non accertato;Inesploso
5739410;19;10/12/2021 18:00:00;Strada Urbana;VIA DELLA PINETA SACCHETTI;in corrispondenza;;del civico n.;261;;Tamponamento;Rettilineo;Due carreggiate;Bagnato (pioggia);Asfaltata;Verticale ed orizzontale;Pioggia in atto;Normale;Sufficiente;;0;0;0;3;12.4262;41.9341;-1;2;Autovettura privata;In marcia / fermata / arresto;Conducente;M;Illeso;0;;Non accertato;Inesploso
5739415;19;11/12/2021 22:10:00;Strada Urbana;VIA DI BOCCEA;in corrispondenza;;del civico n.;1036;;Veicolo in marcia contro ostacolo accidentale;Rettilineo;Una carreggiata a doppio senso;Asciutto;Asfaltata;Orizzontale;Sereno;Scarso;Insufficiente;;0;0;0;1;12.3394;41.9342;-1;1;Autovettura privata;In marcia / fermata / arresto;Conducente;M;Illeso;0;;;
5739420;7;11/12/2021 17:50:00;Strada Urbana;VIA PRENESTINA;all'intersezione semaforizzata con;VIALE PALMIRO TOGLIATTI;VIALE PALMIRO TOGLIATTI;;;Scontro frontale/laterale DX fra veicoli in marcia;Intersezione semaforizzata;Due carreggiate;Asciutto;Asfaltata;Verticale ed orizzontale;Sereno;Normale;Buona;;0;0;0;2;12.5747;41.8949;-1;1;Autovettura privata;In marcia / fermata / arresto;Conducente;M;Illeso;0;;Non accertato;Inesploso
5739420;7;11/12/2021 17:50:00;Strada Urbana;VIA PRENESTINA;all'intersezione semaforizzata con;VIALE PALMIRO TOGLIATTI;VIALE PALMIRO TOGLIATTI;;;Scontro frontale/laterale DX fra veicoli in marcia;Intersezione semaforizzata;Due carreggiate;Asciutto;Asfaltata;Verticale ed orizzontale;Sereno;Normale;Buona;;0;0;0;2;12.5747;41.8949;-1;2;Autovettura privata;In marcia / fermata / arresto;Conducente;M;Illeso;0;;Non accertato;Inesploso
5739431;19;11/12/2021;Strada Urbana;VIA DELLA MAGLIANELLA;in corrispondenza;;del civico n.;375;;Veicolo in marcia contro ostacolo accidentale;Rettilineo;Una carreggiata a senso unico di marcia;Asciutto;Asfaltata;Verticale ed orizzontale;Sereno;Scarso;Sufficiente;;0;0;0;1;12.3841;41.914;-1;1;Autovettura privata;In marcia / fermata / arresto;Conducente;M;Illeso;0;;;
5739441;19;12/12/2021 13:45:00;Strada Urbana;VIA TRIONFALE;in corrispondenza;;del civico n.;10340;;Tamponamento Multiplo;Rettilineo;Una carreggiata a doppio senso;Asciutto;Asfaltata;Orizzontale;Sereno;Normale;Buona;;2;0;0;4;12.4124;41.952;-1;1;Autovettura privata;In marcia / fermata / arresto;Conducente;F;Illeso;0;;;
5739441;19;12/12/2021 13:45:00;Strada Urbana;VIA TRIONFALE;in corrispondenza;;del civico n.;10340;;Tamponamento Multiplo;Rettilineo;Una carreggiata a doppio senso;Asciutto;Asfaltata;Orizzontale;Sereno;Normale;Buona;;2;0;0;4;12.4124;41.952;-1;2;Autovettura privata;In marcia / fermata / arresto;Conducente;M;Illeso;0;;;
5739441;19;12/12/2021 13:45:00;Strada Urbana;VIA TRIONFALE;in corrispondenza;;del civico n.;10340;;Tamponamento Multiplo;Rettilineo;Una carreggiata a doppio senso;Asciutto;Asfaltata;Orizzontale;Sereno;Normale;Buona;;2;0;0;4;12.4124;41.952;-1;2;Autovettura privata;In marcia / fermata / arresto;Passeggero;F;Rimandato;0;NON DECEDUTO;;
5739441;19;12/12/2021 13:45:00;Strada Urbana;VIA TRIONFALE;in corrispondenza;;del civico n.;10340;;Tamponamento Multiplo;Rettilineo;Una carreggiata a doppio senso;Asciutto;Asfaltata;Orizzontale;Sereno;Normale;Buona;;2;0;0;4;12.4124;41.952;-1;2;Autovettura privata;In marcia / fermata / arresto;Passeggero;M;Rimandato;0;NON DECEDUTO;;
5739441;19;12/12/2021 13:45:00;Strada Urbana;VIA TRIONFALE;in corrispondenza;;del civico n.;10340;;Tamponamento Multiplo;Rettilineo;Una carreggiata a doppio senso;Asciutto;Asfaltata;Orizzontale;Sereno;Normale;Buona;;2;0;0;4;12.4124;41.952;-1;2;Autovettura privata;In marcia / fermata / arresto;Passeggero;F;Illeso;0;;;
5739441;19;12/12/2021 13:45:00;Strada Urbana;VIA TRIONFALE;in corrispondenza;;del civico n.;10340;;Tamponamento Multiplo;Rettilineo;Una carreggiata a doppio senso;Asciutto;Asfaltata;Orizzontale;Sereno;Normale;Buona;;2;0;0;4;12.4124;41.952;-1;3;Autobus urbano;In marcia / fermata / arresto;Conducente;M;Illeso;0;;;
5739457;1;12/12/2021 05:00:00;Strada Urbana;VIALE DELLO SCALO S. LORENZO;da specificare;;;;tunnel ferrovia;Veicolo in marcia contro ostacolo accidentale;Galleria illuminata;Due carreggiate;Asciutto;Asfaltata;Verticale ed orizzontale;Sereno;Normale;Sufficiente;;0;0;0;1;12.518;41.8952;-1;1;Autovettura privata;In marcia / fermata / arresto;Conducente;M;Illeso;0;;Non accertato;Inesploso
5739467;19;12/12/2021 19:00:00;Strada Urbana;VIA FRANCESCO MARIA TORRIGIO;in corrispondenza;;del civico n.;107;;Tamponamento;Rettilineo;Una carreggiata a senso unico di marcia;Asciutto;Asfaltata;Assente;Sereno;Scarso;Insufficiente;;1;0;0;1;12.4142;41.9092;-1;1;Autovettura privata;In marcia / fermata / arresto;Conducente;M;Illeso;0;;;
5739467;19;12/12/2021 19:00:00;Strada Urbana;VIA FRANCESCO MARIA TORRIGIO;in corrispondenza;;del civico n.;107;;Tamponamento;Rettilineo;Una carreggiata a senso unico di marcia;Asciutto;Asfaltata;Assente;Sereno;Scarso;Insufficiente;;1;0;0;1;12.4142;41.9092;-1;2;Velocipede;In marcia / fermata / arresto;Conducente;M;Rifiuta cure immediate;0;NON DECEDUTO;Esente;
5739473;17;10/12/2021 09:35:00;Strada Urbana;VIA ROBERTO MORRA DI LAVRIANO;da specificare;;;;in prossimit� di Lungotevere Maresciallo Cadorna;Scontro laterale fra veicoli in marcia;Rettilineo;Una carreggiata a senso unico di marcia;Asciutto;Asfaltata;Verticale ed orizzontale;Sereno;Normale;Buona;;0;0;0;3;12.4585;41.9261;-1;1;Autovettura privata;In marcia / fermata / arresto;Conducente;M;Illeso;0;;;
5739473;17;10/12/2021 09:35:00;Strada Urbana;VIA ROBERTO MORRA DI LAVRIANO;da specificare;;;;in prossimit� di Lungotevere Maresciallo Cadorna;Scontro laterale fra veicoli in marcia;Rettilineo;Una carreggiata a senso unico di marcia;Asciutto;Asfaltata;Verticale ed orizzontale;Sereno;Normale;Buona;;0;0;0;3;12.4585;41.9261;-1;1;Autovettura privata;In marcia / fermata / arresto;Passeggero;F;Illeso;0;;;
5739473;17;10/12/2021 09:35:00;Strada Urbana;VIA ROBERTO MORRA DI LAVRIANO;da specificare;;;;in prossimit� di Lungotevere Maresciallo Cadorna;Scontro laterale fra veicoli in marcia;Rettilineo;Una carreggiata a senso unico di marcia;Asciutto;Asfaltata;Verticale ed orizzontale;Sereno;Normale;Buona;;0;0;0;3;12.4585;41.9261;-1;2;Autovettura privata;In marcia / fermata / arresto;Conducente;M;Illeso;0;;;
5739476;1;11/12/2021 22:40:00;Strada Urbana;LUNGOTEVERE DELLA FARNESINA;in prossimit�;;del civico n.;9;;Veicolo in marcia contro veicoli in sosta;Rettilineo;Una carreggiata a senso unico di marcia;Asciutto;Asfaltata;Verticale ed orizzontale;Sereno;Normale;Buona;;0;0;0;1;12.4658;41.8954;-1;1;Autovettura privata;In marcia / fermata / arresto;Conducente;M;Illeso;0;;;
5739476;1;11/12/2021 22:40:00;Strada Urbana;LUNGOTEVERE DELLA FARNESINA;in prossimit�;;del civico n.;9;;Veicolo in marcia contro veicoli in sosta;Rettilineo;Una carreggiata a senso unico di marcia;Asciutto;Asfaltata;Verticale ed orizzontale;Sereno;Normale;Buona;;0;0;0;1;12.4658;41.8954;-1;2;Autovettura privata;Sosta;;;;;;;
5739476;1;11/12/2021 22:40:00;Strada Urbana;LUNGOTEVERE DELLA FARNESINA;in prossimit�;;del civico n.;9;;Veicolo in marcia contro veicoli in sosta;Rettilineo;Una carreggiata a senso unico di marcia;Asciutto;Asfaltata;Verticale ed orizzontale;Sereno;Normale;Buona;;0;0;0;1;12.4658;41.8954;-1;3;Autovettura privata;Sosta;;;;;;;
5739492;4;12/12/2021 18:15:00;Statale;VIA SALARIA;in corrispondenza;;della chilometrica;18.15;;Veicolo in marcia contro ostacolo fisso;Rettilineo;Una carreggiata a doppio senso;Asciutto;Asfaltata;Orizzontale;Sereno;Intenso;Insufficiente;;0;0;0;1;12.4964;41.9028;-1;1;Autovettura privata;In marcia / fermata / arresto;Conducente;M;Illeso;0;;;
5739497;7;11/12/2021 00:20:00;Strada Urbana;VIA TEANO;in prossimit�;;del civico n.;101;;Ribaltamento senza urto contro ostacolo fisso;Rettilineo;Una carreggiata a doppio senso;Bagnato (pioggia);Asfaltata;Orizzontale;Pioggia in atto;Scarso;Buona;;1;0;0;0;12.5485;41.8895;-1;1;Autovettura privata;In marcia / fermata / arresto;Conducente;M;Rimandato;0;NON DECEDUTO;;
5739507;13;10/12/2021 23:05:00;;VIA OSTIENSE;all'intersezione con;VIA DI MALAFEDE;VIA DI MALAFEDE;;;Veicolo in marcia contro ostacolo fisso;;;;;;;;;;0;0;0;1;;;0;1;Autovettura privata;In marcia / fermata / arresto;Conducente;M;Illeso;0;;;
5739509;17;10/12/2021 12:30:00;Strada Urbana;VIA GIUSEPPE AVEZZANA;all'intersezione con;VIALE DELLE MILIZIE;VIALE DELLE MILIZIE;;;Scontro frontale/laterale SX fra veicoli in marcia;Intersezione stradale segnalata;Una carreggiata a senso unico di marcia;Bagnato (pioggia);Asfaltata;Verticale ed orizzontale;Pioggia in atto;Normale;Buona;;0;0;0;2;12.4668;41.9135;-1;1;Autovettura privata;In marcia / fermata / arresto;Conducente;M;Illeso;0;;;
5739509;17;10/12/2021 12:30:00;Strada Urbana;VIA GIUSEPPE AVEZZANA;all'intersezione con;VIALE DELLE MILIZIE;VIALE DELLE MILIZIE;;;Scontro frontale/laterale SX fra veicoli in marcia;Intersezione stradale segnalata;Una carreggiata a senso unico di marcia;Bagnato (pioggia);Asfaltata;Verticale ed orizzontale;Pioggia in atto;Normale;Buona;;0;0;0;2;12.4668;41.9135;-1;2;Motociclo a solo;In marcia / fermata / arresto;Conducente;M;Illeso;0;;;
5739511;10;13/12/2021 10:10:00;Strada Urbana;VIALE DEI ROMANISTI;da specificare;;;;fronte civ.219 dir. viale P. Togliatti;Investimento di pedone;Rettilineo;Due carreggiate;Asciutto;Asfaltata;Verticale ed orizzontale;Sereno;Normale;Buona;;1;0;0;1;12.5743;41.869;-1;;;;Pedone;M;Ricoverato;0;NON DECEDUTO;;
5739511;10;13/12/2021 10:10:00;Strada Urbana;VIALE DEI ROMANISTI;da specificare;;;;fronte civ.219 dir. viale P. Togliatti;Investimento di pedone;Rettilineo;Due carreggiate;Asciutto;Asfaltata;Verticale ed orizzontale;Sereno;Normale;Buona;;1;0;0;1;12.5743;41.869;-1;1;Autovettura privata;In marcia / fermata / arresto;Conducente;M;Illeso;0;;Non accertato;Inesploso
5739520;15;13/12/2021 06:45:00;Strada Urbana;VIA DELLA MAGLIANA;in corrispondenza;;del civico n.;1240;;Veicolo in marcia contro ostacolo fisso;Pendenza;Una carreggiata a doppio senso;Ghiacciato;Asfaltata;Orizzontale;Sereno;Normale;Buona;;0;0;0;1;12.3621;41.8185;-1;1;Autovettura privata;In marcia / fermata / arresto;Conducente;M;Illeso;0;;Non accertato;Inesploso
5739539;7;10/12/2021 13:20:00;Strada Urbana;VIA DEI PLATANI;in prossimit�;;del civico n.;139;;Veicolo in marcia contro veicolo fermo;Rettilineo;Una carreggiata a doppio senso;Bagnato (pioggia);Asfaltata;Verticale ed orizzontale;Nuvoloso;Normale;Buona;;0;0;0;2;12.569;41.881;-1;1;Autocarro inferiore 35 q.;In marcia / fermata / arresto;Conducente;M;Illeso;0;;Non accertato;Inesploso
5739539;7;10/12/2021 13:20:00;Strada Urbana;VIA DEI PLATANI;in prossimit�;;del civico n.;139;;Veicolo in marcia contro veicolo fermo;Rettilineo;Una carreggiata a doppio senso;Bagnato (pioggia);Asfaltata;Verticale ed orizzontale;Nuvoloso;Normale;Buona;;0;0;0;2;12.569;41.881;-1;2;Autovettura privata;In marcia / fermata / arresto;Conducente;M;Illeso;0;;Non accertato;Inesploso
5739560;13;11/12/2021 12:00:00;Strada Urbana;VIALE ALESSANDRO MAGNO;all'intersezione con;VIA DI CASAL PALOCCO;VIA DI CASAL PALOCCO;;;Scontro laterale fra veicoli in marcia;Rotatoria;Due carreggiate;Asciutto;Asfaltata;Verticale ed orizzontale;Sereno;Normale;Buona;;0;0;0;2;12.3529;41.749;-1;1;Autovettura privata;In marcia / fermata / arresto;Conducente;M;Illeso;0;;;
5739560;13;11/12/2021 12:00:00;Strada Urbana;VIALE ALESSANDRO MAGNO;all'intersezione con;VIA DI CASAL PALOCCO;VIA DI CASAL PALOCCO;;;Scontro laterale fra veicoli in marcia;Rotatoria;Due carreggiate;Asciutto;Asfaltata;Verticale ed orizzontale;Sereno;Normale;Buona;;0;0;0;2;12.3529;41.749;-1;2;Autovettura privata;In marcia / fermata / arresto;Conducente;M;Illeso;0;;;
5739588;13;11/12/2021 17:30:00;;VIA ERNESTO BOEZI;in corrispondenza;;del civico n.;88;;Veicolo in marcia contro ostacolo accidentale;;;;;;;;;;0;0;0;1;12.367;41.7378;0;1;Autovettura privata;In marcia / fermata / arresto;Conducente;M;Illeso;0;;Non accertato;Inesploso
5739590;13;11/12/2021 17:32:00;Strada Urbana;VIA ERNESTO BOEZI;in corrispondenza;;del civico n.;88;;Veicolo in marcia contro ostacolo accidentale;Curva a visuale libera;Una carreggiata a doppio senso;Bagnato (umidit� in atto);Asfaltata;Assente;Nuvoloso;Normale;Buona;;0;0;0;2;12.367;41.7378;-1;1;Autovettura privata;In marcia / fermata / arresto;Conducente;F;Illeso;0;;Non accertato;Inesploso
5739590;13;11/12/2021 17:32:00;Strada Urbana;VIA ERNESTO BOEZI;in corrispondenza;;del civico n.;88;;Veicolo in marcia contro ostacolo accidentale;Curva a visuale libera;Una carreggiata a doppio senso;Bagnato (umidit� in atto);Asfaltata;Assente;Nuvoloso;Normale;Buona;;0;0;0;2;12.367;41.7378;-1;1;Autovettura privata;In marcia / fermata / arresto;Passeggero;F;Illeso;0;;Non accertato;Inesploso