Protocollo;Gruppo;DataOraIncidente;Localizzazione1;STRADA1;Localizzazione2;STRADA2;Strada02;Chilometrica;DaSpecificare;NaturaIncidente;particolaritastrade;TipoStrada;FondoStradale;Pavimentazione;Segnaletica;CondizioneAtmosferica;Traffico;Visibilita;Illuminazione;NUM_FERITI;NUM_RISERVATA;NUM_MORTI;NUM_ILLESI;Longitudine;Latitudine;Confermato;Progressivo;TipoVeicolo;StatoVeicolo;TipoPersona;Sesso;Tipolesione;Deceduto;DecedutoDopo;CinturaCascoUtilizzato;Airbag;
5740968;9;13/12/2021 16:45:00;Strada Urbana;CIRCONVALLAZIONE APPIA;in corrispondenza;;del civico n.;97/A;;Investimento di pedone;Rettilineo;Una carreggiata a doppio senso;Asciutto;Asfaltata;Verticale ed orizzontale;Sereno;Normale;Buona;;0;1;0;0;12.5134;41.875;-1;;;;Pedone;M;Prognosi riservata;0;NON DECEDUTO;;
5740968;9;13/12/2021 16:45:00;Strada Urbana;CIRCONVALLAZIONE APPIA;in corrispondenza;;del civico n.;97/A;;Investimento di pedone;Rettilineo;Una carreggiata a doppio senso;Asciutto;Asfaltata;Verticale ed orizzontale;Sereno;Normale;Buona;;0;1;0;0;12.5134;41.875;-1;1;Autocarro inferiore 35 q.;Allontanatosi;;;;;;;
5740976;4;13/12/2021 17:55:00;Strada Urbana;VIA LUDOVICO DI BREME;all'intersezione con;LARGO GIUSEPPE ROVANI;LARGO GIUSEPPE ROVANI;;;Scontro frontale/laterale DX fra veicoli in marcia;Incrocio;Una carreggiata a doppio senso;Asciutto;Asfaltata;Verticale;Sereno;Normale;Sufficiente;;0;0;0;2;12.5493;41.9468;-1;1;Autovettura privata;In marcia / fermata / arresto;Conducente;M;Illeso;0;;Non accertato;Inesploso
5740976;4;13/12/2021 17:55:00;Strada Urbana;VIA LUDOVICO DI BREME;all'intersezione con;LARGO GIUSEPPE ROVANI;LARGO GIUSEPPE ROVANI;;;Scontro frontale/laterale DX fra veicoli in marcia;Incrocio;Una carreggiata a doppio senso;Asciutto;Asfaltata;Verticale;Sereno;Normale;Sufficiente;;0;0;0;2;12.5493;41.9468;-1;2;Autovettura privata;In marcia / fermata / arresto;Conducente;M;Illeso;0;;Non accertato;Inesploso
5740978;17;11/12/2021 07:40:00;Strada Urbana;VIA CIPRO;da specificare;;;;DIR ANASTASIO II TRA V. BRAGADIN/V. AMMIRAGLI;Scontro laterale fra veicoli in marcia;Rettilineo;Due carreggiate;Bagnato (umidit� in atto);Asfaltata;Verticale ed orizzontale;Nuvoloso;Normale;Buona;;0;0;0;2;12.4453;41.9059;-1;1;Autocarro inferiore 35 q.;In marcia / fermata / arresto;Conducente;M;Illeso;0;;;
5740978;17;11/12/2021 07:40:00;Strada Urbana;VIA CIPRO;da specificare;;;;DIR ANASTASIO II TRA V. BRAGADIN/V. AMMIRAGLI;Scontro laterale fra veicoli in marcia;Rettilineo;Due carreggiate;Bagnato (umidit� in atto);Asfaltata;Verticale ed orizzontale;Nuvoloso;Normale;Buona;;0;0;0;2;12.4453;41.9059;-1;2;Autovettura privata;In marcia / fermata / arresto;Conducente;M;Illeso;0;;;
5740984;10;13/12/2021 13:50:00;Strada Urbana;VIA ENZO PACI;in prossimit�;;del civico n.;40;;Investimento di pedone;Rettilineo;Una carreggiata a doppio senso;Asciutto;Asfaltata;Verticale ed orizzontale;Sereno;Scarso;Buona;;2;0;0;1;12.6252;41.8301;-1;;;;Pedone;M;Rimandato;0;NON DECEDUTO;;
5740984;10;13/12/2021 13:50:00;Strada Urbana;VIA ENZO PACI;in prossimit�;;del civico n.;40;;Investimento di pedone;Rettilineo;Una carreggiata a doppio senso;Asciutto;Asfaltata;Verticale ed orizzontale;Sereno;Scarso;Buona;;2;0;0;1;12.6252;41.8301;-1;;;;Pedone;M;Rimandato;0;NON DECEDUTO;;
5740984;10;13/12/2021 13:50:00;Strada Urbana;VIA ENZO PACI;in prossimit�;;del civico n.;40;;Investimento di pedone;Rettilineo;Una carreggiata a doppio senso;Asciutto;Asfaltata;Verticale ed orizzontale;Sereno;Scarso;Buona;;2;0;0;1;12.6252;41.8301;-1;1;Autovettura privata;In marcia / fermata / arresto;Conducente;M;Illeso;0;;Non accertato;Inesploso
5740985;4;13/12/2021 21:30:00;Strada Urbana;VIALE JONIO;in prossimit�;;del civico n.;87;;Scontro frontale/laterale SX fra veicoli in marcia;Rettilineo;Due carreggiate;Bagnato (umidit� in atto);Asfaltata;Verticale ed orizzontale;Sereno;Scarso;Sufficiente;;1;0;0;1;12.5412;41.9434;-1;1;Autovettura privata;In marcia / fermata / arresto;Conducente;F;Rifiuta cure immediate;0;NON DECEDUTO;;
5740985;4;13/12/2021 21:30:00;Strada Urbana;VIALE JONIO;in prossimit�;;del civico n.;87;;Scontro frontale/laterale SX fra veicoli in marcia;Rettilineo;Due carreggiate;Bagnato (umidit� in atto);Asfaltata;Verticale ed orizzontale;Sereno;Scarso;Sufficiente;;1;0;0;1;12.5412;41.9434;-1;2;Autovettura privata;In marcia / fermata / arresto;Conducente;M;Illeso;0;;;
5740988;3;10/12/2021 17:30:00;Strada Urbana;VIALE DEL POLICLINICO;in prossimit�;;del civico n.;115;;Veicolo in marcia contro veicolo fermo;Rettilineo;Una carreggiata a doppio senso;Bagnato (pioggia);Asfaltata;Assente;Pioggia in atto;Scarso;Sufficiente;;0;0;0;2;12.5094;41.9067;-1;1;Autovettura privata;In marcia / fermata / arresto;Conducente;M;Illeso;0;;Non accertato;
5740988;3;10/12/2021 17:30:00;Strada Urbana;VIALE DEL POLICLINICO;in prossimit�;;del civico n.;115;;Veicolo in marcia contro veicolo fermo;Rettilineo;Una carreggiata a doppio senso;Bagnato (pioggia);Asfaltata;Assente;Pioggia in atto;Scarso;Sufficiente;;0;0;0;2;12.5094;41.9067;-1;2;Autovettura privata;In marcia / fermata / arresto;Conducente;M;Illeso;0;;Non accertato;
5740996;13;13/12/2021 07:35:00;Strada Urbana;VIA DELLE BALENIERE;all'intersezione con;VIA ISOLE DEL CAPO VERDE;VIA ISOLE DEL CAPO VERDE;;;Scontro frontale/laterale SX fra veicoli in marcia;Intersezione semaforizzata;Due carreggiate;Asciutto;Asfaltata;Verticale ed orizzontale;Sereno;Normale;Buona;;0;1;0;2;12.2795;41.7382;-1;1;Motociclo con passeggero;In marcia / fermata / arresto;Conducente;M;Prognosi riservata;0;NON DECEDUTO;Non accertato;
5740996;13;13/12/2021 07:35:00;Strada Urbana;VIA DELLE BALENIERE;all'intersezione con;VIA ISOLE DEL CAPO VERDE;VIA ISOLE DEL CAPO VERDE;;;Scontro frontale/laterale SX fra veicoli in marcia;Intersezione semaforizzata;Due carreggiate;Asciutto;Asfaltata;Verticale ed orizzontale;Sereno;Normale;Buona;;0;1;0;2;12.2795;41.7382;-1;2;Autovettura privata;In marcia / fermata / arresto;Conducente;M;Illeso;0;;Non accertato;Inesploso
5740996;13;13/12/2021 07:35:00;Strada Urbana;VIA DELLE BALENIERE;all'intersezione con;VIA ISOLE DEL CAPO VERDE;VIA ISOLE DEL CAPO VERDE;;;Scontro frontale/laterale SX fra veicoli in marcia;Intersezione semaforizzata;Due carreggiate;Asciutto;Asfaltata;Verticale ed orizzontale;Sereno;Normale;Buona;;0;1;0;2;12.2795;41.7382;-1;3;Autovettura privata;In marcia / fermata / arresto;Conducente;M;Illeso;0;;Non accertato;Inesploso
5741000;10;14/12/2021 08:10:00;Strada Urbana;VIA FRANCESCO ANTOLISEI;in corrispondenza;;del civico n.;25;;Tamponamento;Rettilineo;Una carreggiata a senso unico di marcia;Asciutto;Asfaltata;Orizzontale;Sereno;Normale;Buona;;0;0;0;2;12.6068;41.8487;-1;1;Autocarro inferiore 35 q.;In marcia / fermata / arresto;Conducente;M;Illeso;0;;Non accertato;Inesploso
5741000;10;14/12/2021 08:10:00;Strada Urbana;VIA FRANCESCO ANTOLISEI;in corrispondenza;;del civico n.;25;;Tamponamento;Rettilineo;Una carreggiata a senso unico di marcia;Asciutto;Asfaltata;Orizzontale;Sereno;Normale;Buona;;0;0;0;2;12.6068;41.8487;-1;2;Autovettura privata;In marcia / fermata / arresto;Conducente;M;Illeso;0;;Non accertato;Inesploso
5741003;13;13/12/2021 12:20:00;Strada Urbana;VIA ORAZIO VECCHI;in corrispondenza;;del civico n.;50;;Veicolo in marcia che urta buche nella carreggiata;Rettilineo;Una carreggiata a doppio senso;Asciutto;Con buche;Assente;Sereno;Normale;Buona;;0;0;0;1;12.3573;41.7354;-1;1;Autovettura privata;In marcia / fermata / arresto;Conducente;M;Illeso;0;;Non accertato;Inesploso
5741006;13;13/12/2021 13:30:00;Strada Urbana;VIALE DI CASTEL PORZIANO;in corrispondenza;;del civico n.;303;;Tamponamento Multiplo;Rettilineo;Una carreggiata a doppio senso;Asciutto;Asfaltata;Assente;Sereno;Normale;Buona;;0;0;0;3;12.3527;41.7327;-1;1;Autovettura privata;In marcia / fermata / arresto;Conducente;M;Illeso;0;;Non accertato;Inesploso
5741006;13;13/12/2021 13:30:00;Strada Urbana;VIALE DI CASTEL PORZIANO;in corrispondenza;;del civico n.;303;;Tamponamento Multiplo;Rettilineo;Una carreggiata a doppio senso;Asciutto;Asfaltata;Assente;Sereno;Normale;Buona;;0;0;0;3;12.3527;41.7327;-1;2;Autovettura privata;In marcia / fermata / arresto;Conducente;M;Illeso;0;;Non accertato;Inesploso
5741006;13;13/12/2021 13:30:00;Strada Urbana;VIALE DI CASTEL PORZIANO;in corrispondenza;;del civico n.;303;;Tamponamento Multiplo;Rettilineo;Una carreggiata a doppio senso;Asciutto;Asfaltata;Assente;Sereno;Normale;Buona;;0;0;0;3;12.3527;41.7327;-1;3;Autovettura privata;In marcia / fermata / arresto;Conducente;F;Illeso;0;;Non accertato;Inesploso
5741016;10;13/12/2021 15:55:00;Strada Urbana;VIA ANAGNINA;in corrispondenza;;del civico n.;271 a/b;;Tamponamento Multiplo;Rettilineo;Due carreggiate;Asciutto;Asfaltata;Verticale ed orizzontale;Sereno;Normale;Buona;;0;0;0;3;12.6082;41.8223;-1;1;Autovettura privata;In marcia / fermata / arresto;Conducente;F;Illeso;0;;;Inesploso
5741016;10;13/12/2021 15:55:00;Strada Urbana;VIA ANAGNINA;in corrispondenza;;del civico n.;271 a/b;;Tamponamento Multiplo;Rettilineo;Due carreggiate;Asciutto;Asfaltata;Verticale ed orizzontale;Sereno;Normale;Buona;;0;0;0;3;12.6082;41.8223;-1;2;Autovettura privata;In marcia / fermata / arresto;Conducente;M;Illeso;0;;;Inesploso
5741016;10;13/12/2021 15:55:00;Strada Urbana;VIA ANAGNINA;in corrispondenza;;del civico n.;271 a/b;;Tamponamento Multiplo;Rettilineo;Due carreggiate;Asciutto;Asfaltata;Verticale ed orizzontale;Sereno;Normale;Buona;;0;0;0;3;12.6082;41.8223;-1;3;Autovettura privata;In marcia / fermata / arresto;Conducente;F;Illeso;0;;;Inesploso
5741017;13;13/12/2021 14:45:00;;VIA TANCREDI CHIARALUCE;da specificare;;;;altezza depuratori;Veicolo in marcia contro ostacolo fisso;;;;;;;;;;0;0;0;0;;;0;;;;;;;;;;
5741023;13;13/12/2021 17:45:00;Strada Urbana;VIA AGOSTINO CHIGI;da specificare;;;;pressi viale dei romagnoli 1 a;Investimento di pedone;Curva senza visuale libera;Una carreggiata a doppio senso;Asciutto;Asfaltata;Assente;Sereno;Normale;Insufficiente;;1;0;0;0;12.3062;41.7588;0;;;;Pedone;F;Rimandato;0;NON DECEDUTO;;
5741023;13;13/12/2021 17:45:00;Strada Urbana;VIA AGOSTINO CHIGI;da specificare;;;;pressi viale dei romagnoli 1 a;Investimento di pedone;Curva senza visuale libera;Una carreggiata a doppio senso;Asciutto;Asfaltata;Assente;Sereno;Normale;Insufficiente;;1;0;0;0;12.3062;41.7588;0;1;Autovettura privata;Allontanatosi;;;;;;;
5741064;10;13/12/2021 17:30:00;Strada Urbana;VIALE ANTONIO CIAMARRA;in corrispondenza;;del civico n.;177;;Tamponamento;Rettilineo;Pi� di due carreggiate;Asciutto;Asfaltata;Verticale ed orizzontale;Sereno;Normale;Sufficiente;;0;0;0;3;12.5902;41.8526;-1;1;Autovettura privata;In marcia / fermata / arresto;Conducente;M;Illeso;0;;Non accertato;Inesploso
5741064;10;13/12/2021 17:30:00;Strada Urbana;VIALE ANTONIO CIAMARRA;in corrispondenza;;del civico n.;177;;Tamponamento;Rettilineo;Pi� di due carreggiate;Asciutto;Asfaltata;Verticale ed orizzontale;Sereno;Normale;Sufficiente;;0;0;0;3;12.5902;41.8526;-1;1;Autovettura privata;In marcia / fermata / arresto;Passeggero;F;Illeso;0;;Non accertato;Inesploso
5741064;10;13/12/2021 17:30:00;Strada Urbana;VIALE ANTONIO CIAMARRA;in corrispondenza;;del civico n.;177;;Tamponamento;Rettilineo;Pi� di due carreggiate;Asciutto;Asfaltata;Verticale ed orizzontale;Sereno;Normale;Sufficiente;;0;0;0;3;12.5902;41.8526;-1;2;Autovettura privata;In marcia / fermata / arresto;Conducente;F;Illeso;0;;Non accertato;Inesploso
5741092;3;12/12/2021 00:20:00;Strada Urbana;VIALE LINA CAVALIERI;all'intersezione con;VIALE TITINA DE FILIPPO;VIALE TITINA DE FILIPPO;;;Scontro laterale fra veicoli in marcia;Intersezione semaforizzata;Pi� di due carreggiate;Asciutto;Asfaltata;Assente;Sereno;Normale;Buona;;1;0;0;2;12.5158;41.9651;-1;;;;Pedone;M;Illeso;0;;;
5741092;3;12/12/2021 00:20:00;Strada Urbana;VIALE LINA CAVALIERI;all'intersezione con;VIALE TITINA DE FILIPPO;VIALE TITINA DE FILIPPO;;;Scontro laterale fra veicoli in marcia;Intersezione semaforizzata;Pi� di due carreggiate;Asciutto;Asfaltata;Assente;Sereno;Normale;Buona;;1;0;0;2;12.5158;41.9651;-1;1;Autovettura privata;In marcia / fermata / arresto;Conducente;F;Rimandato;0;NON DECEDUTO;Non accertato;
5741092;3;12/12/2021 00:20:00;Strada Urbana;VIALE LINA CAVALIERI;all'intersezione con;VIALE TITINA DE FILIPPO;VIALE TITINA DE FILIPPO;;;Scontro laterale fra veicoli in marcia;Intersezione semaforizzata;Pi� di due carreggiate;Asciutto;Asfaltata;Assente;Sereno;Normale;Buona;;1;0;0;2;12.5158;41.9651;-1;2;Autovettura privata;In marcia / fermata / arresto;Conducente;F;Illeso;0;;Non accertato;
5741097;17;13/12/2021 06:40:00;Strada Urbana;VIA TRIONFALE;all'intersezione semaforizzata con;VIA BERNARDINO TELESIO;VIA BERNARDINO TELESIO;;;Investimento di pedone;Incrocio;Una carreggiata a senso unico di marcia;Asciutto;Asfaltata;Verticale ed orizzontale;Sereno;Normale;Buona;;1;0;0;0;12.4495;41.9109;0;;;;Pedone;F;Rimandato;0;NON DECEDUTO;;
5741098;16;13/12/2021 08:25:00;Strada Urbana;VIA DI BOCCEA;da specificare;;;;rampa usc. GRA lato via A.L. Bonanome;Veicolo in marcia contro veicolo arresto;Rettilineo;Una carreggiata a senso unico di marcia;Asciutto;Asfaltata;Verticale ed orizzontale;Sereno;Normale;Buona;;0;0;0;2;12.3847;41.9149;-1;1;Motociclo di polizia;In marcia / fermata / arresto;Conducente;M;Illeso;0;;Non accertato;
5741098;16;13/12/2021 08:25:00;Strada Urbana;VIA DI BOCCEA;da specificare;;;;rampa usc. GRA lato via A.L. Bonanome;Veicolo in marcia contro veicolo arresto;Rettilineo;Una carreggiata a senso unico di marcia;Asciutto;Asfaltata;Verticale ed orizzontale;Sereno;Normale;Buona;;0;0;0;2;12.3847;41.9149;-1;2;Motociclo con passeggero;In marcia / fermata / arresto;Conducente;F;Illeso;0;;Non accertato;
5741106;3;12/12/2021 03:00:00;Strada Urbana;VIA TIBURTINA;da specificare;;;;civico 4;Infortunio per sola frenata improvvisa;Rettilineo;Una carreggiata a senso unico di marcia;Asciutto;Asfaltata;Orizzontale;Sereno;Scarso;Buona;;1;0;0;0;12.512;41.8971;-1;1;Motociclo a solo;In marcia / fermata / arresto;Conducente;M;Rimandato;0;NON DECEDUTO;Non accertato;
5741110;18;14/12/2021 07:10:00;Strada Urbana;VIA DI BOCCEA;da specificare;;;;in prossimit� di via della maglianella;Tamponamento Multiplo;Rettilineo;Una carreggiata a senso unico di marcia;Asciutto;Asfaltata;Orizzontale;Sereno;Normale;Buona;;1;0;0;2;12.3829;41.9149;-1;1;Autovettura privata;In marcia / fermata / arresto;Conducente;M;Illeso;0;;;
5741110;18;14/12/2021 07:10:00;Strada Urbana;VIA DI BOCCEA;da specificare;;;;in prossimit� di via della maglianella;Tamponamento Multiplo;Rettilineo;Una carreggiata a senso unico di marcia;Asciutto;Asfaltata;Orizzontale;Sereno;Normale;Buona;;1;0;0;2;12.3829;41.9149;-1;2;Autovettura privata;In marcia / fermata / arresto;Conducente;M;Illeso;0;;;
5741110;18;14/12/2021 07:10:00;Strada Urbana;VIA DI BOCCEA;da specificare;;;;in prossimit� di via della maglianella;Tamponamento Multiplo;Rettilineo;Una carreggiata a senso unico di marcia;Asciutto;Asfaltata;Orizzontale;Sereno;Normale;Buona;;1;0;0;2;12.3829;41.9149;-1;3;Autovettura privata;In marcia / fermata / arresto;Conducente;M;Rifiuta cure immediate;0;NON DECEDUTO;;
5741119;16;13/12/2021 13:30:00;;PIAZZA S. GIOVANNI DI DIO;da specificare;;;;fronte civico 23;Veicolo in marcia contro veicolo arresto;;;;;;;;;;0;0;0;2;;;0;1;Autovettura privata;In marcia / fermata / arresto;Conducente;M;Illeso;0;;;
5741119;16;13/12/2021 13:30:00;;PIAZZA S. GIOVANNI DI DIO;da specificare;;;;fronte civico 23;Veicolo in marcia contro veicolo arresto;;;;;;;;;;0;0;0;2;;;0;2;Autovettura privata;In marcia / fermata / arresto;Conducente;M;Illeso;0;;;
5741121;3;11/12/2021 05:00:00;Strada Urbana;VIALE REGINA ELENA;da specificare;;;;fronte 301;Fuoriuscita dalla sede stradale;Rettilineo;Pi� di due carreggiate;Bagnato (pioggia);Asfaltata;Verticale ed orizzontale;Pioggia in atto;Scarso;Sufficiente;;1;0;0;0;12.5156;41.9056;-1;1;Autovettura privata;In marcia / fermata / arresto;Conducente;M;Rimandato;0;NON DECEDUTO;;
5741127;3;10/12/2021 21:25:00;Strada Urbana;VIA DEI RETI;in prossimit�;;del civico n.;32;;Investimento di pedone;Rettilineo;Una carreggiata a doppio senso;Bagnato (pioggia);Asfaltata;Verticale ed orizzontale;Nuvoloso;Scarso;Buona;;0;0;0;2;12.5183;41.8987;-1;;;;Pedone;M;Illeso;0;;;
5741127;3;10/12/2021 21:25:00;Strada Urbana;VIA DEI RETI;in prossimit�;;del civico n.;32;;Investimento di pedone;Rettilineo;Una carreggiata a doppio senso;Bagnato (pioggia);Asfaltata;Verticale ed orizzontale;Nuvoloso;Scarso;Buona;;0;0;0;2;12.5183;41.8987;-1;1;Motociclo a solo;In marcia / fermata / arresto;Conducente;M;Illeso;0;;;
5741139;3;10/12/2021 23:50:00;Strada Urbana;PIAZZA BUENOS AIRES;da specificare;;;;fronte civico 20;Investimento di pedone;Rettilineo;Una carreggiata a doppio senso;Bagnato (pioggia);Asfaltata;Verticale ed orizzontale;Pioggia in atto;Normale;Sufficiente;;1;0;0;1;12.5003;41.9183;0;;;;Pedone;M;Rimandato;0;NON DECEDUTO;;
5741139;3;10/12/2021 23:50:00;Strada Urbana;PIAZZA BUENOS AIRES;da specificare;;;;fronte civico 20;Investimento di pedone;Rettilineo;Una carreggiata a doppio senso;Bagnato (pioggia);Asfaltata;Verticale ed orizzontale;Pioggia in atto;Normale;Sufficiente;;1;0;0;1;12.5003;41.9183;0;1;Autovettura privata;In marcia / fermata / arresto;Conducente;M;Illeso;0;;Non accertato;
5741143;1;13/12/2021 19:25:00;Strada Urbana;VIA CRESCENZIO;all'intersezione con;VIA VARRONE;VIA VARRONE;;;Scontro frontale/laterale DX fra veicoli in marcia;Incrocio;Una carreggiata a doppio senso;Asciutto;In cubetti di porfido;Verticale ed orizzontale;Sereno;Normale;Buona;;1;0;0;3;12.4639;41.9057;-1;1;Autovettura privata;In marcia / fermata / arresto;Conducente;M;Illeso;0;;;
5741143;1;13/12/2021 19:25:00;Strada Urbana;VIA CRESCENZIO;all'intersezione con;VIA VARRONE;VIA VARRONE;;;Scontro frontale/laterale DX fra veicoli in marcia;Incrocio;Una carreggiata a doppio senso;Asciutto;In cubetti di porfido;Verticale ed orizzontale;Sereno;Normale;Buona;;1;0;0;3;12.4639;41.9057;-1;1;Autovettura privata;In marcia / fermata / arresto;Passeggero;M;Illeso;0;;;
5741143;1;13/12/2021 19:25:00;Strada Urbana;VIA CRESCENZIO;all'intersezione con;VIA VARRONE;VIA VARRONE;;;Scontro frontale/laterale DX fra veicoli in marcia;Incrocio;Una carreggiata a doppio senso;Asciutto;In cubetti di porfido;Verticale ed orizzontale;Sereno;Normale;Buona;;1;0;0;3;12.4639;41.9057;-1;2;Motociclo con passeggero;In marcia / fermata / arresto;Conducente;M;Illeso;0;;;
5741143;1;13/12/2021 19:25:00;Strada Urbana;VIA CRESCENZIO;all'intersezione con;VIA VARRONE;VIA VARRONE;;;Scontro frontale/laterale DX fra veicoli in marcia;Incrocio;Una carreggiata a doppio senso;Asciutto;In cubetti di porfido;Verticale ed orizzontale;Sereno;Normale;Buona;;1;0;0;3;12.4639;41.9057;-1;2;Motociclo con passeggero;In marcia / fermata / arresto;Passeggero;F;Rimandato;0;NON DECEDUTO;;
5741172;3;12/12/2021 09:15:00;Strada Urbana;VIA TIBURTINA;da specificare;;;;direzione GRA pross. ingresso VERANO;Veicolo in marcia contro ostacolo accidentale;Rettilineo;Pi� di due carreggiate;Asciutto;Con buche;Verticale ed orizzontale;Sereno;Scarso;Buona;;0;0;0;1;12.5272;41.9081;-1;1;Motociclo a solo;In marcia / fermata / arresto;Conducente;M;Illeso;0;;Non accertato;
5741179;3;10/12/2021 22:15:00;Strada Urbana;VIALE ERITREA;all'intersezione con;VIA MASSACIUCCOLI;VIA MASSACIUCCOLI;;;Scontro laterale fra veicoli in marcia;Incrocio;Due carreggiate;Bagnato (pioggia);Asfaltata;Verticale ed orizzontale;Pioggia in atto;Scarso;Sufficiente;;0;0;0;1;12.5157;41.9245;-1;1;Motociclo con passeggero;In marcia / fermata / arresto;Conducente;M;Illeso;0;;;
5741179;3;10/12/2021 22:15:00;Strada Urbana;VIALE ERITREA;all'intersezione con;VIA MASSACIUCCOLI;VIA MASSACIUCCOLI;;;Scontro laterale fra veicoli in marcia;Incrocio;Due carreggiate;Bagnato (pioggia);Asfaltata;Verticale ed orizzontale;Pioggia in atto;Scarso;Sufficiente;;0;0;0;1;12.5157;41.9245;-1;2;Autovettura privata;In marcia / fermata / arresto;;;;;;;
5741198;18;13/12/2021 05:00:00;Strada Urbana;VIA S. DAMASO;in prossimit�;;del civico n.;16;;Veicolo in marcia contro veicoli in sosta;Pendenza;Una carreggiata a doppio senso;Asciutto;Asfaltata;Verticale ed orizzontale;Sereno;Scarso;Sufficiente;;1;0;0;0;12.4447;41.8951;-1;1;Autovettura privata;In marcia / fermata / arresto;Conducente;F;Rimandato;0;NON DECEDUTO;;
5741198;18;13/12/2021 05:00:00;Strada Urbana;VIA S. DAMASO;in prossimit�;;del civico n.;16;;Veicolo in marcia contro veicoli in sosta;Pendenza;Una carreggiata a doppio senso;Asciutto;Asfaltata;Verticale ed orizzontale;Sereno;Scarso;Sufficiente;;1;0;0;0;12.4447;41.8951;-1;2;Autovettura privata;Sosta;;;;;;;
5741198;18;13/12/2021 05:00:00;Strada Urbana;VIA S. DAMASO;in prossimit�;;del civico n.;16;;Veicolo in marcia contro veicoli in sosta;Pendenza;Una carreggiata a doppio senso;Asciutto;Asfaltata;Verticale ed orizzontale;Sereno;Scarso;Sufficiente;;1;0;0;0;12.4447;41.8951;-1;3;Autovettura privata;Sosta;;;;;;;
5741199;3;13/12/2021 13:10:00;Strada Urbana;VIALE DELLO SCALO S. LORENZO;da specificare;;;;altezza civico 1;Investimento di pedone;Rettilineo;Pi� di due carreggiate;Asciutto;Asfaltata;Verticale ed orizzontale;Sereno;Normale;Buona;;1;0;0;1;12.518;41.8952;-1;;;;Pedone;M;Rimandato;0;NON DECEDUTO;;
5741199;3;13/12/2021 13:10:00;Strada Urbana;VIALE DELLO SCALO S. LORENZO;da specificare;;;;altezza civico 1;Investimento di pedone;Rettilineo;Pi� di due carreggiate;Asciutto;Asfaltata;Verticale ed orizzontale;Sereno;Normale;Buona;;1;0;0;1;12.518;41.8952;-1;1;Autovettura privata;In marcia / fermata / arresto;Conducente;M;Illeso;0;;Non accertato;Inesploso
5741200;2;13/12/2021 12:00:00;Strada Urbana;VIA PANAMA;in prossimit�;;del civico n.;20;;Scontro laterale fra veicoli in marcia;Rettilineo;Una carreggiata a senso unico di marcia;Asciutto;Asfaltata;Verticale ed orizzontale;Sereno;Normale;Buona;;0;0;0;2;12.4944;41.9235;-1;1;Autovettura privata;In marcia / fermata / arresto;Conducente;M;Illeso;0;;Non accertato;Inesploso
5741200;2;13/12/2021 12:00:00;Strada Urbana;VIA PANAMA;in prossimit�;;del civico n.;20;;Scontro laterale fra veicoli in marcia;Rettilineo;Una carreggiata a senso unico di marcia;Asciutto;Asfaltata;Verticale ed orizzontale;Sereno;Normale;Buona;;0;0;0;2;12.4944;41.9235;-1;2;Motociclo a solo;In marcia / fermata / arresto;Conducente;M;Illeso;0;;Non accertato;
5741203;2;13/12/2021 14:45:00;Strada Urbana;VIA MAGLIANO SABINA;in prossimit�;;del civico n.;12;;Scontro laterale fra veicoli in marcia;Rettilineo;Una carreggiata a senso unico di marcia;Asciutto;Asfaltata;Verticale ed orizzontale;Sereno;Normale;Buona;;0;0;0;2;12.5122;41.934;-1;1;Autovettura privata;In marcia / fermata / arresto;Conducente;F;Illeso;0;;Non accertato;Inesploso
5741203;2;13/12/2021 14:45:00;Strada Urbana;VIA MAGLIANO SABINA;in prossimit�;;del civico n.;12;;Scontro laterale fra veicoli in marcia;Rettilineo;Una carreggiata a senso unico di marcia;Asciutto;Asfaltata;Verticale ed orizzontale;Sereno;Normale;Buona;;0;0;0;2;12.5122;41.934;-1;2;Autovettura pubblica;In marcia / fermata / arresto;Conducente;M;Illeso;0;;Non accertato;Inesploso
5741204;2;13/12/2021 17:00:00;Strada Urbana;LARGO ANTONIO SARTI;all'intersezione con;VIA DONATELLO;VIA DONATELLO;;;Veicolo in marcia contro veicolo in sosta;Intersezione stradale segnalata;Una carreggiata a doppio senso;Asciutto;Asfaltata;Verticale ed orizzontale;Sereno;Normale;Buona;;2;0;0;1;12.4685;41.9234;-1;1;Autovettura privata;Sosta;Passeggero;M;Illeso;0;;Non accertato;Inesploso
5741204;2;13/12/2021 17:00:00;Strada Urbana;LARGO ANTONIO SARTI;all'intersezione con;VIA DONATELLO;VIA DONATELLO;;;Veicolo in marcia contro veicolo in sosta;Intersezione stradale segnalata;Una carreggiata a doppio senso;Asciutto;Asfaltata;Verticale ed orizzontale;Sereno;Normale;Buona;;2;0;0;1;12.4685;41.9234;-1;2;Motociclo con passeggero;In marcia / fermata / arresto;Conducente;M;Rimandato;0;NON DECEDUTO;Non accertato;
5741204;2;13/12/2021 17:00:00;Strada Urbana;LARGO ANTONIO SARTI;all'intersezione con;VIA DONATELLO;VIA DONATELLO;;;Veicolo in marcia contro veicolo in sosta;Intersezione stradale segnalata;Una carreggiata a doppio senso;Asciutto;Asfaltata;Verticale ed orizzontale;Sereno;Normale;Buona;;2;0;0;1;12.4685;41.9234;-1;2;Motociclo con passeggero;In marcia / fermata / arresto;Passeggero;F;Rimandato;0;NON DECEDUTO;;