Protocollo;Gruppo;DataOraIncidente;Localizzazione1;STRADA1;Localizzazione2;STRADA2;Strada02;Chilometrica;DaSpecificare;NaturaIncidente;particolaritastrade;TipoStrada;FondoStradale;Pavimentazione;Segnaletica;CondizioneAtmosferica;Traffico;Visibilita;Illuminazione;NUM_FERITI;NUM_RISERVATA;NUM_MORTI;NUM_ILLESI;Longitudine;Latitudine;Confermato;Progressivo;TipoVeicolo;StatoVeicolo;TipoPersona;Sesso;Tipolesione;Deceduto;DecedutoDopo;CinturaCascoUtilizzato;Airbag;
5741206;2;13/12/2021 17:40:00;Strada Urbana;SOTTOVIA IGNAZIO GUIDI;da specificare;;;;dir. Croce Rossa alt. via Romagna;Scontro laterale fra veicoli in marcia;Rettilineo;Due carreggiate;Asciutto;Asfaltata;Verticale ed orizzontale;Sereno;Normale;Buona;;0;0;0;5;12.5014;41.9096;-1;1;Autocarro inferiore 35 q.;In marcia / fermata / arresto;Conducente;M;Illeso;0;;Non accertato;Inesploso
5741206;2;13/12/2021 17:40:00;Strada Urbana;SOTTOVIA IGNAZIO GUIDI;da specificare;;;;dir. Croce Rossa alt. via Romagna;Scontro laterale fra veicoli in marcia;Rettilineo;Due carreggiate;Asciutto;Asfaltata;Verticale ed orizzontale;Sereno;Normale;Buona;;0;0;0;5;12.5014;41.9096;-1;1;Autocarro inferiore 35 q.;In marcia / fermata / arresto;Passeggero;M;Illeso;0;;Non accertato;Inesploso
5741206;2;13/12/2021 17:40:00;Strada Urbana;SOTTOVIA IGNAZIO GUIDI;da specificare;;;;dir. Croce Rossa alt. via Romagna;Scontro laterale fra veicoli in marcia;Rettilineo;Due carreggiate;Asciutto;Asfaltata;Verticale ed orizzontale;Sereno;Normale;Buona;;0;0;0;5;12.5014;41.9096;-1;1;Autocarro inferiore 35 q.;In marcia / fermata / arresto;Passeggero;M;Illeso;0;;Non accertato;Inesploso
5741206;2;13/12/2021 17:40:00;Strada Urbana;SOTTOVIA IGNAZIO GUIDI;da specificare;;;;dir. Croce Rossa alt. via Romagna;Scontro laterale fra veicoli in marcia;Rettilineo;Due carreggiate;Asciutto;Asfaltata;Verticale ed orizzontale;Sereno;Normale;Buona;;0;0;0;5;12.5014;41.9096;-1;2;Autovettura privata;In marcia / fermata / arresto;Conducente;M;Illeso;0;;Non accertato;Inesploso
5741206;2;13/12/2021 17:40:00;Strada Urbana;SOTTOVIA IGNAZIO GUIDI;da specificare;;;;dir. Croce Rossa alt. via Romagna;Scontro laterale fra veicoli in marcia;Rettilineo;Due carreggiate;Asciutto;Asfaltata;Verticale ed orizzontale;Sereno;Normale;Buona;;0;0;0;5;12.5014;41.9096;-1;2;Autovettura privata;In marcia / fermata / arresto;Passeggero;F;Illeso;0;;Non accertato;Inesploso
5741209;2;13/12/2021 19:20:00;Strada Urbana;VIA ANTONIO GRAMSCI;in prossimit�;;del civico n.;37;;Veicolo in marcia contro veicolo in sosta;Rettilineo;Una carreggiata a senso unico di marcia;Asciutto;Asfaltata;Verticale ed orizzontale;Sereno;Normale;Buona;;0;0;0;1;12.4787;41.92;-1;1;Autovettura privata;In marcia / fermata / arresto;Conducente;F;Illeso;0;;Non accertato;Inesploso
5741209;2;13/12/2021 19:20:00;Strada Urbana;VIA ANTONIO GRAMSCI;in prossimit�;;del civico n.;37;;Veicolo in marcia contro veicolo in sosta;Rettilineo;Una carreggiata a senso unico di marcia;Asciutto;Asfaltata;Verticale ed orizzontale;Sereno;Normale;Buona;;0;0;0;1;12.4787;41.92;-1;2;Autovettura privata;Sosta;;;;;;;
5741217;1;10/12/2021 11:00:00;Strada Urbana;PIAZZA S. FRANCESCO D'ASSISI;in corrispondenza;;del civico n.;91;;Scontro frontale fra veicoli in marcia;Rettilineo;Una carreggiata a doppio senso;Asciutto;In cubetti di porfido;Verticale ed orizzontale;Nuvoloso;Normale;Buona;;0;0;0;3;12.4726;41.8852;-1;1;Autovettura di polizia;In marcia / fermata / arresto;Conducente;M;Illeso;0;;;
5741217;1;10/12/2021 11:00:00;Strada Urbana;PIAZZA S. FRANCESCO D'ASSISI;in corrispondenza;;del civico n.;91;;Scontro frontale fra veicoli in marcia;Rettilineo;Una carreggiata a doppio senso;Asciutto;In cubetti di porfido;Verticale ed orizzontale;Nuvoloso;Normale;Buona;;0;0;0;3;12.4726;41.8852;-1;1;Autovettura di polizia;In marcia / fermata / arresto;Passeggero;M;Illeso;0;;;
5741217;1;10/12/2021 11:00:00;Strada Urbana;PIAZZA S. FRANCESCO D'ASSISI;in corrispondenza;;del civico n.;91;;Scontro frontale fra veicoli in marcia;Rettilineo;Una carreggiata a doppio senso;Asciutto;In cubetti di porfido;Verticale ed orizzontale;Nuvoloso;Normale;Buona;;0;0;0;3;12.4726;41.8852;-1;2;Autovettura privata;In marcia / fermata / arresto;Conducente;M;Illeso;0;;;
5741236;16;13/12/2021 13:30:00;Strada Urbana;VIA DI BRAVETTA;in corrispondenza;;del civico n.;42;;Veicolo in marcia contro veicolo fermo;Rettilineo;Una carreggiata a doppio senso;Asciutto;Asfaltata;Verticale ed orizzontale;Sereno;Normale;Buona;;0;0;0;2;12.4216;41.8864;-1;1;Autovettura privata;In marcia / fermata / arresto;Conducente;F;Illeso;0;;Non accertato;
5741236;16;13/12/2021 13:30:00;Strada Urbana;VIA DI BRAVETTA;in corrispondenza;;del civico n.;42;;Veicolo in marcia contro veicolo fermo;Rettilineo;Una carreggiata a doppio senso;Asciutto;Asfaltata;Verticale ed orizzontale;Sereno;Normale;Buona;;0;0;0;2;12.4216;41.8864;-1;2;Autovettura privata;In marcia / fermata / arresto;Conducente;M;Illeso;0;;Non accertato;
5741247;17;13/12/2021 15:45:00;Strada Urbana;VIALE GIULIO CESARE;in prossimit�;;del civico n.;54;;Scontro laterale fra veicoli in marcia;Rettilineo;Pi� di due carreggiate;Asciutto;Asfaltata;Verticale ed orizzontale;Sereno;Normale;Buona;;1;0;0;4;12.4653;41.9114;-1;1;Autovettura privata;In marcia / fermata / arresto;Conducente;M;Illeso;0;;;
5741247;17;13/12/2021 15:45:00;Strada Urbana;VIALE GIULIO CESARE;in prossimit�;;del civico n.;54;;Scontro laterale fra veicoli in marcia;Rettilineo;Pi� di due carreggiate;Asciutto;Asfaltata;Verticale ed orizzontale;Sereno;Normale;Buona;;1;0;0;4;12.4653;41.9114;-1;2;Autovettura privata;In marcia / fermata / arresto;Conducente;M;Illeso;0;;;
5741247;17;13/12/2021 15:45:00;Strada Urbana;VIALE GIULIO CESARE;in prossimit�;;del civico n.;54;;Scontro laterale fra veicoli in marcia;Rettilineo;Pi� di due carreggiate;Asciutto;Asfaltata;Verticale ed orizzontale;Sereno;Normale;Buona;;1;0;0;4;12.4653;41.9114;-1;2;Autovettura privata;In marcia / fermata / arresto;Passeggero;F;Illeso;0;;;
5741247;17;13/12/2021 15:45:00;Strada Urbana;VIALE GIULIO CESARE;in prossimit�;;del civico n.;54;;Scontro laterale fra veicoli in marcia;Rettilineo;Pi� di due carreggiate;Asciutto;Asfaltata;Verticale ed orizzontale;Sereno;Normale;Buona;;1;0;0;4;12.4653;41.9114;-1;3;Autovettura privata;In marcia / fermata / arresto;Conducente;M;Illeso;0;;;
5741247;17;13/12/2021 15:45:00;Strada Urbana;VIALE GIULIO CESARE;in prossimit�;;del civico n.;54;;Scontro laterale fra veicoli in marcia;Rettilineo;Pi� di due carreggiate;Asciutto;Asfaltata;Verticale ed orizzontale;Sereno;Normale;Buona;;1;0;0;4;12.4653;41.9114;-1;3;Autovettura privata;In marcia / fermata / arresto;Passeggero;M;Rimandato;0;NON DECEDUTO;;
5741247;17;13/12/2021 15:45:00;Strada Urbana;VIALE GIULIO CESARE;in prossimit�;;del civico n.;54;;Scontro laterale fra veicoli in marcia;Rettilineo;Pi� di due carreggiate;Asciutto;Asfaltata;Verticale ed orizzontale;Sereno;Normale;Buona;;1;0;0;4;12.4653;41.9114;-1;4;Autovettura privata;Sosta;;;;;;;
5741247;17;13/12/2021 15:45:00;Strada Urbana;VIALE GIULIO CESARE;in prossimit�;;del civico n.;54;;Scontro laterale fra veicoli in marcia;Rettilineo;Pi� di due carreggiate;Asciutto;Asfaltata;Verticale ed orizzontale;Sereno;Normale;Buona;;1;0;0;4;12.4653;41.9114;-1;5;Autovettura privata;Sosta;;;;;;;
5741253;4;13/12/2021 22:00:00;Strada Urbana;VIA DELLA CESARINA;da specificare;;;;prossimit� intersezione VIA DELLA MARCIGLIANA;Veicolo in marcia che urta buche nella carreggiata;Rettilineo;Una carreggiata a doppio senso;Asciutto;Asfaltata;Orizzontale;Sereno;Scarso;Insufficiente;;0;0;0;2;12.5855;41.9756;-1;1;Autovettura privata;In marcia / fermata / arresto;Conducente;F;Illeso;0;;Non accertato;Inesploso
5741253;4;13/12/2021 22:00:00;Strada Urbana;VIA DELLA CESARINA;da specificare;;;;prossimit� intersezione VIA DELLA MARCIGLIANA;Veicolo in marcia che urta buche nella carreggiata;Rettilineo;Una carreggiata a doppio senso;Asciutto;Asfaltata;Orizzontale;Sereno;Scarso;Insufficiente;;0;0;0;2;12.5855;41.9756;-1;1;Autovettura privata;In marcia / fermata / arresto;Passeggero;M;Illeso;0;;Non accertato;Inesploso
5741255;16;13/12/2021 15:30:00;Strada Urbana;VIA ANGELO BELLANI;in corrispondenza;;del civico n.;1;;Scontro laterale fra veicoli in marcia;Rettilineo;Una carreggiata a senso unico di marcia;Asciutto;Asfaltata;Assente;Sereno;Normale;Buona;;0;0;0;2;12.4677;41.8731;-1;1;Autocarro inferiore 35 q.;In marcia / fermata / arresto;Conducente;M;Illeso;0;;Non accertato;
5741255;16;13/12/2021 15:30:00;Strada Urbana;VIA ANGELO BELLANI;in corrispondenza;;del civico n.;1;;Scontro laterale fra veicoli in marcia;Rettilineo;Una carreggiata a senso unico di marcia;Asciutto;Asfaltata;Assente;Sereno;Normale;Buona;;0;0;0;2;12.4677;41.8731;-1;2;Autovettura privata;In marcia / fermata / arresto;Conducente;F;Illeso;0;;Non accertato;
5741265;6;14/12/2021 08:10:00;Strada Urbana;VIALE GIOVANNI BATTISTA VALENTE;all'intersezione con;VIA ALFREDO COVELLI;VIA ALFREDO COVELLI;;;Investimento di pedone;Incrocio;Una carreggiata a doppio senso;Asciutto;Asfaltata;Verticale ed orizzontale;Sereno;Normale;Buona;;2;0;0;1;12.5666;41.896;-1;;;;Pedone;F;Rimandato;0;NON DECEDUTO;;
5741265;6;14/12/2021 08:10:00;Strada Urbana;VIALE GIOVANNI BATTISTA VALENTE;all'intersezione con;VIA ALFREDO COVELLI;VIA ALFREDO COVELLI;;;Investimento di pedone;Incrocio;Una carreggiata a doppio senso;Asciutto;Asfaltata;Verticale ed orizzontale;Sereno;Normale;Buona;;2;0;0;1;12.5666;41.896;-1;;;;Pedone;F;Rimandato;0;NON DECEDUTO;;
5741265;6;14/12/2021 08:10:00;Strada Urbana;VIALE GIOVANNI BATTISTA VALENTE;all'intersezione con;VIA ALFREDO COVELLI;VIA ALFREDO COVELLI;;;Investimento di pedone;Incrocio;Una carreggiata a doppio senso;Asciutto;Asfaltata;Verticale ed orizzontale;Sereno;Normale;Buona;;2;0;0;1;12.5666;41.896;-1;1;Autocarro inferiore 35 q.;In marcia / fermata / arresto;Conducente;M;Illeso;0;;Non accertato;Inesploso
5741276;1;11/12/2021 17:30:00;Strada Urbana;VIA FRANCESCO CRISPI;all'intersezione con;VIA DI CAPO LE CASE;VIA DI CAPO LE CASE;;;Veicolo in marcia contro ostacolo accidentale;Incrocio;Una carreggiata a senso unico di marcia;Asciutto;Con buche;Verticale ed orizzontale;Nuvoloso;Normale;Buona;;1;0;0;0;12.4859;41.9047;-1;1;Motociclo a solo;In marcia / fermata / arresto;Conducente;M;Rifiuta cure immediate;0;NON DECEDUTO;;
5741304;1;11/12/2021 22:35:00;Strada Urbana;VIA ODOARDO BECCARI;in prossimit�;;del civico n.;93;;Veicolo in marcia contro ostacolo accidentale;Rettilineo;Una carreggiata a senso unico di marcia;Asciutto;Asfaltata;Verticale;Nuvoloso;Scarso;Sufficiente;;0;0;0;1;;;0;1;Autovettura pubblica;In marcia / fermata / arresto;Conducente;M;Illeso;0;;;
5741307;13;13/12/2021 17:00:00;Strada Urbana;VIA TELEMACO SIGNORINI;all'intersezione con;VIA CESARE MACCARI;VIA CESARE MACCARI;;;Scontro frontale/laterale SX fra veicoli in marcia;Incrocio;Due carreggiate;Asciutto;Asfaltata;Verticale ed orizzontale;Sereno;Normale;Sufficiente;;1;0;0;1;12.3568;41.7757;-1;1;Autovettura privata;In marcia / fermata / arresto;Conducente;M;Illeso;0;;;
5741307;13;13/12/2021 17:00:00;Strada Urbana;VIA TELEMACO SIGNORINI;all'intersezione con;VIA CESARE MACCARI;VIA CESARE MACCARI;;;Scontro frontale/laterale SX fra veicoli in marcia;Incrocio;Due carreggiate;Asciutto;Asfaltata;Verticale ed orizzontale;Sereno;Normale;Sufficiente;;1;0;0;1;12.3568;41.7757;-1;2;Autovettura privata;In marcia / fermata / arresto;Conducente;F;Rimandato;0;NON DECEDUTO;;
5741308;3;11/12/2021 19:40:00;Strada Urbana;CIRCONVALLAZIONE TIBURTINA;da specificare;;;;direzione S.Giovanni altezza paolo luce 31;Tamponamento Multiplo;Rettilineo;Pi� di due carreggiate;Asciutto;Asfaltata;Verticale ed orizzontale;Nuvoloso;Normale;Buona;;1;0;0;4;12.5268;41.8986;-1;1;Autovettura privata;In marcia / fermata / arresto;Conducente;F;Illeso;0;;;
5741308;3;11/12/2021 19:40:00;Strada Urbana;CIRCONVALLAZIONE TIBURTINA;da specificare;;;;direzione S.Giovanni altezza paolo luce 31;Tamponamento Multiplo;Rettilineo;Pi� di due carreggiate;Asciutto;Asfaltata;Verticale ed orizzontale;Nuvoloso;Normale;Buona;;1;0;0;4;12.5268;41.8986;-1;2;Autovettura privata;In marcia / fermata / arresto;Conducente;M;Illeso;0;;;
5741308;3;11/12/2021 19:40:00;Strada Urbana;CIRCONVALLAZIONE TIBURTINA;da specificare;;;;direzione S.Giovanni altezza paolo luce 31;Tamponamento Multiplo;Rettilineo;Pi� di due carreggiate;Asciutto;Asfaltata;Verticale ed orizzontale;Nuvoloso;Normale;Buona;;1;0;0;4;12.5268;41.8986;-1;2;Autovettura privata;In marcia / fermata / arresto;Passeggero;M;Illeso;0;;;
5741308;3;11/12/2021 19:40:00;Strada Urbana;CIRCONVALLAZIONE TIBURTINA;da specificare;;;;direzione S.Giovanni altezza paolo luce 31;Tamponamento Multiplo;Rettilineo;Pi� di due carreggiate;Asciutto;Asfaltata;Verticale ed orizzontale;Nuvoloso;Normale;Buona;;1;0;0;4;12.5268;41.8986;-1;3;Motociclo a solo;In marcia / fermata / arresto;Conducente;M;Rimandato;0;NON DECEDUTO;;
5741308;3;11/12/2021 19:40:00;Strada Urbana;CIRCONVALLAZIONE TIBURTINA;da specificare;;;;direzione S.Giovanni altezza paolo luce 31;Tamponamento Multiplo;Rettilineo;Pi� di due carreggiate;Asciutto;Asfaltata;Verticale ed orizzontale;Nuvoloso;Normale;Buona;;1;0;0;4;12.5268;41.8986;-1;4;Autovettura privata;In marcia / fermata / arresto;Conducente;M;Illeso;0;;;
5741350;1;11/12/2021 22:30:00;Strada Urbana;VIA ODOARDO BECCARI;in prossimit�;;del palo luce n.;93;;Veicolo in marcia contro ostacolo accidentale;Rettilineo;Una carreggiata a senso unico di marcia;Asciutto;Asfaltata;Verticale;Nuvoloso;Scarso;Sufficiente;;0;0;0;2;12.492;41.8724;-1;1;Autovettura privata;In marcia / fermata / arresto;Conducente;M;Illeso;0;;Non accertato;Inesploso
5741350;1;11/12/2021 22:30:00;Strada Urbana;VIA ODOARDO BECCARI;in prossimit�;;del palo luce n.;93;;Veicolo in marcia contro ostacolo accidentale;Rettilineo;Una carreggiata a senso unico di marcia;Asciutto;Asfaltata;Verticale;Nuvoloso;Scarso;Sufficiente;;0;0;0;2;12.492;41.8724;-1;1;Autovettura privata;In marcia / fermata / arresto;Passeggero;F;Illeso;0;;Non accertato;Inesploso
5741366;12;13/12/2021 18:00:00;Provinciale entro l'abitato;VIA LAURENTINA;in corrispondenza;;del civico n.;800;;Scontro laterale fra veicoli in marcia;Rettilineo;Pi� di due carreggiate;Asciutto;Asfaltata;Verticale ed orizzontale;Sereno;Normale;Buona;;0;0;0;2;12.4838;41.8084;-1;1;Autovettura privata;In marcia / fermata / arresto;Conducente;M;Illeso;0;;;
5741366;12;13/12/2021 18:00:00;Provinciale entro l'abitato;VIA LAURENTINA;in corrispondenza;;del civico n.;800;;Scontro laterale fra veicoli in marcia;Rettilineo;Pi� di due carreggiate;Asciutto;Asfaltata;Verticale ed orizzontale;Sereno;Normale;Buona;;0;0;0;2;12.4838;41.8084;-1;2;Autovettura privata;In marcia / fermata / arresto;Conducente;F;Illeso;0;;;
5741382;12;13/12/2021 18:30:00;Strada Urbana;VIALE DELLA TECNICA;all'intersezione con;VIALE DELL'OCEANO PACIFICO;VIALE DELL'OCEANO PACIFICO;;;Scontro laterale fra veicoli in marcia;Incrocio;Due carreggiate;Asciutto;Asfaltata;Verticale ed orizzontale;Sereno;Normale;Buona;;0;0;0;3;12.4569;41.8246;-1;1;Autovettura privata;In marcia / fermata / arresto;Conducente;M;Illeso;0;;;
5741382;12;13/12/2021 18:30:00;Strada Urbana;VIALE DELLA TECNICA;all'intersezione con;VIALE DELL'OCEANO PACIFICO;VIALE DELL'OCEANO PACIFICO;;;Scontro laterale fra veicoli in marcia;Incrocio;Due carreggiate;Asciutto;Asfaltata;Verticale ed orizzontale;Sereno;Normale;Buona;;0;0;0;3;12.4569;41.8246;-1;1;Autovettura privata;In marcia / fermata / arresto;Passeggero;F;Illeso;0;;;
5741382;12;13/12/2021 18:30:00;Strada Urbana;VIALE DELLA TECNICA;all'intersezione con;VIALE DELL'OCEANO PACIFICO;VIALE DELL'OCEANO PACIFICO;;;Scontro laterale fra veicoli in marcia;Incrocio;Due carreggiate;Asciutto;Asfaltata;Verticale ed orizzontale;Sereno;Normale;Buona;;0;0;0;3;12.4569;41.8246;-1;2;Autovettura privata;In marcia / fermata / arresto;Conducente;M;Illeso;0;;;
5741409;12;13/12/2021 19:05:00;Strada Urbana;VIA FRANCESCO DE SUPPE';in prossimit�;;del civico n.;137;;Scontro laterale fra veicoli in marcia;Curva senza visuale libera;Una carreggiata a senso unico di marcia;Asciutto;Asfaltata;Verticale ed orizzontale;Sereno;Normale;Buona;;0;0;0;2;12.4817;41.8257;-1;1;Autovettura privata;In marcia / fermata / arresto;Conducente;M;Illeso;0;;Non accertato;Inesploso
5741409;12;13/12/2021 19:05:00;Strada Urbana;VIA FRANCESCO DE SUPPE';in prossimit�;;del civico n.;137;;Scontro laterale fra veicoli in marcia;Curva senza visuale libera;Una carreggiata a senso unico di marcia;Asciutto;Asfaltata;Verticale ed orizzontale;Sereno;Normale;Buona;;0;0;0;2;12.4817;41.8257;-1;2;Autovettura privata;In marcia / fermata / arresto;Conducente;F;Illeso;0;;Non accertato;Inesploso
5741447;2;14/12/2021 11:20:00;Strada Urbana;VIALE TIZIANO;in corrispondenza;;del civico n.;2;;Tamponamento Multiplo;Rettilineo;Una carreggiata a senso unico di marcia;Asciutto;Asfaltata;Verticale ed orizzontale;Sereno;Normale;Buona;;1;0;0;2;12.4736;41.9193;-1;1;Autovettura privata;In marcia / fermata / arresto;Conducente;F;Illeso;0;;;
5741447;2;14/12/2021 11:20:00;Strada Urbana;VIALE TIZIANO;in corrispondenza;;del civico n.;2;;Tamponamento Multiplo;Rettilineo;Una carreggiata a senso unico di marcia;Asciutto;Asfaltata;Verticale ed orizzontale;Sereno;Normale;Buona;;1;0;0;2;12.4736;41.9193;-1;2;Autovettura privata;In marcia / fermata / arresto;Conducente;M;Rifiuta cure immediate;0;NON DECEDUTO;Non accertato;Inesploso
5741447;2;14/12/2021 11:20:00;Strada Urbana;VIALE TIZIANO;in corrispondenza;;del civico n.;2;;Tamponamento Multiplo;Rettilineo;Una carreggiata a senso unico di marcia;Asciutto;Asfaltata;Verticale ed orizzontale;Sereno;Normale;Buona;;1;0;0;2;12.4736;41.9193;-1;3;Autovettura privata;In marcia / fermata / arresto;Conducente;F;Illeso;0;;Non accertato;
5741470;1;12/12/2021 01:55:00;Strada Urbana;LUNGOTEVERE GIANICOLENSE;in corrispondenza;;del civico n.;83;;Tamponamento;Rettilineo;Una carreggiata a senso unico di marcia;Asciutto;Asfaltata;Verticale ed orizzontale;Sereno;Intenso;Buona;;0;0;0;3;12.4637;41.8978;-1;1;Autovettura privata;In marcia / fermata / arresto;Conducente;M;Illeso;0;;Non accertato;Inesploso
5741470;1;12/12/2021 01:55:00;Strada Urbana;LUNGOTEVERE GIANICOLENSE;in corrispondenza;;del civico n.;83;;Tamponamento;Rettilineo;Una carreggiata a senso unico di marcia;Asciutto;Asfaltata;Verticale ed orizzontale;Sereno;Intenso;Buona;;0;0;0;3;12.4637;41.8978;-1;1;Autovettura privata;In marcia / fermata / arresto;Passeggero;M;Illeso;0;;Non accertato;Inesploso
5741470;1;12/12/2021 01:55:00;Strada Urbana;LUNGOTEVERE GIANICOLENSE;in corrispondenza;;del civico n.;83;;Tamponamento;Rettilineo;Una carreggiata a senso unico di marcia;Asciutto;Asfaltata;Verticale ed orizzontale;Sereno;Intenso;Buona;;0;0;0;3;12.4637;41.8978;-1;2;Autovettura privata;In marcia / fermata / arresto;Conducente;M;Illeso;0;;Non accertato;Inesploso
5741512;6;14/12/2021 11:50:00;Strada Urbana;VIALE DELLA SERENISSIMA;all'intersezione con;VIA CHERSO;VIA CHERSO;;;Scontro frontale/laterale DX fra veicoli in marcia;Incrocio;Due carreggiate;Asciutto;Asfaltata;Verticale ed orizzontale;Sereno;Normale;Buona;;1;0;0;1;12.5588;41.8958;-1;1;Motociclo a solo;In marcia / fermata / arresto;Conducente;M;Rimandato;0;NON DECEDUTO;Utilizzato;
5741512;6;14/12/2021 11:50:00;Strada Urbana;VIALE DELLA SERENISSIMA;all'intersezione con;VIA CHERSO;VIA CHERSO;;;Scontro frontale/laterale DX fra veicoli in marcia;Incrocio;Due carreggiate;Asciutto;Asfaltata;Verticale ed orizzontale;Sereno;Normale;Buona;;1;0;0;1;12.5588;41.8958;-1;2;Autovettura privata;In marcia / fermata / arresto;Conducente;M;Illeso;0;;Non accertato;Inesploso
5741513;18;12/12/2021 10:10:00;Strada Urbana;VIA GREGORIO VII;in prossimit�;;del civico n.;549;;Scontro frontale/laterale DX fra veicoli in marcia;Rettilineo;Pi� di due carreggiate;Asciutto;Asfaltata;Verticale ed orizzontale;Sereno;Normale;Buona;;0;0;0;2;12.4335;41.8935;-1;1;Autovettura privata;In marcia / fermata / arresto;Conducente;M;Illeso;0;;;
5741513;18;12/12/2021 10:10:00;Strada Urbana;VIA GREGORIO VII;in prossimit�;;del civico n.;549;;Scontro frontale/laterale DX fra veicoli in marcia;Rettilineo;Pi� di due carreggiate;Asciutto;Asfaltata;Verticale ed orizzontale;Sereno;Normale;Buona;;0;0;0;2;12.4335;41.8935;-1;2;Autovettura privata;In marcia / fermata / arresto;Conducente;M;Illeso;0;;;
5741523;9;14/12/2021 08:55:00;Strada Urbana;VIA DELLA CAFFARELLETTA;in prossimit�;;del civico n.;91;;Scontro laterale fra veicoli in marcia;Rettilineo;Una carreggiata a senso unico di marcia;Asciutto;Asfaltata;Assente;Sereno;Normale;Buona;;1;0;0;2;12.516;41.8686;-1;1;Autovettura privata;In marcia / fermata / arresto;Conducente;M;Illeso;0;;Non accertato;Inesploso
5741523;9;14/12/2021 08:55:00;Strada Urbana;VIA DELLA CAFFARELLETTA;in prossimit�;;del civico n.;91;;Scontro laterale fra veicoli in marcia;Rettilineo;Una carreggiata a senso unico di marcia;Asciutto;Asfaltata;Assente;Sereno;Normale;Buona;;1;0;0;2;12.516;41.8686;-1;2;Autovettura privata;In marcia / fermata / arresto;Conducente;M;Illeso;0;;Non accertato;Inesploso
5741523;9;14/12/2021 08:55:00;Strada Urbana;VIA DELLA CAFFARELLETTA;in prossimit�;;del civico n.;91;;Scontro laterale fra veicoli in marcia;Rettilineo;Una carreggiata a senso unico di marcia;Asciutto;Asfaltata;Assente;Sereno;Normale;Buona;;1;0;0;2;12.516;41.8686;-1;2;Autovettura privata;In marcia / fermata / arresto;Passeggero;F;Rimandato;0;NON DECEDUTO;Non accertato;Inesploso
5741523;9;14/12/2021 08:55:00;Strada Urbana;VIA DELLA CAFFARELLETTA;in prossimit�;;del civico n.;91;;Scontro laterale fra veicoli in marcia;Rettilineo;Una carreggiata a senso unico di marcia;Asciutto;Asfaltata;Assente;Sereno;Normale;Buona;;1;0;0;2;12.516;41.8686;-1;3;Autovettura privata;Sosta;;;;;;;
5741550;2;14/12/2021 12:20:00;Strada Urbana;CIRCONVALLAZIONE SALARIA;da specificare;;;;all'incrocio con rampa immissione da Nomentana;Tamponamento;Rettilineo;Pi� di due carreggiate;Asciutto;Asfaltata;Verticale;Sereno;Normale;Buona;;0;0;0;4;12.5207;41.9347;-1;1;Autovettura privata;In marcia / fermata / arresto;Conducente;M;Illeso;0;;Non accertato;Inesploso
5741550;2;14/12/2021 12:20:00;Strada Urbana;CIRCONVALLAZIONE SALARIA;da specificare;;;;all'incrocio con rampa immissione da Nomentana;Tamponamento;Rettilineo;Pi� di due carreggiate;Asciutto;Asfaltata;Verticale;Sereno;Normale;Buona;;0;0;0;4;12.5207;41.9347;-1;1;Autovettura privata;In marcia / fermata / arresto;Passeggero;F;Illeso;0;;Non accertato;Inesploso
5741550;2;14/12/2021 12:20:00;Strada Urbana;CIRCONVALLAZIONE SALARIA;da specificare;;;;all'incrocio con rampa immissione da Nomentana;Tamponamento;Rettilineo;Pi� di due carreggiate;Asciutto;Asfaltata;Verticale;Sereno;Normale;Buona;;0;0;0;4;12.5207;41.9347;-1;1;Autovettura privata;In marcia / fermata / arresto;Passeggero;F;Illeso;0;;Non accertato;Inesploso
5741550;2;14/12/2021 12:20:00;Strada Urbana;CIRCONVALLAZIONE SALARIA;da specificare;;;;all'incrocio con rampa immissione da Nomentana;Tamponamento;Rettilineo;Pi� di due carreggiate;Asciutto;Asfaltata;Verticale;Sereno;Normale;Buona;;0;0;0;4;12.5207;41.9347;-1;2;Autovettura privata;In marcia / fermata / arresto;Conducente;M;Illeso;0;;Non accertato;Inesploso
5741572;1;13/12/2021 18:20:00;Strada Urbana;VIA DI PORTA S. LORENZO;in prossimit�;;del civico n.;1;;Scontro laterale fra veicoli in marcia;Rettilineo;Una carreggiata a senso unico di marcia;Asciutto;Acciotolata;Verticale ed orizzontale;Sereno;Intenso;Sufficiente;;0;0;0;2;12.5094;41.8981;-1;1;Autovettura privata;In marcia / fermata / arresto;Conducente;M;Illeso;0;;Non accertato;Inesploso
5741572;1;13/12/2021 18:20:00;Strada Urbana;VIA DI PORTA S. LORENZO;in prossimit�;;del civico n.;1;;Scontro laterale fra veicoli in marcia;Rettilineo;Una carreggiata a senso unico di marcia;Asciutto;Acciotolata;Verticale ed orizzontale;Sereno;Intenso;Sufficiente;;0;0;0;2;12.5094;41.8981;-1;2;Motociclo a solo;In marcia / fermata / arresto;Conducente;M;Illeso;0;;Non accertato;
5741579;18;12/12/2021 11:00:00;Strada Urbana;VIA ALESSANDRO GUIDICCIONI;all'intersezione con;VIA GIOVANNI BATTISTA RUINO;VIA GIOVANNI BATTISTA RUINO;;;Scontro frontale/laterale DX fra veicoli in marcia;Incrocio;Una carreggiata a senso unico di marcia;Asciutto;Asfaltata;Verticale ed orizzontale;Sereno;Scarso;Buona;;1;0;0;3;12.3918;41.901;-1;1;Autovettura privata;In marcia / fermata / arresto;Conducente;F;Rimandato;0;NON DECEDUTO;Non accertato;