Protocollo;Gruppo;DataOraIncidente;Localizzazione1;STRADA1;Localizzazione2;STRADA2;Strada02;Chilometrica;DaSpecificare;NaturaIncidente;particolaritastrade;TipoStrada;FondoStradale;Pavimentazione;Segnaletica;CondizioneAtmosferica;Traffico;Visibilita;Illuminazione;NUM_FERITI;NUM_RISERVATA;NUM_MORTI;NUM_ILLESI;Longitudine;Latitudine;Confermato;Progressivo;TipoVeicolo;StatoVeicolo;TipoPersona;Sesso;Tipolesione;Deceduto;DecedutoDopo;CinturaCascoUtilizzato;Airbag;
5745957;17;16/12/2021 14:30:00;Strada Urbana;VIALE GIUSEPPE MAZZINI;in prossimit�;;del civico n.;14;;Tamponamento Multiplo;Rettilineo;Due carreggiate;Asciutto;Asfaltata;Verticale ed orizzontale;Sereno;Intenso;Buona;;1;0;0;4;12.4662;41.9178;-1;2;Autovettura privata;In marcia / fermata / arresto;Passeggero;F;Illeso;0;;;
5745957;17;16/12/2021 14:30:00;Strada Urbana;VIALE GIUSEPPE MAZZINI;in prossimit�;;del civico n.;14;;Tamponamento Multiplo;Rettilineo;Due carreggiate;Asciutto;Asfaltata;Verticale ed orizzontale;Sereno;Intenso;Buona;;1;0;0;4;12.4662;41.9178;-1;3;Autovettura privata;In marcia / fermata / arresto;Conducente;M;Illeso;0;;;
5745975;3;14/12/2021 08:10:00;Strada Urbana;PIAZZA GIROLAMO FABRIZIO;all'intersezione semaforizzata con;VIALE DEL POLICLINICO;VIALE DEL POLICLINICO;;;Scontro laterale fra veicoli in marcia;Intersezione semaforizzata;Pi� di due carreggiate;Asciutto;Asfaltata;Verticale ed orizzontale;Sereno;Normale;Buona;;0;0;0;3;12.5083;41.9092;-1;1;Autocarro inferiore 35 q.;In marcia / fermata / arresto;Conducente;M;Illeso;0;;;
5745975;3;14/12/2021 08:10:00;Strada Urbana;PIAZZA GIROLAMO FABRIZIO;all'intersezione semaforizzata con;VIALE DEL POLICLINICO;VIALE DEL POLICLINICO;;;Scontro laterale fra veicoli in marcia;Intersezione semaforizzata;Pi� di due carreggiate;Asciutto;Asfaltata;Verticale ed orizzontale;Sereno;Normale;Buona;;0;0;0;3;12.5083;41.9092;-1;1;Autocarro inferiore 35 q.;In marcia / fermata / arresto;Passeggero;M;Illeso;0;;Non accertato;
5745975;3;14/12/2021 08:10:00;Strada Urbana;PIAZZA GIROLAMO FABRIZIO;all'intersezione semaforizzata con;VIALE DEL POLICLINICO;VIALE DEL POLICLINICO;;;Scontro laterale fra veicoli in marcia;Intersezione semaforizzata;Pi� di due carreggiate;Asciutto;Asfaltata;Verticale ed orizzontale;Sereno;Normale;Buona;;0;0;0;3;12.5083;41.9092;-1;2;Motociclo a solo;In marcia / fermata / arresto;Conducente;M;Illeso;0;;;
5745987;19;15/12/2021 17:20:00;Strada Urbana;VIA MARIO ROMAGNOLI;in prossimit�;;del civico n.;16;;Investimento di pedone;Rettilineo;Una carreggiata a doppio senso;Asciutto;Asfaltata;Verticale ed orizzontale;Sereno;Normale;Sufficiente;;1;0;0;1;12.442;41.9194;-1;;;;Pedone;F;Rimandato;0;NON DECEDUTO;;
5745987;19;15/12/2021 17:20:00;Strada Urbana;VIA MARIO ROMAGNOLI;in prossimit�;;del civico n.;16;;Investimento di pedone;Rettilineo;Una carreggiata a doppio senso;Asciutto;Asfaltata;Verticale ed orizzontale;Sereno;Normale;Sufficiente;;1;0;0;1;12.442;41.9194;-1;1;Autovettura privata;In marcia / fermata / arresto;Conducente;F;Illeso;0;;Non accertato;Inesploso
5745997;3;14/12/2021 14:50:00;Strada Urbana;LARGO RODOLFO LANCIANI;in corrispondenza;;del civico n.;4;;Investimento di pedone;Rettilineo;Una carreggiata a senso unico di marcia;Asciutto;Asfaltata;Assente;Nebbia;Normale;Buona;;1;0;0;1;12.5255;41.9217;-1;;;;Pedone;F;Rimandato;0;NON DECEDUTO;;
5745997;3;14/12/2021 14:50:00;Strada Urbana;LARGO RODOLFO LANCIANI;in corrispondenza;;del civico n.;4;;Investimento di pedone;Rettilineo;Una carreggiata a senso unico di marcia;Asciutto;Asfaltata;Assente;Nebbia;Normale;Buona;;1;0;0;1;12.5255;41.9217;-1;1;Autovettura privata;In marcia / fermata / arresto;Conducente;M;Illeso;0;;;
5745997;3;14/12/2021 14:50:00;Strada Urbana;LARGO RODOLFO LANCIANI;in corrispondenza;;del civico n.;4;;Investimento di pedone;Rettilineo;Una carreggiata a senso unico di marcia;Asciutto;Asfaltata;Assente;Nebbia;Normale;Buona;;1;0;0;1;12.5255;41.9217;-1;2;Autovettura privata;Sosta;;;;;;;
5746010;4;16/12/2021 13:50:00;Strada Urbana;VIA GIOVANNI VERGA;all'intersezione con;VIA GIACOMO ZANELLA;VIA GIACOMO ZANELLA;;;Scontro frontale/laterale DX fra veicoli in marcia;Intersezione non regolata/non segnalata;Una carreggiata a senso unico di marcia;Asciutto;Asfaltata;Verticale ed orizzontale;Sereno;Scarso;Buona;;1;0;0;2;12.5605;41.9486;-1;1;Autovettura privata;In marcia / fermata / arresto;Conducente;M;Illeso;0;;;
5746010;4;16/12/2021 13:50:00;Strada Urbana;VIA GIOVANNI VERGA;all'intersezione con;VIA GIACOMO ZANELLA;VIA GIACOMO ZANELLA;;;Scontro frontale/laterale DX fra veicoli in marcia;Intersezione non regolata/non segnalata;Una carreggiata a senso unico di marcia;Asciutto;Asfaltata;Verticale ed orizzontale;Sereno;Scarso;Buona;;1;0;0;2;12.5605;41.9486;-1;2;Autovettura privata;In marcia / fermata / arresto;Conducente;M;Illeso;0;;;
5746010;4;16/12/2021 13:50:00;Strada Urbana;VIA GIOVANNI VERGA;all'intersezione con;VIA GIACOMO ZANELLA;VIA GIACOMO ZANELLA;;;Scontro frontale/laterale DX fra veicoli in marcia;Intersezione non regolata/non segnalata;Una carreggiata a senso unico di marcia;Asciutto;Asfaltata;Verticale ed orizzontale;Sereno;Scarso;Buona;;1;0;0;2;12.5605;41.9486;-1;2;Autovettura privata;In marcia / fermata / arresto;Passeggero;M;Rimandato;0;NON DECEDUTO;;
5746010;4;16/12/2021 13:50:00;Strada Urbana;VIA GIOVANNI VERGA;all'intersezione con;VIA GIACOMO ZANELLA;VIA GIACOMO ZANELLA;;;Scontro frontale/laterale DX fra veicoli in marcia;Intersezione non regolata/non segnalata;Una carreggiata a senso unico di marcia;Asciutto;Asfaltata;Verticale ed orizzontale;Sereno;Scarso;Buona;;1;0;0;2;12.5605;41.9486;-1;3;Autovettura privata;Sosta;;;;;;;
5746013;10;17/12/2021 08:50:00;Strada Urbana;VIA TUSCOLANA;in corrispondenza;;del civico n.;891;;Scontro laterale fra veicoli in marcia;Rettilineo;Pi� di due carreggiate;Asciutto;Asfaltata;Verticale ed orizzontale;Sereno;Normale;Buona;;2;0;0;1;12.562;41.8571;-1;1;Autovettura privata;In marcia / fermata / arresto;Conducente;F;Illeso;0;;Non accertato;Inesploso
5746013;10;17/12/2021 08:50:00;Strada Urbana;VIA TUSCOLANA;in corrispondenza;;del civico n.;891;;Scontro laterale fra veicoli in marcia;Rettilineo;Pi� di due carreggiate;Asciutto;Asfaltata;Verticale ed orizzontale;Sereno;Normale;Buona;;2;0;0;1;12.562;41.8571;-1;2;Ciclomotore con passeggero;In marcia / fermata / arresto;Conducente;F;Rifiuta cure immediate;0;NON DECEDUTO;Utilizzato;
5746013;10;17/12/2021 08:50:00;Strada Urbana;VIA TUSCOLANA;in corrispondenza;;del civico n.;891;;Scontro laterale fra veicoli in marcia;Rettilineo;Pi� di due carreggiate;Asciutto;Asfaltata;Verticale ed orizzontale;Sereno;Normale;Buona;;2;0;0;1;12.562;41.8571;-1;2;Ciclomotore con passeggero;In marcia / fermata / arresto;Passeggero;F;Rifiuta cure immediate;0;NON DECEDUTO;Non accertato;
5746018;19;16/12/2021 16:50:00;Strada Urbana;VIA DEL COLLE DI S. AGATA;in prossimit�;;del civico n.;29;;Tamponamento;Rettilineo;Una carreggiata a senso unico di marcia;Asciutto;Asfaltata;Verticale ed orizzontale;Sereno;Intenso;Sufficiente;;0;0;0;1;12.4191;41.944;-1;1;Autovettura privata;In marcia / fermata / arresto;Conducente;M;Illeso;0;;Non accertato;Inesploso
5746018;19;16/12/2021 16:50:00;Strada Urbana;VIA DEL COLLE DI S. AGATA;in prossimit�;;del civico n.;29;;Tamponamento;Rettilineo;Una carreggiata a senso unico di marcia;Asciutto;Asfaltata;Verticale ed orizzontale;Sereno;Intenso;Sufficiente;;0;0;0;1;12.4191;41.944;-1;2;Autovettura privata;Allontanatosi;;;;;;;
5746028;3;15/12/2021 09:50:00;Strada Urbana;VIALE REGINA ELENA;in prossimit�;;del civico n.;334A;;Tamponamento Multiplo;Rettilineo;Pi� di due carreggiate;Asciutto;Asfaltata;Verticale ed orizzontale;Sereno;Normale;Buona;;0;0;0;7;12.5177;41.9038;0;1;Autocarro inferiore 35 q.;In marcia / fermata / arresto;Conducente;M;Illeso;0;;;
5746028;3;15/12/2021 09:50:00;Strada Urbana;VIALE REGINA ELENA;in prossimit�;;del civico n.;334A;;Tamponamento Multiplo;Rettilineo;Pi� di due carreggiate;Asciutto;Asfaltata;Verticale ed orizzontale;Sereno;Normale;Buona;;0;0;0;7;12.5177;41.9038;0;1;Autocarro inferiore 35 q.;In marcia / fermata / arresto;Passeggero;M;Illeso;0;;Utilizzato;
5746028;3;15/12/2021 09:50:00;Strada Urbana;VIALE REGINA ELENA;in prossimit�;;del civico n.;334A;;Tamponamento Multiplo;Rettilineo;Pi� di due carreggiate;Asciutto;Asfaltata;Verticale ed orizzontale;Sereno;Normale;Buona;;0;0;0;7;12.5177;41.9038;0;2;Autovettura privata;In marcia / fermata / arresto;Conducente;F;Illeso;0;;;
5746028;3;15/12/2021 09:50:00;Strada Urbana;VIALE REGINA ELENA;in prossimit�;;del civico n.;334A;;Tamponamento Multiplo;Rettilineo;Pi� di due carreggiate;Asciutto;Asfaltata;Verticale ed orizzontale;Sereno;Normale;Buona;;0;0;0;7;12.5177;41.9038;0;3;Autovettura privata;In marcia / fermata / arresto;Conducente;M;Illeso;0;;;
5746028;3;15/12/2021 09:50:00;Strada Urbana;VIALE REGINA ELENA;in prossimit�;;del civico n.;334A;;Tamponamento Multiplo;Rettilineo;Pi� di due carreggiate;Asciutto;Asfaltata;Verticale ed orizzontale;Sereno;Normale;Buona;;0;0;0;7;12.5177;41.9038;0;4;Autovettura privata;In marcia / fermata / arresto;Conducente;M;Illeso;0;;;
5746028;3;15/12/2021 09:50:00;Strada Urbana;VIALE REGINA ELENA;in prossimit�;;del civico n.;334A;;Tamponamento Multiplo;Rettilineo;Pi� di due carreggiate;Asciutto;Asfaltata;Verticale ed orizzontale;Sereno;Normale;Buona;;0;0;0;7;12.5177;41.9038;0;5;Autovettura privata;In marcia / fermata / arresto;Conducente;M;Illeso;0;;;
5746028;3;15/12/2021 09:50:00;Strada Urbana;VIALE REGINA ELENA;in prossimit�;;del civico n.;334A;;Tamponamento Multiplo;Rettilineo;Pi� di due carreggiate;Asciutto;Asfaltata;Verticale ed orizzontale;Sereno;Normale;Buona;;0;0;0;7;12.5177;41.9038;0;5;Autovettura privata;In marcia / fermata / arresto;Passeggero;M;Illeso;0;;;
5746057;19;16/12/2021 23:10:00;Strada Urbana;VIA DI TORREVECCHIA;all'intersezione con;VIA CESARE CASTIGLIONI;VIA CESARE CASTIGLIONI;;;Scontro frontale/laterale DX fra veicoli in marcia;Intersezione stradale segnalata;Una carreggiata a doppio senso;Asciutto;Asfaltata;Verticale ed orizzontale;Sereno;Scarso;Sufficiente;;2;0;0;1;12.4232;41.9366;-1;1;Autovettura privata;In marcia / fermata / arresto;Conducente;M;Illeso;0;;;
5746057;19;16/12/2021 23:10:00;Strada Urbana;VIA DI TORREVECCHIA;all'intersezione con;VIA CESARE CASTIGLIONI;VIA CESARE CASTIGLIONI;;;Scontro frontale/laterale DX fra veicoli in marcia;Intersezione stradale segnalata;Una carreggiata a doppio senso;Asciutto;Asfaltata;Verticale ed orizzontale;Sereno;Scarso;Sufficiente;;2;0;0;1;12.4232;41.9366;-1;2;Motociclo a solo;In marcia / fermata / arresto;Conducente;M;Rimandato;0;NON DECEDUTO;;
5746057;19;16/12/2021 23:10:00;Strada Urbana;VIA DI TORREVECCHIA;all'intersezione con;VIA CESARE CASTIGLIONI;VIA CESARE CASTIGLIONI;;;Scontro frontale/laterale DX fra veicoli in marcia;Intersezione stradale segnalata;Una carreggiata a doppio senso;Asciutto;Asfaltata;Verticale ed orizzontale;Sereno;Scarso;Sufficiente;;2;0;0;1;12.4232;41.9366;-1;2;Motociclo a solo;In marcia / fermata / arresto;Passeggero;M;Rimandato;0;NON DECEDUTO;;
5746058;1;16/12/2021 17:30:00;Strada Urbana;VIALE CASTRO PRETORIO;in corrispondenza;;del civico n.;58/b;;Tamponamento;Rettilineo;Una carreggiata a doppio senso;Asciutto;Asfaltata;Verticale ed orizzontale;Sereno;Intenso;Sufficiente;;0;0;0;2;12.5068;41.9034;-1;1;Autovettura privata;In marcia / fermata / arresto;Conducente;M;Illeso;0;;;
5746058;1;16/12/2021 17:30:00;Strada Urbana;VIALE CASTRO PRETORIO;in corrispondenza;;del civico n.;58/b;;Tamponamento;Rettilineo;Una carreggiata a doppio senso;Asciutto;Asfaltata;Verticale ed orizzontale;Sereno;Intenso;Sufficiente;;0;0;0;2;12.5068;41.9034;-1;2;Autovettura privata;In marcia / fermata / arresto;Conducente;M;Illeso;0;;;
5746065;2;17/12/2021 03:15:00;Strada Urbana;VIALE PARIOLI;in prossimit�;;del civico n.;200;;Veicolo in marcia contro veicolo in sosta;Curva a visuale libera;Una carreggiata a doppio senso;Bagnato (umidit� in atto);Asfaltata;Verticale;Nuvoloso;Scarso;Buona;;0;2;0;0;12.4859;41.9296;-1;1;Autovettura privata;In marcia / fermata / arresto;Conducente;M;Prognosi riservata;0;NON DECEDUTO;Non accertato;Esploso
5746065;2;17/12/2021 03:15:00;Strada Urbana;VIALE PARIOLI;in prossimit�;;del civico n.;200;;Veicolo in marcia contro veicolo in sosta;Curva a visuale libera;Una carreggiata a doppio senso;Bagnato (umidit� in atto);Asfaltata;Verticale;Nuvoloso;Scarso;Buona;;0;2;0;0;12.4859;41.9296;-1;1;Autovettura privata;In marcia / fermata / arresto;Passeggero;M;Prognosi riservata;0;NON DECEDUTO;Non accertato;Esploso
5746065;2;17/12/2021 03:15:00;Strada Urbana;VIALE PARIOLI;in prossimit�;;del civico n.;200;;Veicolo in marcia contro veicolo in sosta;Curva a visuale libera;Una carreggiata a doppio senso;Bagnato (umidit� in atto);Asfaltata;Verticale;Nuvoloso;Scarso;Buona;;0;2;0;0;12.4859;41.9296;-1;2;Autovettura privata;Sosta;;;;;;;
5746065;2;17/12/2021 03:15:00;Strada Urbana;VIALE PARIOLI;in prossimit�;;del civico n.;200;;Veicolo in marcia contro veicolo in sosta;Curva a visuale libera;Una carreggiata a doppio senso;Bagnato (umidit� in atto);Asfaltata;Verticale;Nuvoloso;Scarso;Buona;;0;2;0;0;12.4859;41.9296;-1;3;Autocarro inferiore 35 q.;Sosta;;;;;;;
5746065;2;17/12/2021 03:15:00;Strada Urbana;VIALE PARIOLI;in prossimit�;;del civico n.;200;;Veicolo in marcia contro veicolo in sosta;Curva a visuale libera;Una carreggiata a doppio senso;Bagnato (umidit� in atto);Asfaltata;Verticale;Nuvoloso;Scarso;Buona;;0;2;0;0;12.4859;41.9296;-1;4;Autovettura privata;Sosta;;;;;;;
5746067;3;15/12/2021 13:05:00;Strada Urbana;CIRCONVALLAZIONE TIBURTINA;da specificare;;;;alt. Easy Box;Tamponamento;Rettilineo;Una carreggiata a senso unico di marcia;Asciutto;Asfaltata;Verticale ed orizzontale;Sereno;Intenso;Buona;;0;0;0;3;12.5268;41.8986;-1;1;Autovettura privata;In marcia / fermata / arresto;Conducente;M;Illeso;0;;;
5746067;3;15/12/2021 13:05:00;Strada Urbana;CIRCONVALLAZIONE TIBURTINA;da specificare;;;;alt. Easy Box;Tamponamento;Rettilineo;Una carreggiata a senso unico di marcia;Asciutto;Asfaltata;Verticale ed orizzontale;Sereno;Intenso;Buona;;0;0;0;3;12.5268;41.8986;-1;1;Autovettura privata;In marcia / fermata / arresto;Passeggero;F;Illeso;0;;;
5746067;3;15/12/2021 13:05:00;Strada Urbana;CIRCONVALLAZIONE TIBURTINA;da specificare;;;;alt. Easy Box;Tamponamento;Rettilineo;Una carreggiata a senso unico di marcia;Asciutto;Asfaltata;Verticale ed orizzontale;Sereno;Intenso;Buona;;0;0;0;3;12.5268;41.8986;-1;2;Autovettura privata;In marcia / fermata / arresto;Conducente;M;Illeso;0;;;
5746073;3;16/12/2021 13:50:00;Strada Urbana;PIAZZALE DEL VERANO;in prossimit�;;del civico n.;39;;Scontro laterale fra veicoli in marcia;Rotatoria;Una carreggiata a doppio senso;Asciutto;Asfaltata;Verticale ed orizzontale;Sereno;Normale;Buona;;0;0;0;4;12.5188;41.9023;-1;1;Autobus turistico;In marcia / fermata / arresto;Conducente;M;Illeso;0;;;
5746073;3;16/12/2021 13:50:00;Strada Urbana;PIAZZALE DEL VERANO;in prossimit�;;del civico n.;39;;Scontro laterale fra veicoli in marcia;Rotatoria;Una carreggiata a doppio senso;Asciutto;Asfaltata;Verticale ed orizzontale;Sereno;Normale;Buona;;0;0;0;4;12.5188;41.9023;-1;2;Autovettura privata;In marcia / fermata / arresto;Conducente;F;Illeso;0;;;
5746073;3;16/12/2021 13:50:00;Strada Urbana;PIAZZALE DEL VERANO;in prossimit�;;del civico n.;39;;Scontro laterale fra veicoli in marcia;Rotatoria;Una carreggiata a doppio senso;Asciutto;Asfaltata;Verticale ed orizzontale;Sereno;Normale;Buona;;0;0;0;4;12.5188;41.9023;-1;2;Autovettura privata;In marcia / fermata / arresto;Passeggero;F;Illeso;0;;;
5746073;3;16/12/2021 13:50:00;Strada Urbana;PIAZZALE DEL VERANO;in prossimit�;;del civico n.;39;;Scontro laterale fra veicoli in marcia;Rotatoria;Una carreggiata a doppio senso;Asciutto;Asfaltata;Verticale ed orizzontale;Sereno;Normale;Buona;;0;0;0;4;12.5188;41.9023;-1;2;Autovettura privata;In marcia / fermata / arresto;Passeggero;F;Illeso;0;;;
5746094;2;16/12/2021 05:30:00;Strada Urbana;VIA GUIDO GRANDI;all'intersezione con;VIA DEL PONTE DI CASTEL GIUBILEO;VIA DEL PONTE DI CASTEL GIUBILEO;;;Scontro frontale/laterale SX fra veicoli in marcia;Incrocio;Una carreggiata a doppio senso;Asciutto;Asfaltata;Verticale ed orizzontale;Sereno;Scarso;Sufficiente;;0;0;0;2;12.495;41.9858;-1;1;Autovettura privata;In marcia / fermata / arresto;Conducente;F;Illeso;0;;;
5746094;2;16/12/2021 05:30:00;Strada Urbana;VIA GUIDO GRANDI;all'intersezione con;VIA DEL PONTE DI CASTEL GIUBILEO;VIA DEL PONTE DI CASTEL GIUBILEO;;;Scontro frontale/laterale SX fra veicoli in marcia;Incrocio;Una carreggiata a doppio senso;Asciutto;Asfaltata;Verticale ed orizzontale;Sereno;Scarso;Sufficiente;;0;0;0;2;12.495;41.9858;-1;2;Autovettura privata;In marcia / fermata / arresto;Conducente;F;Illeso;0;;;
5746096;3;16/12/2021 15:35:00;Strada Urbana;VIA NOMENTANA;in prossimit�;;del civico n.;213;;Scontro laterale fra veicoli in marcia;Rettilineo;Pi� di due carreggiate;Asciutto;Asfaltata;Orizzontale;Sereno;Intenso;Buona;;0;0;0;2;12.5072;41.9136;-1;1;Motociclo a solo;In marcia / fermata / arresto;Conducente;M;Illeso;0;;Non accertato;
5746096;3;16/12/2021 15:35:00;Strada Urbana;VIA NOMENTANA;in prossimit�;;del civico n.;213;;Scontro laterale fra veicoli in marcia;Rettilineo;Pi� di due carreggiate;Asciutto;Asfaltata;Orizzontale;Sereno;Intenso;Buona;;0;0;0;2;12.5072;41.9136;-1;2;Motociclo a solo;In marcia / fermata / arresto;Conducente;M;Illeso;0;;Non accertato;
5746098;2;16/12/2021 11:05:00;Strada Urbana;VIALE DEL GIARDINO ZOOLOGICO;da specificare;;;;pross. VIA MERCADANTE;Veicolo in marcia contro ostacolo accidentale;Rettilineo;Una carreggiata a senso unico di marcia;Asciutto;Asfaltata;Assente;Sereno;Scarso;Buona;;0;0;0;1;12.4869;41.917;-1;1;Autovettura pubblica;In marcia / fermata / arresto;Conducente;M;Illeso;0;;;
5746129;16;07/12/2021 01:10:00;;VIALE GUGLIELMO MARCONI;in prossimit�;;del civico n.;182;;Veicolo in marcia contro veicolo fermo;;;;;;;;;;0;0;0;2;12.4686;41.8656;0;1;Autovettura privata;In marcia / fermata / arresto;Conducente;M;Illeso;0;;;
5746129;16;07/12/2021 01:10:00;;VIALE GUGLIELMO MARCONI;in prossimit�;;del civico n.;182;;Veicolo in marcia contro veicolo fermo;;;;;;;;;;0;0;0;2;12.4686;41.8656;0;2;Autocarro inferiore 35 q.;In marcia / fermata / arresto;Conducente;M;Illeso;0;;;
5746134;19;16/12/2021 20:40:00;Strada Urbana;VIA TRIONFALE;in prossimit�;;del civico n.;10878;;Scontro frontale/laterale DX fra veicoli in marcia;Rettilineo;Una carreggiata a doppio senso;Asciutto;Asfaltata;Orizzontale;Sereno;Normale;Sufficiente;;1;0;0;1;12.4124;41.9569;-1;1;Autovettura privata;In marcia / fermata / arresto;Conducente;M;Illeso;0;;;
5746134;19;16/12/2021 20:40:00;Strada Urbana;VIA TRIONFALE;in prossimit�;;del civico n.;10878;;Scontro frontale/laterale DX fra veicoli in marcia;Rettilineo;Una carreggiata a doppio senso;Asciutto;Asfaltata;Orizzontale;Sereno;Normale;Sufficiente;;1;0;0;1;12.4124;41.9569;-1;2;Motociclo a solo;In marcia / fermata / arresto;Conducente;M;Rimandato;0;NON DECEDUTO;;
5746145;16;15/12/2021 07:15:00;Strada Urbana;VIA AURELIA ANTICA;all'intersezione con;VIA DI TORRE ROSSA;VIA DI TORRE ROSSA;;;Veicolo in marcia contro veicolo arresto;Intersezione stradale segnalata;Una carreggiata a doppio senso;Asciutto;Asfaltata;Orizzontale;Sereno;Intenso;Buona;;0;0;0;2;12.435;41.8902;-1;1;Autovettura privata;In marcia / fermata / arresto;Conducente;M;Illeso;0;;Non accertato;
5746145;16;15/12/2021 07:15:00;Strada Urbana;VIA AURELIA ANTICA;all'intersezione con;VIA DI TORRE ROSSA;VIA DI TORRE ROSSA;;;Veicolo in marcia contro veicolo arresto;Intersezione stradale segnalata;Una carreggiata a doppio senso;Asciutto;Asfaltata;Orizzontale;Sereno;Intenso;Buona;;0;0;0;2;12.435;41.8902;-1;2;Autocarro inferiore 35 q.;In marcia / fermata / arresto;Conducente;M;Illeso;0;;Non accertato;
5746151;4;16/12/2021 15:30:00;Strada Urbana;VIA DI CASAL BOCCONE;all'intersezione semaforizzata con;VIA DELLA BUFALOTTA;VIA DELLA BUFALOTTA;;;Scontro frontale/laterale SX fra veicoli in marcia;Intersezione semaforizzata;Due carreggiate;Asciutto;Asfaltata;Verticale ed orizzontale;Sereno;Normale;Buona;;0;0;0;2;12.5493;41.966;-1;1;Autovettura privata;In marcia / fermata / arresto;Conducente;M;Illeso;0;;;
5746151;4;16/12/2021 15:30:00;Strada Urbana;VIA DI CASAL BOCCONE;all'intersezione semaforizzata con;VIA DELLA BUFALOTTA;VIA DELLA BUFALOTTA;;;Scontro frontale/laterale SX fra veicoli in marcia;Intersezione semaforizzata;Due carreggiate;Asciutto;Asfaltata;Verticale ed orizzontale;Sereno;Normale;Buona;;0;0;0;2;12.5493;41.966;-1;2;Autovettura privata;In marcia / fermata / arresto;Conducente;F;Illeso;0;;;
5746168;16;15/12/2021 12:10:00;Strada Urbana;VIA AURELIA ANTICA;da specificare;;;;in prossimit� del fronte civico palo Acea 7;Veicolo in marcia contro ostacolo fisso;Curva a visuale libera;Una carreggiata a doppio senso;Asciutto;Asfaltata;Verticale ed orizzontale;Sereno;Normale;Buona;;0;0;0;1;12.435;41.8902;-1;1;Autovettura privata;In marcia / fermata / arresto;Conducente;M;Illeso;0;;Non accertato;
5746170;1;16/12/2021 20:15:00;Strada Urbana;PIAZZA DI S. CROCE IN GERUSALEMME;all'intersezione semaforizzata con;VIALE CARLO FELICE;VIALE CARLO FELICE;;;Scontro frontale/laterale DX fra veicoli in marcia;Intersezione semaforizzata;Pi� di due carreggiate;Asciutto;Asfaltata;Verticale ed orizzontale;Sereno;Scarso;Buona;;0;0;0;3;;;0;1;Motociclo con passeggero;In marcia / fermata / arresto;Conducente;M;Illeso;0;;;
5746170;1;16/12/2021 20:15:00;Strada Urbana;PIAZZA DI S. CROCE IN GERUSALEMME;all'intersezione semaforizzata con;VIALE CARLO FELICE;VIALE CARLO FELICE;;;Scontro frontale/laterale DX fra veicoli in marcia;Intersezione semaforizzata;Pi� di due carreggiate;Asciutto;Asfaltata;Verticale ed orizzontale;Sereno;Scarso;Buona;;0;0;0;3;;;0;1;Motociclo con passeggero;In marcia / fermata / arresto;Passeggero;F;Illeso;0;;;
5746170;1;16/12/2021 20:15:00;Strada Urbana;PIAZZA DI S. CROCE IN GERUSALEMME;all'intersezione semaforizzata con;VIALE CARLO FELICE;VIALE CARLO FELICE;;;Scontro frontale/laterale DX fra veicoli in marcia;Intersezione semaforizzata;Pi� di due carreggiate;Asciutto;Asfaltata;Verticale ed orizzontale;Sereno;Scarso;Buona;;0;0;0;3;;;0;2;Autovettura privata;In marcia / fermata / arresto;Conducente;F;Illeso;0;;;
5746176;16;16/12/2021 08:40:00;Strada Urbana;PIAZZALE EUGENIO MORELLI;da specificare;;;;fronte civico 4;Scontro laterale fra veicoli in marcia;Rettilineo;Una carreggiata a senso unico di marcia;Asciutto;Asfaltata;Verticale ed orizzontale;Sereno;Normale;Buona;;0;0;0;2;12.4434;41.8602;-1;1;Autovettura privata;In marcia / fermata / arresto;Conducente;F;Illeso;0;;Non accertato;Inesploso
5746176;16;16/12/2021 08:40:00;Strada Urbana;PIAZZALE EUGENIO MORELLI;da specificare;;;;fronte civico 4;Scontro laterale fra veicoli in marcia;Rettilineo;Una carreggiata a senso unico di marcia;Asciutto;Asfaltata;Verticale ed orizzontale;Sereno;Normale;Buona;;0;0;0;2;12.4434;41.8602;-1;2;Autocarro inferiore 35 q.;In marcia / fermata / arresto;Conducente;M;Illeso;0;;Non accertato;Inesploso
5746180;1;03/12/2021 18:30:00;Strada Urbana;VIA ODOARDO BECCARI;da specificare;;;;PROSSIMIT� SVINCOLO cRISTOFOR cOLOMBO;Veicolo in marcia contro ostacolo accidentale;Rettilineo;Una carreggiata a senso unico di marcia;Bagnato (pioggia);Asfaltata;Verticale ed orizzontale;Pioggia in atto;Normale;Buona;;0;0;0;1;12.492;41.8724;-1;1;Motociclo a solo;In marcia / fermata / arresto;Conducente;M;Illeso;0;;;
5746194;7;16/12/2021 13:15:00;Strada Urbana;VIALE DELLA BELLA VILLA;in corrispondenza;;del civico n.;90;;Tamponamento Multiplo;Rettilineo;Una carreggiata a senso unico alternato;Asciutto;Asfaltata;Verticale ed orizzontale;Sereno;Normale;Buona;;0;0;0;4;12.5816;41.8724;-1;1;Autovettura privata;In marcia / fermata / arresto;Conducente;M;Illeso;0;;Non accertato;Inesploso
5746194;7;16/12/2021 13:15:00;Strada Urbana;VIALE DELLA BELLA VILLA;in corrispondenza;;del civico n.;90;;Tamponamento Multiplo;Rettilineo;Una carreggiata a senso unico alternato;Asciutto;Asfaltata;Verticale ed orizzontale;Sereno;Normale;Buona;;0;0;0;4;12.5816;41.8724;-1;2;Autovettura privata;In marcia / fermata / arresto;Conducente;F;Illeso;0;;Non accertato;Inesploso