Protocollo;Gruppo;DataOraIncidente;Localizzazione1;STRADA1;Localizzazione2;STRADA2;Strada02;Chilometrica;DaSpecificare;NaturaIncidente;particolaritastrade;TipoStrada;FondoStradale;Pavimentazione;Segnaletica;CondizioneAtmosferica;Traffico;Visibilita;Illuminazione;NUM_FERITI;NUM_RISERVATA;NUM_MORTI;NUM_ILLESI;Longitudine;Latitudine;Confermato;Progressivo;TipoVeicolo;StatoVeicolo;TipoPersona;Sesso;Tipolesione;Deceduto;DecedutoDopo;CinturaCascoUtilizzato;Airbag;
5748821;23;17/12/2021 19:30:00;Strada Urbana;VIA LAURENTINA;in corrispondenza;;del civico n.;751;;Veicolo in marcia contro veicolo in sosta;Rettilineo;Pi� di due carreggiate;Asciutto;Asfaltata;Verticale ed orizzontale;Sereno;Normale;Sufficiente;;0;0;0;2;12.4865;41.8122;-1;1;Autovettura di polizia;Sosta;Passeggero;M;Illeso;0;;Non accertato;Inesploso
5748821;23;17/12/2021 19:30:00;Strada Urbana;VIA LAURENTINA;in corrispondenza;;del civico n.;751;;Veicolo in marcia contro veicolo in sosta;Rettilineo;Pi� di due carreggiate;Asciutto;Asfaltata;Verticale ed orizzontale;Sereno;Normale;Sufficiente;;0;0;0;2;12.4865;41.8122;-1;2;Autovettura privata;In marcia / fermata / arresto;Conducente;F;Illeso;0;;Non accertato;Inesploso
5748840;6;18/12/2021 06:15:00;Strada Urbana;VIA PRENESTINA;in corrispondenza;;del civico n.;200A;;Veicolo in marcia contro veicolo arresto;Rettilineo;Due carreggiate;Asciutto;Asfaltata;Verticale ed orizzontale;Sereno;Scarso;Sufficiente;;0;0;0;4;12.5352;41.8922;-1;1;Autocarro inferiore 35 q.;In marcia / fermata / arresto;Conducente;M;Illeso;0;;Non accertato;Inesploso
5748840;6;18/12/2021 06:15:00;Strada Urbana;VIA PRENESTINA;in corrispondenza;;del civico n.;200A;;Veicolo in marcia contro veicolo arresto;Rettilineo;Due carreggiate;Asciutto;Asfaltata;Verticale ed orizzontale;Sereno;Scarso;Sufficiente;;0;0;0;4;12.5352;41.8922;-1;2;Autovettura privata;In marcia / fermata / arresto;Conducente;M;Illeso;0;;Non accertato;Inesploso
5748840;6;18/12/2021 06:15:00;Strada Urbana;VIA PRENESTINA;in corrispondenza;;del civico n.;200A;;Veicolo in marcia contro veicolo arresto;Rettilineo;Due carreggiate;Asciutto;Asfaltata;Verticale ed orizzontale;Sereno;Scarso;Sufficiente;;0;0;0;4;12.5352;41.8922;-1;2;Autovettura privata;In marcia / fermata / arresto;Passeggero;M;Illeso;0;;Non accertato;Inesploso
5748840;6;18/12/2021 06:15:00;Strada Urbana;VIA PRENESTINA;in corrispondenza;;del civico n.;200A;;Veicolo in marcia contro veicolo arresto;Rettilineo;Due carreggiate;Asciutto;Asfaltata;Verticale ed orizzontale;Sereno;Scarso;Sufficiente;;0;0;0;4;12.5352;41.8922;-1;2;Autovettura privata;In marcia / fermata / arresto;Passeggero;F;Illeso;0;;Non accertato;Inesploso
5748874;6;18/12/2021 14:20:00;Strada Urbana;VIALE DELLA SERENISSIMA;all'intersezione semaforizzata con;VIALE DELLA VENEZIA GIULIA;VIALE DELLA VENEZIA GIULIA;;;Veicolo in marcia contro ostacolo fisso;Incrocio;Due carreggiate;Asciutto;Asfaltata;Verticale ed orizzontale;Sereno;Normale;Buona;;0;0;0;1;12.5585;41.8967;-1;1;Autovettura privata;In marcia / fermata / arresto;Conducente;M;Illeso;0;;Non accertato;Inesploso
5748880;6;18/12/2021 16:50:00;Strada Urbana;VIA PRENESTINA;in corrispondenza;;del civico n.;425;;Scontro laterale fra veicoli in marcia;Rettilineo;Pi� di due carreggiate;Asciutto;Asfaltata;Verticale ed orizzontale;Sereno;Intenso;Buona;;0;0;0;2;12.562;41.8951;-1;1;Autovettura privata;In marcia / fermata / arresto;Conducente;F;Illeso;0;;;
5748880;6;18/12/2021 16:50:00;Strada Urbana;VIA PRENESTINA;in corrispondenza;;del civico n.;425;;Scontro laterale fra veicoli in marcia;Rettilineo;Pi� di due carreggiate;Asciutto;Asfaltata;Verticale ed orizzontale;Sereno;Intenso;Buona;;0;0;0;2;12.562;41.8951;-1;2;Autovettura privata;In marcia / fermata / arresto;Conducente;M;Illeso;0;;;
5748899;6;18/12/2021 21:10:00;Strada Urbana;VIA DI TOR TRE TESTE;in prossimit�;;del civico n.;fr. 259;;Scontro laterale fra veicoli in marcia;Rettilineo;Una carreggiata a doppio senso;Asciutto;Asfaltata;Orizzontale;Sereno;Normale;Buona;;1;0;0;3;12.5908;41.8884;-1;1;Autovettura privata;In marcia / fermata / arresto;Conducente;M;Illeso;0;;;
5748899;6;18/12/2021 21:10:00;Strada Urbana;VIA DI TOR TRE TESTE;in prossimit�;;del civico n.;fr. 259;;Scontro laterale fra veicoli in marcia;Rettilineo;Una carreggiata a doppio senso;Asciutto;Asfaltata;Orizzontale;Sereno;Normale;Buona;;1;0;0;3;12.5908;41.8884;-1;1;Autovettura privata;In marcia / fermata / arresto;Passeggero;M;Illeso;0;;;
5748899;6;18/12/2021 21:10:00;Strada Urbana;VIA DI TOR TRE TESTE;in prossimit�;;del civico n.;fr. 259;;Scontro laterale fra veicoli in marcia;Rettilineo;Una carreggiata a doppio senso;Asciutto;Asfaltata;Orizzontale;Sereno;Normale;Buona;;1;0;0;3;12.5908;41.8884;-1;1;Autovettura privata;In marcia / fermata / arresto;Passeggero;M;Illeso;0;;;
5748899;6;18/12/2021 21:10:00;Strada Urbana;VIA DI TOR TRE TESTE;in prossimit�;;del civico n.;fr. 259;;Scontro laterale fra veicoli in marcia;Rettilineo;Una carreggiata a doppio senso;Asciutto;Asfaltata;Orizzontale;Sereno;Normale;Buona;;1;0;0;3;12.5908;41.8884;-1;2;Motociclo a solo;In marcia / fermata / arresto;Conducente;M;Rimandato;0;NON DECEDUTO;;
5748904;1;19/12/2021 09:30:00;Strada Urbana;LUNGOTEVERE DELLA FARNESINA;in prossimit�;;del civico n.;2;;Scontro laterale fra veicoli in marcia;Rettilineo;Una carreggiata a senso unico di marcia;Asciutto;Asfaltata;Verticale ed orizzontale;Sereno;Scarso;Buona;;0;0;0;1;12.4697;41.8923;-1;1;Autovettura privata;In marcia / fermata / arresto;Conducente;M;Illeso;0;;;
5748904;1;19/12/2021 09:30:00;Strada Urbana;LUNGOTEVERE DELLA FARNESINA;in prossimit�;;del civico n.;2;;Scontro laterale fra veicoli in marcia;Rettilineo;Una carreggiata a senso unico di marcia;Asciutto;Asfaltata;Verticale ed orizzontale;Sereno;Scarso;Buona;;0;0;0;1;12.4697;41.8923;-1;2;Autocarro inferiore 35 q.;In marcia / fermata / arresto;;;;;;;
5748934;6;19/12/2021 09:20:00;Strada Urbana;VIA DI ACQUA BULLICANTE;in corrispondenza;;del civico n.;4;;Scontro laterale fra veicoli in marcia;Rettilineo;Una carreggiata a doppio senso;Asciutto;Asfaltata;Verticale ed orizzontale;Sereno;Normale;Buona;;0;0;0;5;12.5428;41.8808;-1;1;Autovettura privata;In marcia / fermata / arresto;Conducente;M;Illeso;0;;;
5748934;6;19/12/2021 09:20:00;Strada Urbana;VIA DI ACQUA BULLICANTE;in corrispondenza;;del civico n.;4;;Scontro laterale fra veicoli in marcia;Rettilineo;Una carreggiata a doppio senso;Asciutto;Asfaltata;Verticale ed orizzontale;Sereno;Normale;Buona;;0;0;0;5;12.5428;41.8808;-1;1;Autovettura privata;In marcia / fermata / arresto;Passeggero;M;Illeso;0;;;
5748934;6;19/12/2021 09:20:00;Strada Urbana;VIA DI ACQUA BULLICANTE;in corrispondenza;;del civico n.;4;;Scontro laterale fra veicoli in marcia;Rettilineo;Una carreggiata a doppio senso;Asciutto;Asfaltata;Verticale ed orizzontale;Sereno;Normale;Buona;;0;0;0;5;12.5428;41.8808;-1;2;Autovettura privata;In marcia / fermata / arresto;Conducente;M;Illeso;0;;;
5748934;6;19/12/2021 09:20:00;Strada Urbana;VIA DI ACQUA BULLICANTE;in corrispondenza;;del civico n.;4;;Scontro laterale fra veicoli in marcia;Rettilineo;Una carreggiata a doppio senso;Asciutto;Asfaltata;Verticale ed orizzontale;Sereno;Normale;Buona;;0;0;0;5;12.5428;41.8808;-1;2;Autovettura privata;In marcia / fermata / arresto;Passeggero;F;Illeso;0;;;
5748934;6;19/12/2021 09:20:00;Strada Urbana;VIA DI ACQUA BULLICANTE;in corrispondenza;;del civico n.;4;;Scontro laterale fra veicoli in marcia;Rettilineo;Una carreggiata a doppio senso;Asciutto;Asfaltata;Verticale ed orizzontale;Sereno;Normale;Buona;;0;0;0;5;12.5428;41.8808;-1;2;Autovettura privata;In marcia / fermata / arresto;Passeggero;M;Illeso;0;;;
5748952;12;17/12/2021 21:30:00;Strada Urbana;VIA AUSTRALIA;in prossimit�;;del civico n.;19;;Scontro frontale/laterale DX fra veicoli in marcia;Rettilineo;Una carreggiata a doppio senso;Asciutto;Asfaltata;Verticale ed orizzontale;Sereno;Scarso;Buona;;0;0;0;3;12.4601;41.8237;-1;1;Autovettura privata;In marcia / fermata / arresto;Conducente;M;Illeso;0;;;
5748952;12;17/12/2021 21:30:00;Strada Urbana;VIA AUSTRALIA;in prossimit�;;del civico n.;19;;Scontro frontale/laterale DX fra veicoli in marcia;Rettilineo;Una carreggiata a doppio senso;Asciutto;Asfaltata;Verticale ed orizzontale;Sereno;Scarso;Buona;;0;0;0;3;12.4601;41.8237;-1;1;Autovettura privata;In marcia / fermata / arresto;Passeggero;M;Illeso;0;;;
5748952;12;17/12/2021 21:30:00;Strada Urbana;VIA AUSTRALIA;in prossimit�;;del civico n.;19;;Scontro frontale/laterale DX fra veicoli in marcia;Rettilineo;Una carreggiata a doppio senso;Asciutto;Asfaltata;Verticale ed orizzontale;Sereno;Scarso;Buona;;0;0;0;3;12.4601;41.8237;-1;2;Autovettura privata;In marcia / fermata / arresto;Conducente;M;Illeso;0;;;
5748971;12;18/12/2021 00:30:00;Strada Urbana;VIALE DELL'OCEANO INDIANO;da specificare;;;;PROSSIMITA' VIA SUEZ  DIR. VIA DI DECIMA;Veicolo in marcia contro veicolo in sosta;Rettilineo;Una carreggiata a doppio senso;Asciutto;Asfaltata;Verticale ed orizzontale;Sereno;Scarso;Buona;;0;0;0;1;12.4469;41.8234;-1;1;Autocarro inferiore 35 q.;In marcia / fermata / arresto;Conducente;M;Illeso;0;;;
5748971;12;18/12/2021 00:30:00;Strada Urbana;VIALE DELL'OCEANO INDIANO;da specificare;;;;PROSSIMITA' VIA SUEZ  DIR. VIA DI DECIMA;Veicolo in marcia contro veicolo in sosta;Rettilineo;Una carreggiata a doppio senso;Asciutto;Asfaltata;Verticale ed orizzontale;Sereno;Scarso;Buona;;0;0;0;1;12.4469;41.8234;-1;2;Autovettura privata;Sosta;;;;;;;
5748971;12;18/12/2021 00:30:00;Strada Urbana;VIALE DELL'OCEANO INDIANO;da specificare;;;;PROSSIMITA' VIA SUEZ  DIR. VIA DI DECIMA;Veicolo in marcia contro veicolo in sosta;Rettilineo;Una carreggiata a doppio senso;Asciutto;Asfaltata;Verticale ed orizzontale;Sereno;Scarso;Buona;;0;0;0;1;12.4469;41.8234;-1;3;Autovettura privata;Sosta;;;;;;;
5748991;12;18/12/2021 03:30:00;Strada Urbana;PIAZZA GUGLIELMO MARCONI;da specificare;;;;DIREZIONE OSTIA;Veicolo in marcia contro veicolo in sosta;Rotatoria;Una carreggiata a senso unico di marcia;Asciutto;Asfaltata;Verticale ed orizzontale;Sereno;Scarso;Buona;;2;0;0;1;12.4711;41.8335;-1;1;Autovettura privata;In marcia / fermata / arresto;Conducente;M;Illeso;0;;;Esploso
5748991;12;18/12/2021 03:30:00;Strada Urbana;PIAZZA GUGLIELMO MARCONI;da specificare;;;;DIREZIONE OSTIA;Veicolo in marcia contro veicolo in sosta;Rotatoria;Una carreggiata a senso unico di marcia;Asciutto;Asfaltata;Verticale ed orizzontale;Sereno;Scarso;Buona;;2;0;0;1;12.4711;41.8335;-1;1;Autovettura privata;In marcia / fermata / arresto;Passeggero;M;Rimandato;0;NON DECEDUTO;Non accertato;Esploso
5748991;12;18/12/2021 03:30:00;Strada Urbana;PIAZZA GUGLIELMO MARCONI;da specificare;;;;DIREZIONE OSTIA;Veicolo in marcia contro veicolo in sosta;Rotatoria;Una carreggiata a senso unico di marcia;Asciutto;Asfaltata;Verticale ed orizzontale;Sereno;Scarso;Buona;;2;0;0;1;12.4711;41.8335;-1;2;Autovettura privata;In marcia / fermata / arresto;Conducente;F;Rimandato;0;NON DECEDUTO;Non accertato;Esploso
5748991;12;18/12/2021 03:30:00;Strada Urbana;PIAZZA GUGLIELMO MARCONI;da specificare;;;;DIREZIONE OSTIA;Veicolo in marcia contro veicolo in sosta;Rotatoria;Una carreggiata a senso unico di marcia;Asciutto;Asfaltata;Verticale ed orizzontale;Sereno;Scarso;Buona;;2;0;0;1;12.4711;41.8335;-1;3;Veicolo speciale;Sosta;;;;;;;
5748999;2;19/12/2021 06:30:00;Strada Urbana;CORSO D'ITALIA;in prossimit�;;del civico n.;33;;Veicolo in marcia contro ostacolo fisso;Rettilineo;Una carreggiata a senso unico di marcia;Asciutto;Asfaltata;Verticale ed orizzontale;Sereno;Normale;Buona;;0;0;0;2;12.4932;41.9112;-1;1;Autovettura privata;In marcia / fermata / arresto;Conducente;M;Illeso;0;;Non accertato;Esploso
5748999;2;19/12/2021 06:30:00;Strada Urbana;CORSO D'ITALIA;in prossimit�;;del civico n.;33;;Veicolo in marcia contro ostacolo fisso;Rettilineo;Una carreggiata a senso unico di marcia;Asciutto;Asfaltata;Verticale ed orizzontale;Sereno;Normale;Buona;;0;0;0;2;12.4932;41.9112;-1;1;Autovettura privata;In marcia / fermata / arresto;Passeggero;M;Illeso;0;;Non accertato;Inesploso
5749022;12;18/12/2021 14:50:00;Strada Urbana;VIALE DEI PRIMATI SPORTIVI;all'intersezione con;VIALE EGEO;VIALE EGEO;;;Scontro frontale/laterale SX fra veicoli in marcia;Incrocio;Due carreggiate;Asciutto;Asfaltata;Verticale ed orizzontale;Sereno;Normale;Buona;;0;0;0;3;12.4574;41.8281;-1;1;Autovettura privata;In marcia / fermata / arresto;Conducente;M;Illeso;0;;;
5749022;12;18/12/2021 14:50:00;Strada Urbana;VIALE DEI PRIMATI SPORTIVI;all'intersezione con;VIALE EGEO;VIALE EGEO;;;Scontro frontale/laterale SX fra veicoli in marcia;Incrocio;Due carreggiate;Asciutto;Asfaltata;Verticale ed orizzontale;Sereno;Normale;Buona;;0;0;0;3;12.4574;41.8281;-1;1;Autovettura privata;In marcia / fermata / arresto;Passeggero;M;Illeso;0;;;
5749022;12;18/12/2021 14:50:00;Strada Urbana;VIALE DEI PRIMATI SPORTIVI;all'intersezione con;VIALE EGEO;VIALE EGEO;;;Scontro frontale/laterale SX fra veicoli in marcia;Incrocio;Due carreggiate;Asciutto;Asfaltata;Verticale ed orizzontale;Sereno;Normale;Buona;;0;0;0;3;12.4574;41.8281;-1;2;Autovettura privata;In marcia / fermata / arresto;Conducente;M;Illeso;0;;;
5749038;20;18/12/2021 13:00:00;Regionale entro l'abitato;VIA CASSIA NUOVA;da specificare;;;;fronte palo luce 32;Tamponamento;Rettilineo;Una carreggiata a doppio senso;Asciutto;Asfaltata;Orizzontale;Sereno;Normale;Buona;;0;1;0;1;12.4638;41.9545;-1;1;Quadriciclo leggero;In marcia / fermata / arresto;Conducente;M;Illeso;0;;Non accertato;Inesploso
5749038;20;18/12/2021 13:00:00;Regionale entro l'abitato;VIA CASSIA NUOVA;da specificare;;;;fronte palo luce 32;Tamponamento;Rettilineo;Una carreggiata a doppio senso;Asciutto;Asfaltata;Orizzontale;Sereno;Normale;Buona;;0;1;0;1;12.4638;41.9545;-1;2;Velocipede;In marcia / fermata / arresto;Conducente;M;Prognosi riservata;0;NON DECEDUTO;Esente;
5749040;20;18/12/2021 15:10:00;Strada Urbana;VIA CASSIA;all'intersezione con;VIA CARLO GHERARDINI;VIA CARLO GHERARDINI;;;Scontro laterale fra veicoli in marcia;Intersezione semaforizzata;Una carreggiata a doppio senso;Asciutto;Asfaltata;Verticale ed orizzontale;Sereno;Normale;Buona;;1;0;0;1;12.4137;41.9828;-1;1;Autovettura privata;In marcia / fermata / arresto;Conducente;F;Illeso;0;;Non accertato;
5749040;20;18/12/2021 15:10:00;Strada Urbana;VIA CASSIA;all'intersezione con;VIA CARLO GHERARDINI;VIA CARLO GHERARDINI;;;Scontro laterale fra veicoli in marcia;Intersezione semaforizzata;Una carreggiata a doppio senso;Asciutto;Asfaltata;Verticale ed orizzontale;Sereno;Normale;Buona;;1;0;0;1;12.4137;41.9828;-1;2;Motociclo a solo;In marcia / fermata / arresto;Conducente;M;Rimandato;0;NON DECEDUTO;Non accertato;
5749044;20;19/12/2021 00:50:00;Regionale;VIA FLAMINIA NUOVA;da specificare;;;;all'intersezione con VIA VITORCHIANO;Scontro laterale fra veicoli in marcia;Rettilineo;Due carreggiate;Asciutto;Asfaltata;Verticale ed orizzontale;Sereno;Normale;Sufficiente;;0;0;0;3;12.4856;41.9575;-1;1;Autovettura privata;In marcia / fermata / arresto;Conducente;M;Illeso;0;;Non accertato;Inesploso
5749044;20;19/12/2021 00:50:00;Regionale;VIA FLAMINIA NUOVA;da specificare;;;;all'intersezione con VIA VITORCHIANO;Scontro laterale fra veicoli in marcia;Rettilineo;Due carreggiate;Asciutto;Asfaltata;Verticale ed orizzontale;Sereno;Normale;Sufficiente;;0;0;0;3;12.4856;41.9575;-1;2;Autovettura privata;In marcia / fermata / arresto;Conducente;F;Illeso;0;;Non accertato;Esploso
5749044;20;19/12/2021 00:50:00;Regionale;VIA FLAMINIA NUOVA;da specificare;;;;all'intersezione con VIA VITORCHIANO;Scontro laterale fra veicoli in marcia;Rettilineo;Due carreggiate;Asciutto;Asfaltata;Verticale ed orizzontale;Sereno;Normale;Sufficiente;;0;0;0;3;12.4856;41.9575;-1;2;Autovettura privata;In marcia / fermata / arresto;Passeggero;F;Illeso;0;;Non accertato;Esploso
5749048;12;18/12/2021 11:20:00;Strada Urbana;VIA CRISTOFORO COLOMBO;in prossimit�;;del palo luce n.;337;;Tamponamento;Curva a visuale libera;Pi� di due carreggiate;Asciutto;Asfaltata;Verticale ed orizzontale;Sereno;Normale;Buona;;1;0;0;1;12.4762;41.8434;-1;1;Motociclo a solo;In marcia / fermata / arresto;Conducente;M;Rimandato;0;NON DECEDUTO;Non accertato;
5749048;12;18/12/2021 11:20:00;Strada Urbana;VIA CRISTOFORO COLOMBO;in prossimit�;;del palo luce n.;337;;Tamponamento;Curva a visuale libera;Pi� di due carreggiate;Asciutto;Asfaltata;Verticale ed orizzontale;Sereno;Normale;Buona;;1;0;0;1;12.4762;41.8434;-1;2;Velocipede;In marcia / fermata / arresto;Conducente;F;Illeso;0;;Esente;
5749200;7;19/12/2021 05:45:00;Strada Urbana;VIA DEI CICLAMINI;all'intersezione con;VIA DEI GELSI;VIA DEI GELSI;;;Scontro frontale/laterale SX fra veicoli in marcia;Incrocio;Una carreggiata a doppio senso;Asciutto;Asfaltata;Verticale ed orizzontale;Sereno;Scarso;Buona;;0;0;0;3;12.5672;41.8889;-1;1;Autovettura privata;In marcia / fermata / arresto;Conducente;M;Illeso;0;;Non accertato;Inesploso
5749200;7;19/12/2021 05:45:00;Strada Urbana;VIA DEI CICLAMINI;all'intersezione con;VIA DEI GELSI;VIA DEI GELSI;;;Scontro frontale/laterale SX fra veicoli in marcia;Incrocio;Una carreggiata a doppio senso;Asciutto;Asfaltata;Verticale ed orizzontale;Sereno;Scarso;Buona;;0;0;0;3;12.5672;41.8889;-1;1;Autovettura privata;In marcia / fermata / arresto;Passeggero;F;Illeso;0;;Non accertato;Inesploso
5749200;7;19/12/2021 05:45:00;Strada Urbana;VIA DEI CICLAMINI;all'intersezione con;VIA DEI GELSI;VIA DEI GELSI;;;Scontro frontale/laterale SX fra veicoli in marcia;Incrocio;Una carreggiata a doppio senso;Asciutto;Asfaltata;Verticale ed orizzontale;Sereno;Scarso;Buona;;0;0;0;3;12.5672;41.8889;-1;2;Autovettura privata;In marcia / fermata / arresto;Conducente;M;Illeso;0;;Non accertato;Inesploso
5749212;18;15/12/2021 19:30:00;Strada Urbana;VIA DOMENICO TARDINI;in prossimit�;;del civico n.;56;;Veicolo in marcia contro veicolo arresto;Rettilineo;Pi� di due carreggiate;Asciutto;Asfaltata;Verticale ed orizzontale;Nuvoloso;Intenso;Sufficiente;;0;0;0;3;12.4255;41.9035;-1;1;Autovettura privata;In marcia / fermata / arresto;Conducente;M;Illeso;0;;Non accertato;Inesploso
5749212;18;15/12/2021 19:30:00;Strada Urbana;VIA DOMENICO TARDINI;in prossimit�;;del civico n.;56;;Veicolo in marcia contro veicolo arresto;Rettilineo;Pi� di due carreggiate;Asciutto;Asfaltata;Verticale ed orizzontale;Nuvoloso;Intenso;Sufficiente;;0;0;0;3;12.4255;41.9035;-1;1;Autovettura privata;In marcia / fermata / arresto;Passeggero;M;Illeso;0;;Non accertato;Inesploso
5749212;18;15/12/2021 19:30:00;Strada Urbana;VIA DOMENICO TARDINI;in prossimit�;;del civico n.;56;;Veicolo in marcia contro veicolo arresto;Rettilineo;Pi� di due carreggiate;Asciutto;Asfaltata;Verticale ed orizzontale;Nuvoloso;Intenso;Sufficiente;;0;0;0;3;12.4255;41.9035;-1;2;Motociclo a solo;In marcia / fermata / arresto;Conducente;M;Illeso;0;;Utilizzato;
5749212;18;15/12/2021 19:30:00;Strada Urbana;VIA DOMENICO TARDINI;in prossimit�;;del civico n.;56;;Veicolo in marcia contro veicolo arresto;Rettilineo;Pi� di due carreggiate;Asciutto;Asfaltata;Verticale ed orizzontale;Nuvoloso;Intenso;Sufficiente;;0;0;0;3;12.4255;41.9035;-1;3;Autovettura privata;Sosta;;;;;;;
5749220;18;16/12/2021 10:20:00;Strada Urbana;VIA CAMPOMORONE;in corrispondenza;;del civico n.;46;;Veicolo in marcia contro veicolo in sosta;Rettilineo;Una carreggiata a doppio senso;Asciutto;Asfaltata;Assente;Sereno;Normale;Buona;;0;0;0;1;12.4043;41.9113;-1;1;Autoambulanza;In marcia / fermata / arresto;Conducente;F;Illeso;0;;Non accertato;Inesploso
5749220;18;16/12/2021 10:20:00;Strada Urbana;VIA CAMPOMORONE;in corrispondenza;;del civico n.;46;;Veicolo in marcia contro veicolo in sosta;Rettilineo;Una carreggiata a doppio senso;Asciutto;Asfaltata;Assente;Sereno;Normale;Buona;;0;0;0;1;12.4043;41.9113;-1;2;Autovettura privata;Sosta;;;;;;;
5749228;7;18/12/2021 03:00:00;Strada Urbana;VIA DEGLI ELCI;in corrispondenza;;del civico n.;31;;Veicolo in marcia contro veicolo in sosta;Rettilineo;Una carreggiata a doppio senso;Asciutto;Asfaltata;Verticale ed orizzontale;Sereno;Scarso;Sufficiente;;0;0;0;1;12.5694;41.8848;-1;1;Autovettura privata;In marcia / fermata / arresto;Conducente;M;Illeso;0;;Non accertato;Inesploso
5749228;7;18/12/2021 03:00:00;Strada Urbana;VIA DEGLI ELCI;in corrispondenza;;del civico n.;31;;Veicolo in marcia contro veicolo in sosta;Rettilineo;Una carreggiata a doppio senso;Asciutto;Asfaltata;Verticale ed orizzontale;Sereno;Scarso;Sufficiente;;0;0;0;1;12.5694;41.8848;-1;2;Autovettura privata;Sosta;;;;;;;
5749230;18;16/12/2021 11:45:00;Strada Urbana;VIA DI BOCCEA;all'intersezione con;VIA CORNELIA;VIA CORNELIA;;;Tamponamento;Incrocio;Due carreggiate;Asciutto;Asfaltata;Verticale ed orizzontale;Sereno;Normale;Buona;;1;0;0;3;12.3994;41.9105;-1;1;Autovettura privata;In marcia / fermata / arresto;Conducente;F;Rimandato;0;NON DECEDUTO;Non accertato;Inesploso
5749230;18;16/12/2021 11:45:00;Strada Urbana;VIA DI BOCCEA;all'intersezione con;VIA CORNELIA;VIA CORNELIA;;;Tamponamento;Incrocio;Due carreggiate;Asciutto;Asfaltata;Verticale ed orizzontale;Sereno;Normale;Buona;;1;0;0;3;12.3994;41.9105;-1;2;Autovettura privata;In marcia / fermata / arresto;Conducente;M;Illeso;0;;Non accertato;Inesploso
5749230;18;16/12/2021 11:45:00;Strada Urbana;VIA DI BOCCEA;all'intersezione con;VIA CORNELIA;VIA CORNELIA;;;Tamponamento;Incrocio;Due carreggiate;Asciutto;Asfaltata;Verticale ed orizzontale;Sereno;Normale;Buona;;1;0;0;3;12.3994;41.9105;-1;2;Autovettura privata;In marcia / fermata / arresto;Passeggero;M;Illeso;0;;Non accertato;Inesploso
5749230;18;16/12/2021 11:45:00;Strada Urbana;VIA DI BOCCEA;all'intersezione con;VIA CORNELIA;VIA CORNELIA;;;Tamponamento;Incrocio;Due carreggiate;Asciutto;Asfaltata;Verticale ed orizzontale;Sereno;Normale;Buona;;1;0;0;3;12.3994;41.9105;-1;2;Autovettura privata;In marcia / fermata / arresto;Passeggero;F;Illeso;0;;Non accertato;Inesploso
5749240;18;16/12/2021 14:00:00;Strada Urbana;VIA DI TORREVECCHIA;all'intersezione con;VIA BENEDETTO ALOISI MASELLA;VIA BENEDETTO ALOISI MASELLA;;;Scontro laterale fra veicoli in marcia;Intersezione semaforizzata;Due carreggiate;Asciutto;Asfaltata;Verticale ed orizzontale;Sereno;Normale;Buona;;1;0;0;1;12.4077;41.9154;-1;1;Autovettura privata;In marcia / fermata / arresto;Conducente;M;Illeso;0;;Non accertato;Inesploso
5749240;18;16/12/2021 14:00:00;Strada Urbana;VIA DI TORREVECCHIA;all'intersezione con;VIA BENEDETTO ALOISI MASELLA;VIA BENEDETTO ALOISI MASELLA;;;Scontro laterale fra veicoli in marcia;Intersezione semaforizzata;Due carreggiate;Asciutto;Asfaltata;Verticale ed orizzontale;Sereno;Normale;Buona;;1;0;0;1;12.4077;41.9154;-1;2;Motociclo a solo;In marcia / fermata / arresto;Conducente;F;Rimandato;0;NON DECEDUTO;Non accertato;
5749251;18;16/12/2021 17:10:00;Strada Urbana;VIA FRANCESCO AZZURRI;all'intersezione con;VIA MARENTINO;VIA MARENTINO;;;Investimento di pedone;Intersezione stradale segnalata;Una carreggiata a doppio senso;Asciutto;Asfaltata;Assente;Sereno;Normale;Sufficiente;;1;0;0;2;12.3909;41.9086;-1;;;;Pedone;M;Rifiuta cure immediate;0;NON DECEDUTO;;
5749251;18;16/12/2021 17:10:00;Strada Urbana;VIA FRANCESCO AZZURRI;all'intersezione con;VIA MARENTINO;VIA MARENTINO;;;Investimento di pedone;Intersezione stradale segnalata;Una carreggiata a doppio senso;Asciutto;Asfaltata;Assente;Sereno;Normale;Sufficiente;;1;0;0;2;12.3909;41.9086;-1;1;Autovettura privata;In marcia / fermata / arresto;Conducente;M;Illeso;0;;Non accertato;Inesploso
5749251;18;16/12/2021 17:10:00;Strada Urbana;VIA FRANCESCO AZZURRI;all'intersezione con;VIA MARENTINO;VIA MARENTINO;;;Investimento di pedone;Intersezione stradale segnalata;Una carreggiata a doppio senso;Asciutto;Asfaltata;Assente;Sereno;Normale;Sufficiente;;1;0;0;2;12.3909;41.9086;-1;1;Autovettura privata;In marcia / fermata / arresto;Passeggero;M;Illeso;0;;Non accertato;Inesploso
5749267;18;15/12/2021 18:30:00;Strada Urbana;VIA DI CASAL SELCE;in prossimit�;;del civico n.;25;;Veicolo in marcia contro ostacolo accidentale;Rettilineo;Una carreggiata a doppio senso;Asciutto;Asfaltata;Verticale;Sereno;Intenso;Sufficiente;;0;0;0;1;12.3352;41.887;-1;1;Autovettura privata;In marcia / fermata / arresto;Conducente;F;Illeso;0;;Non accertato;Inesploso