Protocollo;Gruppo;DataOraIncidente;Localizzazione1;STRADA1;Localizzazione2;STRADA2;Strada02;Chilometrica;DaSpecificare;NaturaIncidente;particolaritastrade;TipoStrada;FondoStradale;Pavimentazione;Segnaletica;CondizioneAtmosferica;Traffico;Visibilita;Illuminazione;NUM_FERITI;NUM_RISERVATA;NUM_MORTI;NUM_ILLESI;Longitudine;Latitudine;Confermato;Progressivo;TipoVeicolo;StatoVeicolo;TipoPersona;Sesso;Tipolesione;Deceduto;DecedutoDopo;CinturaCascoUtilizzato;Airbag;
5749737;8;19/12/2021 15:40:00;Strada Urbana;VIA DEL TORRACCIO DI TORRENOVA;in prossimit�;;del civico n.;159;;Scontro laterale fra veicoli in marcia;Rettilineo;Una carreggiata a doppio senso;Asciutto;Asfaltata;Assente;Sereno;Normale;Buona;;0;0;0;4;12.6222;41.8712;-1;1;Autovettura privata;In marcia / fermata / arresto;Passeggero;M;Illeso;0;;Non accertato;Inesploso
5749737;8;19/12/2021 15:40:00;Strada Urbana;VIA DEL TORRACCIO DI TORRENOVA;in prossimit�;;del civico n.;159;;Scontro laterale fra veicoli in marcia;Rettilineo;Una carreggiata a doppio senso;Asciutto;Asfaltata;Assente;Sereno;Normale;Buona;;0;0;0;4;12.6222;41.8712;-1;2;Autovettura privata;In marcia / fermata / arresto;Conducente;F;Illeso;0;;Non accertato;Inesploso
5749737;8;19/12/2021 15:40:00;Strada Urbana;VIA DEL TORRACCIO DI TORRENOVA;in prossimit�;;del civico n.;159;;Scontro laterale fra veicoli in marcia;Rettilineo;Una carreggiata a doppio senso;Asciutto;Asfaltata;Assente;Sereno;Normale;Buona;;0;0;0;4;12.6222;41.8712;-1;2;Autovettura privata;In marcia / fermata / arresto;Passeggero;F;Illeso;0;;Non accertato;Inesploso
5749741;12;18/12/2021 23:30:00;Strada Urbana;VIA CESARE FRUGONI;in corrispondenza;;del palo luce n.;8;;Scontro frontale/laterale DX fra veicoli in marcia;Curva senza visuale libera;Una carreggiata a doppio senso;Asciutto;Asfaltata;Verticale ed orizzontale;Sereno;Scarso;Buona;;0;0;0;3;12.466;41.8409;-1;1;Autovettura privata;In marcia / fermata / arresto;Conducente;F;Illeso;0;;Utilizzato;Esploso
5749741;12;18/12/2021 23:30:00;Strada Urbana;VIA CESARE FRUGONI;in corrispondenza;;del palo luce n.;8;;Scontro frontale/laterale DX fra veicoli in marcia;Curva senza visuale libera;Una carreggiata a doppio senso;Asciutto;Asfaltata;Verticale ed orizzontale;Sereno;Scarso;Buona;;0;0;0;3;12.466;41.8409;-1;1;Autovettura privata;In marcia / fermata / arresto;Passeggero;F;Illeso;0;;Utilizzato;Inesploso
5749741;12;18/12/2021 23:30:00;Strada Urbana;VIA CESARE FRUGONI;in corrispondenza;;del palo luce n.;8;;Scontro frontale/laterale DX fra veicoli in marcia;Curva senza visuale libera;Una carreggiata a doppio senso;Asciutto;Asfaltata;Verticale ed orizzontale;Sereno;Scarso;Buona;;0;0;0;3;12.466;41.8409;-1;2;Autovettura privata;In marcia / fermata / arresto;Conducente;M;Illeso;0;;Utilizzato;Esploso
5749743;15;17/12/2021 16:10:00;Strada Urbana;PONTE GUGLIELMO MARCONI;all'intersezione semaforizzata con;LUNGOTEVERE DI PIETRA PAPA;LUNGOTEVERE DI PIETRA PAPA;;;Scontro laterale fra veicoli in marcia;Intersezione semaforizzata;Una carreggiata a doppio senso;Asciutto;Asfaltata;Verticale ed orizzontale;Sereno;Normale;Buona;;0;0;0;4;12.4706;41.8599;-1;1;Ciclomotore;In marcia / fermata / arresto;Conducente;M;Illeso;0;;Non accertato;
5749743;15;17/12/2021 16:10:00;Strada Urbana;PONTE GUGLIELMO MARCONI;all'intersezione semaforizzata con;LUNGOTEVERE DI PIETRA PAPA;LUNGOTEVERE DI PIETRA PAPA;;;Scontro laterale fra veicoli in marcia;Intersezione semaforizzata;Una carreggiata a doppio senso;Asciutto;Asfaltata;Verticale ed orizzontale;Sereno;Normale;Buona;;0;0;0;4;12.4706;41.8599;-1;2;Motociclo a solo;In marcia / fermata / arresto;Conducente;M;Illeso;0;;Non accertato;
5749743;15;17/12/2021 16:10:00;Strada Urbana;PONTE GUGLIELMO MARCONI;all'intersezione semaforizzata con;LUNGOTEVERE DI PIETRA PAPA;LUNGOTEVERE DI PIETRA PAPA;;;Scontro laterale fra veicoli in marcia;Intersezione semaforizzata;Una carreggiata a doppio senso;Asciutto;Asfaltata;Verticale ed orizzontale;Sereno;Normale;Buona;;0;0;0;4;12.4706;41.8599;-1;3;Autovettura privata;In marcia / fermata / arresto;Conducente;F;Illeso;0;;Non accertato;Inesploso
5749743;15;17/12/2021 16:10:00;Strada Urbana;PONTE GUGLIELMO MARCONI;all'intersezione semaforizzata con;LUNGOTEVERE DI PIETRA PAPA;LUNGOTEVERE DI PIETRA PAPA;;;Scontro laterale fra veicoli in marcia;Intersezione semaforizzata;Una carreggiata a doppio senso;Asciutto;Asfaltata;Verticale ed orizzontale;Sereno;Normale;Buona;;0;0;0;4;12.4706;41.8599;-1;3;Autovettura privata;In marcia / fermata / arresto;Passeggero;F;Illeso;0;;Non accertato;Inesploso
5749745;8;20/12/2021 01:00:00;Strada Urbana;VIALE DELLA SORBONA;all'intersezione con;VIA DEL FOSSO DI S. MAURA;VIA DEL FOSSO DI S. MAURA;;;Scontro laterale fra veicoli in marcia;Incrocio;Una carreggiata a doppio senso;Asciutto;Asfaltata;Verticale ed orizzontale;Sereno;Scarso;Sufficiente;;1;0;0;1;12.612;41.8546;-1;1;Autovettura privata;In marcia / fermata / arresto;Conducente;M;Illeso;0;;Non accertato;Inesploso
5749745;8;20/12/2021 01:00:00;Strada Urbana;VIALE DELLA SORBONA;all'intersezione con;VIA DEL FOSSO DI S. MAURA;VIA DEL FOSSO DI S. MAURA;;;Scontro laterale fra veicoli in marcia;Incrocio;Una carreggiata a doppio senso;Asciutto;Asfaltata;Verticale ed orizzontale;Sereno;Scarso;Sufficiente;;1;0;0;1;12.612;41.8546;-1;2;Motociclo a solo;In marcia / fermata / arresto;Conducente;M;Rifiuta cure immediate;0;NON DECEDUTO;Non accertato;
5749746;6;19/12/2021 20:20:00;Strada Urbana;VIA ALBERTO DA GIUSSANO;da specificare;;;;FR. CIV. 81;Scontro laterale fra veicoli in marcia;Rettilineo;Una carreggiata a senso unico di marcia;Asciutto;Asfaltata;Verticale ed orizzontale;Sereno;Scarso;Sufficiente;;0;0;0;2;12.5345;41.8905;-1;1;Autovettura privata;In marcia / fermata / arresto;Conducente;M;Illeso;0;;;
5749746;6;19/12/2021 20:20:00;Strada Urbana;VIA ALBERTO DA GIUSSANO;da specificare;;;;FR. CIV. 81;Scontro laterale fra veicoli in marcia;Rettilineo;Una carreggiata a senso unico di marcia;Asciutto;Asfaltata;Verticale ed orizzontale;Sereno;Scarso;Sufficiente;;0;0;0;2;12.5345;41.8905;-1;2;Autovettura privata;In marcia / fermata / arresto;Conducente;M;Illeso;0;;;
5749751;20;19/12/2021 15:40:00;Strada Urbana;VIA DI VALLE MURICANA;in prossimit�;;del civico n.;523;;Scontro frontale fra veicoli in marcia;Rettilineo;Una carreggiata a doppio senso;Asciutto;Asfaltata;Verticale ed orizzontale;Sereno;Normale;Buona;;0;1;0;1;12.4675;42.0279;-1;1;Autovettura privata;In marcia / fermata / arresto;Conducente;M;Prognosi riservata;0;NON DECEDUTO;Non accertato;
5749751;20;19/12/2021 15:40:00;Strada Urbana;VIA DI VALLE MURICANA;in prossimit�;;del civico n.;523;;Scontro frontale fra veicoli in marcia;Rettilineo;Una carreggiata a doppio senso;Asciutto;Asfaltata;Verticale ed orizzontale;Sereno;Normale;Buona;;0;1;0;1;12.4675;42.0279;-1;2;Autovettura privata;In marcia / fermata / arresto;Conducente;M;Illeso;0;;Non accertato;
5749757;15;17/12/2021 12:30:00;Strada Urbana;VIA DELLA MAGLIANA;da specificare;;;;prossimit� fronte civico 238;Veicolo in marcia contro veicoli in sosta;Rettilineo;Una carreggiata a doppio senso;Asciutto;Asfaltata;Verticale ed orizzontale;Sereno;Intenso;Buona;;0;0;0;1;12.4196;41.8317;-1;1;Autovettura privata;In marcia / fermata / arresto;Conducente;M;Illeso;0;;Non accertato;Inesploso
5749757;15;17/12/2021 12:30:00;Strada Urbana;VIA DELLA MAGLIANA;da specificare;;;;prossimit� fronte civico 238;Veicolo in marcia contro veicoli in sosta;Rettilineo;Una carreggiata a doppio senso;Asciutto;Asfaltata;Verticale ed orizzontale;Sereno;Intenso;Buona;;0;0;0;1;12.4196;41.8317;-1;2;Autovettura privata;Sosta;;;;;;;
5749757;15;17/12/2021 12:30:00;Strada Urbana;VIA DELLA MAGLIANA;da specificare;;;;prossimit� fronte civico 238;Veicolo in marcia contro veicoli in sosta;Rettilineo;Una carreggiata a doppio senso;Asciutto;Asfaltata;Verticale ed orizzontale;Sereno;Intenso;Buona;;0;0;0;1;12.4196;41.8317;-1;3;Autovettura privata;Sosta;;;;;;;
5749758;20;19/12/2021 15:20:00;Strada Urbana;LUNGOTEVERE MARESCIALLO DIAZ;all'intersezione semaforizzata con;PIAZZALE DI PONTE MILVIO;PIAZZALE DI PONTE MILVIO;;;Tamponamento;Intersezione semaforizzata;Una carreggiata a senso unico di marcia;Asciutto;Asfaltata;Verticale ed orizzontale;Sereno;Normale;Buona;;1;0;0;1;12.4629;41.9351;-1;1;Autovettura privata;In marcia / fermata / arresto;Conducente;M;Illeso;0;;;
5749758;20;19/12/2021 15:20:00;Strada Urbana;LUNGOTEVERE MARESCIALLO DIAZ;all'intersezione semaforizzata con;PIAZZALE DI PONTE MILVIO;PIAZZALE DI PONTE MILVIO;;;Tamponamento;Intersezione semaforizzata;Una carreggiata a senso unico di marcia;Asciutto;Asfaltata;Verticale ed orizzontale;Sereno;Normale;Buona;;1;0;0;1;12.4629;41.9351;-1;2;Motociclo a solo;In marcia / fermata / arresto;Conducente;M;Rimandato;0;NON DECEDUTO;;
5749764;9;19/12/2021 13:58:00;Strada Urbana;VIA IMERA;in prossimit�;;del civico n.;2;;Investimento di pedone;Rettilineo;Una carreggiata a doppio senso;Asciutto;Asfaltata;Verticale ed orizzontale;Sereno;Normale;Buona;;1;0;0;1;12.511;41.8793;-1;;;;Pedone;F;Rimandato;0;NON DECEDUTO;;
5749764;9;19/12/2021 13:58:00;Strada Urbana;VIA IMERA;in prossimit�;;del civico n.;2;;Investimento di pedone;Rettilineo;Una carreggiata a doppio senso;Asciutto;Asfaltata;Verticale ed orizzontale;Sereno;Normale;Buona;;1;0;0;1;12.511;41.8793;-1;1;Autovettura privata;In marcia / fermata / arresto;Conducente;M;Illeso;0;;Non accertato;Inesploso
5749770;9;20/12/2021 00:15:00;Strada Urbana;VIA TUSCOLANA;in corrispondenza;;del civico n.;330;;Veicolo in marcia contro veicoli in arresto;Rettilineo;Una carreggiata a doppio senso;Asciutto;Asfaltata;Verticale ed orizzontale;Sereno;Scarso;Sufficiente;;1;0;0;4;12.5274;41.8755;-1;1;Autovettura privata;In marcia / fermata / arresto;Conducente;M;Illeso;0;;Non accertato;Inesploso
5749770;9;20/12/2021 00:15:00;Strada Urbana;VIA TUSCOLANA;in corrispondenza;;del civico n.;330;;Veicolo in marcia contro veicoli in arresto;Rettilineo;Una carreggiata a doppio senso;Asciutto;Asfaltata;Verticale ed orizzontale;Sereno;Scarso;Sufficiente;;1;0;0;4;12.5274;41.8755;-1;2;Autovettura privata;In marcia / fermata / arresto;Conducente;M;Illeso;0;;Non accertato;Inesploso
5749770;9;20/12/2021 00:15:00;Strada Urbana;VIA TUSCOLANA;in corrispondenza;;del civico n.;330;;Veicolo in marcia contro veicoli in arresto;Rettilineo;Una carreggiata a doppio senso;Asciutto;Asfaltata;Verticale ed orizzontale;Sereno;Scarso;Sufficiente;;1;0;0;4;12.5274;41.8755;-1;2;Autovettura privata;In marcia / fermata / arresto;Passeggero;M;Illeso;0;;Non accertato;Inesploso
5749770;9;20/12/2021 00:15:00;Strada Urbana;VIA TUSCOLANA;in corrispondenza;;del civico n.;330;;Veicolo in marcia contro veicoli in arresto;Rettilineo;Una carreggiata a doppio senso;Asciutto;Asfaltata;Verticale ed orizzontale;Sereno;Scarso;Sufficiente;;1;0;0;4;12.5274;41.8755;-1;2;Autovettura privata;In marcia / fermata / arresto;Passeggero;M;Rimandato;0;NON DECEDUTO;;
5749770;9;20/12/2021 00:15:00;Strada Urbana;VIA TUSCOLANA;in corrispondenza;;del civico n.;330;;Veicolo in marcia contro veicoli in arresto;Rettilineo;Una carreggiata a doppio senso;Asciutto;Asfaltata;Verticale ed orizzontale;Sereno;Scarso;Sufficiente;;1;0;0;4;12.5274;41.8755;-1;3;Autovettura privata;In marcia / fermata / arresto;Conducente;M;Illeso;0;;Non accertato;Inesploso
5749780;19;17/12/2021 06:55:00;Strada Urbana;VIA MATTIA BATTISTINI;in prossimit�;;del civico n.;456;;Investimento di pedone;Rettilineo;Una carreggiata a doppio senso;Asciutto;Asfaltata;Verticale;Sereno;Normale;Buona;;1;0;0;1;12.419;41.9192;-1;;;;Pedone;F;Rimandato;0;NON DECEDUTO;;
5749780;19;17/12/2021 06:55:00;Strada Urbana;VIA MATTIA BATTISTINI;in prossimit�;;del civico n.;456;;Investimento di pedone;Rettilineo;Una carreggiata a doppio senso;Asciutto;Asfaltata;Verticale;Sereno;Normale;Buona;;1;0;0;1;12.419;41.9192;-1;1;Autovettura privata;In marcia / fermata / arresto;Conducente;M;Illeso;0;;;
5749781;15;17/12/2021 17:45:00;Strada Urbana;VIA PORTUENSE;in corrispondenza;;del civico n.;312;;Scontro laterale fra veicoli in marcia;Rettilineo;Una carreggiata a doppio senso;Asciutto;Asfaltata;Orizzontale;Sereno;Normale;Buona;;0;0;0;3;12.4557;41.8641;-1;1;Autovettura privata;In marcia / fermata / arresto;Conducente;F;Illeso;0;;Non accertato;Inesploso
5749781;15;17/12/2021 17:45:00;Strada Urbana;VIA PORTUENSE;in corrispondenza;;del civico n.;312;;Scontro laterale fra veicoli in marcia;Rettilineo;Una carreggiata a doppio senso;Asciutto;Asfaltata;Orizzontale;Sereno;Normale;Buona;;0;0;0;3;12.4557;41.8641;-1;1;Autovettura privata;In marcia / fermata / arresto;Passeggero;M;Illeso;0;;Non accertato;Inesploso
5749781;15;17/12/2021 17:45:00;Strada Urbana;VIA PORTUENSE;in corrispondenza;;del civico n.;312;;Scontro laterale fra veicoli in marcia;Rettilineo;Una carreggiata a doppio senso;Asciutto;Asfaltata;Orizzontale;Sereno;Normale;Buona;;0;0;0;3;12.4557;41.8641;-1;2;Motociclo con passeggero;In marcia / fermata / arresto;Conducente;M;Illeso;0;;Non accertato;
5749798;15;17/12/2021 21:50:00;Strada Urbana;VIA POGGIO VERDE;all'intersezione semaforizzata con;VIA DELLA CASETTA MATTEI;VIA DELLA CASETTA MATTEI;;;Scontro frontale/laterale SX fra veicoli in marcia;Intersezione semaforizzata;Due carreggiate;Asciutto;Asfaltata;Verticale ed orizzontale;Sereno;Scarso;Buona;;0;0;0;2;12.4159;41.8534;-1;1;Autovettura privata;In marcia / fermata / arresto;Conducente;M;Illeso;0;;Non accertato;Inesploso
5749798;15;17/12/2021 21:50:00;Strada Urbana;VIA POGGIO VERDE;all'intersezione semaforizzata con;VIA DELLA CASETTA MATTEI;VIA DELLA CASETTA MATTEI;;;Scontro frontale/laterale SX fra veicoli in marcia;Intersezione semaforizzata;Due carreggiate;Asciutto;Asfaltata;Verticale ed orizzontale;Sereno;Scarso;Buona;;0;0;0;2;12.4159;41.8534;-1;2;Autovettura privata;In marcia / fermata / arresto;Conducente;M;Illeso;0;;Non accertato;Inesploso
5749811;20;19/12/2021 21:15:00;Strada Urbana;VIA SAN GODENZO;in corrispondenza;;del civico n.;168;;Veicolo in marcia contro veicoli in sosta;Rettilineo;Una carreggiata a senso unico di marcia;Asciutto;Asfaltata;Orizzontale;Sereno;Scarso;Sufficiente;;0;0;0;0;12.4552;41.9643;-1;1;Autovettura privata;In marcia / fermata / arresto;;;;;;;
5749811;20;19/12/2021 21:15:00;Strada Urbana;VIA SAN GODENZO;in corrispondenza;;del civico n.;168;;Veicolo in marcia contro veicoli in sosta;Rettilineo;Una carreggiata a senso unico di marcia;Asciutto;Asfaltata;Orizzontale;Sereno;Scarso;Sufficiente;;0;0;0;0;12.4552;41.9643;-1;2;Autovettura privata;Sosta;;;;;;;
5749811;20;19/12/2021 21:15:00;Strada Urbana;VIA SAN GODENZO;in corrispondenza;;del civico n.;168;;Veicolo in marcia contro veicoli in sosta;Rettilineo;Una carreggiata a senso unico di marcia;Asciutto;Asfaltata;Orizzontale;Sereno;Scarso;Sufficiente;;0;0;0;0;12.4552;41.9643;-1;3;Autovettura privata;Sosta;;;;;;;
5749811;20;19/12/2021 21:15:00;Strada Urbana;VIA SAN GODENZO;in corrispondenza;;del civico n.;168;;Veicolo in marcia contro veicoli in sosta;Rettilineo;Una carreggiata a senso unico di marcia;Asciutto;Asfaltata;Orizzontale;Sereno;Scarso;Sufficiente;;0;0;0;0;12.4552;41.9643;-1;4;Autovettura privata;Sosta;;;;;;;
5749814;15;17/12/2021 23:45:00;Strada Urbana;VIA DEL FOSSO DELLA MAGLIANA;all'intersezione con;VIA EMPOLI;VIA EMPOLI;;;Veicolo in marcia che urta buche nella carreggiata;Incrocio;Una carreggiata a doppio senso;Asciutto;Asfaltata;Verticale ed orizzontale;Sereno;Scarso;Buona;;0;0;0;1;12.4146;41.8372;-1;1;Autobus di linea;In marcia / fermata / arresto;Conducente;M;Illeso;0;;Non accertato;
5749818;20;19/12/2021 12:45:00;Strada Urbana;VIA TRIONFALE;all'intersezione con;VIA COLLEVECCHIO;VIA COLLEVECCHIO;;;Scontro laterale fra veicoli in marcia;Intersezione non regolata/non segnalata;Una carreggiata a senso unico di marcia;Asciutto;Asfaltata;Verticale;Sereno;Scarso;Buona;;0;0;0;3;12.4229;41.9409;-1;1;Autovettura privata;In marcia / fermata / arresto;Conducente;M;Illeso;0;;Non accertato;
5749818;20;19/12/2021 12:45:00;Strada Urbana;VIA TRIONFALE;all'intersezione con;VIA COLLEVECCHIO;VIA COLLEVECCHIO;;;Scontro laterale fra veicoli in marcia;Intersezione non regolata/non segnalata;Una carreggiata a senso unico di marcia;Asciutto;Asfaltata;Verticale;Sereno;Scarso;Buona;;0;0;0;3;12.4229;41.9409;-1;1;Autovettura privata;In marcia / fermata / arresto;Passeggero;F;Illeso;0;;Non accertato;
5749818;20;19/12/2021 12:45:00;Strada Urbana;VIA TRIONFALE;all'intersezione con;VIA COLLEVECCHIO;VIA COLLEVECCHIO;;;Scontro laterale fra veicoli in marcia;Intersezione non regolata/non segnalata;Una carreggiata a senso unico di marcia;Asciutto;Asfaltata;Verticale;Sereno;Scarso;Buona;;0;0;0;3;12.4229;41.9409;-1;2;Autobus di linea;In marcia / fermata / arresto;Conducente;M;Illeso;0;;Non accertato;
5749821;19;17/12/2021 17:20:00;Strada Urbana;VIA DELLA STAZIONE DI OTTAVIA;in prossimit�;;del civico n.;1;;Tamponamento;Rettilineo;Una carreggiata a senso unico di marcia;Asciutto;Asfaltata;Verticale ed orizzontale;Sereno;Normale;Buona;;0;0;0;2;12.4092;41.9608;-1;1;Autovettura privata;In marcia / fermata / arresto;Conducente;F;Illeso;0;;;
5749821;19;17/12/2021 17:20:00;Strada Urbana;VIA DELLA STAZIONE DI OTTAVIA;in prossimit�;;del civico n.;1;;Tamponamento;Rettilineo;Una carreggiata a senso unico di marcia;Asciutto;Asfaltata;Verticale ed orizzontale;Sereno;Normale;Buona;;0;0;0;2;12.4092;41.9608;-1;1;Autovettura privata;In marcia / fermata / arresto;Passeggero;M;Illeso;0;;Non accertato;Inesploso
5749821;19;17/12/2021 17:20:00;Strada Urbana;VIA DELLA STAZIONE DI OTTAVIA;in prossimit�;;del civico n.;1;;Tamponamento;Rettilineo;Una carreggiata a senso unico di marcia;Asciutto;Asfaltata;Verticale ed orizzontale;Sereno;Normale;Buona;;0;0;0;2;12.4092;41.9608;-1;2;Autovettura privata;Allontanatosi;;;;;;;
5749824;15;18/12/2021 02:00:00;Strada Urbana;VIALE GUGLIELMO MARCONI;all'intersezione con;VIA MACEDONIO MELLONI;VIA MACEDONIO MELLONI;;;Scontro frontale/laterale DX fra veicoli in marcia;Intersezione semaforizzata;Due carreggiate;Asciutto;Asfaltata;Verticale ed orizzontale;Sereno;Scarso;Buona;;0;0;0;3;12.4713;41.8573;-1;1;Autovettura privata;In marcia / fermata / arresto;Conducente;M;Illeso;0;;Non accertato;Inesploso
5749824;15;18/12/2021 02:00:00;Strada Urbana;VIALE GUGLIELMO MARCONI;all'intersezione con;VIA MACEDONIO MELLONI;VIA MACEDONIO MELLONI;;;Scontro frontale/laterale DX fra veicoli in marcia;Intersezione semaforizzata;Due carreggiate;Asciutto;Asfaltata;Verticale ed orizzontale;Sereno;Scarso;Buona;;0;0;0;3;12.4713;41.8573;-1;2;Autovettura privata;In marcia / fermata / arresto;Conducente;F;Illeso;0;;Non accertato;Inesploso
5749824;15;18/12/2021 02:00:00;Strada Urbana;VIALE GUGLIELMO MARCONI;all'intersezione con;VIA MACEDONIO MELLONI;VIA MACEDONIO MELLONI;;;Scontro frontale/laterale DX fra veicoli in marcia;Intersezione semaforizzata;Due carreggiate;Asciutto;Asfaltata;Verticale ed orizzontale;Sereno;Scarso;Buona;;0;0;0;3;12.4713;41.8573;-1;2;Autovettura privata;In marcia / fermata / arresto;Passeggero;F;Illeso;0;;Non accertato;Inesploso
5749825;1;19/12/2021 10:30:00;Strada Urbana;PIAZZA DELLA ROVERE;all'intersezione semaforizzata con;LUNGOTEVERE IN SASSIA;LUNGOTEVERE IN SASSIA;;;Scontro frontale/laterale DX fra veicoli in marcia;Intersezione semaforizzata;Una carreggiata a senso unico di marcia;Asciutto;Asfaltata;Verticale ed orizzontale;Sereno;Normale;Buona;;1;0;0;2;12.4628;41.8998;-1;1;Autovettura privata;In marcia / fermata / arresto;Conducente;M;Illeso;0;;Non accertato;Inesploso
5749825;1;19/12/2021 10:30:00;Strada Urbana;PIAZZA DELLA ROVERE;all'intersezione semaforizzata con;LUNGOTEVERE IN SASSIA;LUNGOTEVERE IN SASSIA;;;Scontro frontale/laterale DX fra veicoli in marcia;Intersezione semaforizzata;Una carreggiata a senso unico di marcia;Asciutto;Asfaltata;Verticale ed orizzontale;Sereno;Normale;Buona;;1;0;0;2;12.4628;41.8998;-1;1;Autovettura privata;In marcia / fermata / arresto;Passeggero;M;Illeso;0;;Non accertato;Inesploso
5749825;1;19/12/2021 10:30:00;Strada Urbana;PIAZZA DELLA ROVERE;all'intersezione semaforizzata con;LUNGOTEVERE IN SASSIA;LUNGOTEVERE IN SASSIA;;;Scontro frontale/laterale DX fra veicoli in marcia;Intersezione semaforizzata;Una carreggiata a senso unico di marcia;Asciutto;Asfaltata;Verticale ed orizzontale;Sereno;Normale;Buona;;1;0;0;2;12.4628;41.8998;-1;2;Motociclo a solo;In marcia / fermata / arresto;Conducente;M;Rimandato;0;NON DECEDUTO;Non accertato;
5749826;2;17/12/2021 09:15:00;Strada Urbana;CORSO TRIESTE;da specificare;;;;alt. VIA GRADISCA;Veicolo in marcia contro ostacolo accidentale;Rettilineo;Due carreggiate;Viscido da liquidi oleosi;Asfaltata;Verticale ed orizzontale;Sereno;Intenso;Sufficiente;;0;0;0;1;12.511;41.9218;-1;1;Motociclo a solo;In marcia / fermata / arresto;Conducente;M;Illeso;0;;Non accertato;
5749828;7;19/12/2021 23:20:00;Strada Urbana;VIA DEI GELSI;in corrispondenza;;del civico n.;150;;Scontro laterale fra veicoli in marcia;Rettilineo;Una carreggiata a doppio senso;Asciutto;Asfaltata;Verticale ed orizzontale;Sereno;Normale;Buona;;1;0;0;1;12.5731;41.89;-1;1;Autovettura privata;In marcia / fermata / arresto;Conducente;M;Illeso;0;;;
5749828;7;19/12/2021 23:20:00;Strada Urbana;VIA DEI GELSI;in corrispondenza;;del civico n.;150;;Scontro laterale fra veicoli in marcia;Rettilineo;Una carreggiata a doppio senso;Asciutto;Asfaltata;Verticale ed orizzontale;Sereno;Normale;Buona;;1;0;0;1;12.5731;41.89;-1;2;Motociclo a solo;In marcia / fermata / arresto;Conducente;M;Rimandato;0;NON DECEDUTO;Non accertato;
5749828;7;19/12/2021 23:20:00;Strada Urbana;VIA DEI GELSI;in corrispondenza;;del civico n.;150;;Scontro laterale fra veicoli in marcia;Rettilineo;Una carreggiata a doppio senso;Asciutto;Asfaltata;Verticale ed orizzontale;Sereno;Normale;Buona;;1;0;0;1;12.5731;41.89;-1;3;Autovettura privata;Sosta;;;;;;;
5749834;15;18/12/2021 07:43:00;Strada Urbana;PIAZZA DELLA RADIO;all'intersezione semaforizzata con;VIA ANTONIO PACINOTTI;VIA ANTONIO PACINOTTI;;;Scontro frontale/laterale SX fra veicoli in marcia;Intersezione semaforizzata;Una carreggiata a doppio senso;Asciutto;Asfaltata;Verticale ed orizzontale;Sereno;Scarso;Buona;;0;0;0;3;12.4669;41.87;-1;1;Autovettura privata;In marcia / fermata / arresto;Conducente;M;Illeso;0;;Non utilizzato;Esploso
5749834;15;18/12/2021 07:43:00;Strada Urbana;PIAZZA DELLA RADIO;all'intersezione semaforizzata con;VIA ANTONIO PACINOTTI;VIA ANTONIO PACINOTTI;;;Scontro frontale/laterale SX fra veicoli in marcia;Intersezione semaforizzata;Una carreggiata a doppio senso;Asciutto;Asfaltata;Verticale ed orizzontale;Sereno;Scarso;Buona;;0;0;0;3;12.4669;41.87;-1;1;Autovettura privata;In marcia / fermata / arresto;Passeggero;M;Illeso;0;;Non utilizzato;Esploso
5749834;15;18/12/2021 07:43:00;Strada Urbana;PIAZZA DELLA RADIO;all'intersezione semaforizzata con;VIA ANTONIO PACINOTTI;VIA ANTONIO PACINOTTI;;;Scontro frontale/laterale SX fra veicoli in marcia;Intersezione semaforizzata;Una carreggiata a doppio senso;Asciutto;Asfaltata;Verticale ed orizzontale;Sereno;Scarso;Buona;;0;0;0;3;12.4669;41.87;-1;2;Autovettura privata;In marcia / fermata / arresto;Conducente;M;Illeso;0;;Non accertato;Inesploso