Protocollo;Gruppo;DataOraIncidente;Localizzazione1;STRADA1;Localizzazione2;STRADA2;Strada02;Chilometrica;DaSpecificare;NaturaIncidente;particolaritastrade;TipoStrada;FondoStradale;Pavimentazione;Segnaletica;CondizioneAtmosferica;Traffico;Visibilita;Illuminazione;NUM_FERITI;NUM_RISERVATA;NUM_MORTI;NUM_ILLESI;Longitudine;Latitudine;Confermato;Progressivo;TipoVeicolo;StatoVeicolo;TipoPersona;Sesso;Tipolesione;Deceduto;DecedutoDopo;CinturaCascoUtilizzato;Airbag;
5749844;1;19/12/2021 14:55:00;Strada Urbana;VIA DEL CIRCO MASSIMO;in prossimit�;;del palo luce n.;6;;Scontro laterale fra veicoli in marcia;Rettilineo;Una carreggiata a doppio senso;Asciutto;Asfaltata;Verticale ed orizzontale;Sereno;Normale;Buona;;1;0;0;1;12.4838;41.8862;-1;1;Autovettura privata;In marcia / fermata / arresto;Conducente;M;Illeso;0;;Non accertato;Inesploso
5749844;1;19/12/2021 14:55:00;Strada Urbana;VIA DEL CIRCO MASSIMO;in prossimit�;;del palo luce n.;6;;Scontro laterale fra veicoli in marcia;Rettilineo;Una carreggiata a doppio senso;Asciutto;Asfaltata;Verticale ed orizzontale;Sereno;Normale;Buona;;1;0;0;1;12.4838;41.8862;-1;2;Motociclo a solo;In marcia / fermata / arresto;Conducente;M;Rimandato;0;NON DECEDUTO;Non accertato;
5749845;15;18/12/2021 16:50:00;Strada Urbana;VIA LARI;all'intersezione con;VIA PESCAGLIA;VIA PESCAGLIA;;;Scontro laterale fra veicoli in marcia;Incrocio;Una carreggiata a doppio senso;Asciutto;Asfaltata;Verticale ed orizzontale;Sereno;Scarso;Buona;;0;0;0;3;12.4609;41.8487;-1;1;Autovettura privata;In marcia / fermata / arresto;Conducente;F;Illeso;0;;Non accertato;Inesploso
5749845;15;18/12/2021 16:50:00;Strada Urbana;VIA LARI;all'intersezione con;VIA PESCAGLIA;VIA PESCAGLIA;;;Scontro laterale fra veicoli in marcia;Incrocio;Una carreggiata a doppio senso;Asciutto;Asfaltata;Verticale ed orizzontale;Sereno;Scarso;Buona;;0;0;0;3;12.4609;41.8487;-1;2;Autovettura privata;In marcia / fermata / arresto;Conducente;F;Illeso;0;;Non accertato;Inesploso
5749845;15;18/12/2021 16:50:00;Strada Urbana;VIA LARI;all'intersezione con;VIA PESCAGLIA;VIA PESCAGLIA;;;Scontro laterale fra veicoli in marcia;Incrocio;Una carreggiata a doppio senso;Asciutto;Asfaltata;Verticale ed orizzontale;Sereno;Scarso;Buona;;0;0;0;3;12.4609;41.8487;-1;2;Autovettura privata;In marcia / fermata / arresto;Passeggero;F;Illeso;0;;Utilizzato;Inesploso
5749849;18;17/12/2021 10:00:00;Strada Urbana;VIA DELLE FORNACI;in corrispondenza;;del civico n.;21;;Veicolo in marcia contro veicolo fermo;Rettilineo;Una carreggiata a senso unico di marcia;Asciutto;Asfaltata;Verticale ed orizzontale;Sereno;Normale;Buona;;2;0;0;0;12.4563;41.8994;-1;1;Motociclo a solo;In marcia / fermata / arresto;Conducente;F;Rimandato;0;NON DECEDUTO;Non accertato;
5749849;18;17/12/2021 10:00:00;Strada Urbana;VIA DELLE FORNACI;in corrispondenza;;del civico n.;21;;Veicolo in marcia contro veicolo fermo;Rettilineo;Una carreggiata a senso unico di marcia;Asciutto;Asfaltata;Verticale ed orizzontale;Sereno;Normale;Buona;;2;0;0;0;12.4563;41.8994;-1;2;Autovettura privata;In marcia / fermata / arresto;Conducente;M;Rifiuta cure immediate;0;NON DECEDUTO;Non accertato;Inesploso
5749851;10;19/12/2021 14:00:00;Strada Urbana;VIA TUSCOLANA;in prossimit�;;del palo luce n.;522;;Tamponamento;Rettilineo;Due carreggiate;Asciutto;Asfaltata;Verticale ed orizzontale;Sereno;Normale;Buona;;1;0;0;1;12.6056;41.8346;-1;1;Autovettura privata;In marcia / fermata / arresto;Conducente;M;Rimandato;0;NON DECEDUTO;Non accertato;Inesploso
5749851;10;19/12/2021 14:00:00;Strada Urbana;VIA TUSCOLANA;in prossimit�;;del palo luce n.;522;;Tamponamento;Rettilineo;Due carreggiate;Asciutto;Asfaltata;Verticale ed orizzontale;Sereno;Normale;Buona;;1;0;0;1;12.6056;41.8346;-1;2;Autovettura privata;In marcia / fermata / arresto;Conducente;M;Illeso;0;;Non accertato;Inesploso
5749852;20;19/12/2021 12:00:00;Strada Urbana;VIA LOMAZZO;in prossimit�;;del civico n.;9;;Veicolo in marcia che urta buche nella carreggiata;Rettilineo;Una carreggiata a doppio senso;Asciutto;Asfaltata;Assente;Sereno;Scarso;Sufficiente;;0;0;0;1;12.4686;42.0225;-1;1;Autovettura privata;In marcia / fermata / arresto;Conducente;M;Illeso;0;;Non accertato;Inesploso
5749854;19;17/12/2021 16:20:00;Strada Urbana;VIA LEONARDO BIANCHI;all'intersezione con;VIA DI TORREVECCHIA;VIA DI TORREVECCHIA;;;Veicolo in marcia contro veicolo arresto;Incrocio;Una carreggiata a senso unico di marcia;Asciutto;Asfaltata;Orizzontale;Sereno;Normale;Buona;;1;0;0;2;12.4224;41.9363;-1;1;Autocarro inferiore 35 q.;In marcia / fermata / arresto;Conducente;M;Illeso;0;;Non accertato;Inesploso
5749854;19;17/12/2021 16:20:00;Strada Urbana;VIA LEONARDO BIANCHI;all'intersezione con;VIA DI TORREVECCHIA;VIA DI TORREVECCHIA;;;Veicolo in marcia contro veicolo arresto;Incrocio;Una carreggiata a senso unico di marcia;Asciutto;Asfaltata;Orizzontale;Sereno;Normale;Buona;;1;0;0;2;12.4224;41.9363;-1;1;Autocarro inferiore 35 q.;In marcia / fermata / arresto;Passeggero;F;Illeso;0;;Non accertato;Inesploso
5749854;19;17/12/2021 16:20:00;Strada Urbana;VIA LEONARDO BIANCHI;all'intersezione con;VIA DI TORREVECCHIA;VIA DI TORREVECCHIA;;;Veicolo in marcia contro veicolo arresto;Incrocio;Una carreggiata a senso unico di marcia;Asciutto;Asfaltata;Orizzontale;Sereno;Normale;Buona;;1;0;0;2;12.4224;41.9363;-1;2;Autovettura privata;In marcia / fermata / arresto;Conducente;F;Rimandato;0;NON DECEDUTO;Non accertato;Inesploso
5749856;15;19/12/2021 19:00:00;Strada Urbana;VIA GIOVANNI CASELLI;in corrispondenza;;del civico n.;47;;Veicolo in marcia contro veicolo in sosta;Rettilineo;Due carreggiate;Asciutto;Asfaltata;Verticale ed orizzontale;Sereno;Scarso;Buona;;0;0;0;0;12.4632;41.8695;-1;1;Autovettura privata;Sosta;;;;;;;
5749856;15;19/12/2021 19:00:00;Strada Urbana;VIA GIOVANNI CASELLI;in corrispondenza;;del civico n.;47;;Veicolo in marcia contro veicolo in sosta;Rettilineo;Due carreggiate;Asciutto;Asfaltata;Verticale ed orizzontale;Sereno;Scarso;Buona;;0;0;0;0;12.4632;41.8695;-1;2;Autovettura privata;In marcia / fermata / arresto;;;;;;;
5749862;20;19/12/2021 12:30:00;Strada Urbana;VIA DI PONTE TRAVE;da specificare;;;;VIA DI VALLE CORAZZA;Veicolo in marcia contro ostacolo accidentale;Rettilineo;Una carreggiata a doppio senso;Asciutto;Asfaltata;Orizzontale;Sereno;Scarso;Buona;;0;0;0;1;12.3329;42.0736;-1;1;Autovettura privata;In marcia / fermata / arresto;Conducente;F;Illeso;0;;Non accertato;Inesploso
5749863;1;19/12/2021 17:25:00;Strada Urbana;LUNGOTEVERE DEI SANGALLO;all'intersezione con;LARGO DEI FIORENTINI;LARGO DEI FIORENTINI;;;Scontro frontale/laterale DX fra veicoli in marcia;Incrocio;Due carreggiate;Asciutto;Asfaltata;Verticale ed orizzontale;Sereno;Intenso;Buona;;1;0;0;1;12.4653;41.8979;-1;1;Autovettura privata;In marcia / fermata / arresto;Conducente;M;Illeso;0;;Non accertato;Inesploso
5749863;1;19/12/2021 17:25:00;Strada Urbana;LUNGOTEVERE DEI SANGALLO;all'intersezione con;LARGO DEI FIORENTINI;LARGO DEI FIORENTINI;;;Scontro frontale/laterale DX fra veicoli in marcia;Incrocio;Due carreggiate;Asciutto;Asfaltata;Verticale ed orizzontale;Sereno;Intenso;Buona;;1;0;0;1;12.4653;41.8979;-1;2;Motociclo a solo;In marcia / fermata / arresto;Conducente;M;Rimandato;0;NON DECEDUTO;Non accertato;
5749865;15;19/12/2021 09:35:00;Strada Urbana;VIA DEGLI ADIMARI;in corrispondenza;;del civico n.;132;;Veicolo in marcia contro veicolo in sosta;Rettilineo;Una carreggiata a senso unico di marcia;Asciutto;Asfaltata;Assente;Sereno;Normale;Buona;;0;0;0;2;12.4253;41.8543;-1;1;Autovettura privata;Sosta;Passeggero;M;Illeso;0;;Non accertato;
5749865;15;19/12/2021 09:35:00;Strada Urbana;VIA DEGLI ADIMARI;in corrispondenza;;del civico n.;132;;Veicolo in marcia contro veicolo in sosta;Rettilineo;Una carreggiata a senso unico di marcia;Asciutto;Asfaltata;Assente;Sereno;Normale;Buona;;0;0;0;2;12.4253;41.8543;-1;2;Autovettura privata;In marcia / fermata / arresto;Conducente;M;Illeso;0;;Non accertato;
5749866;4;18/12/2021 17:30:00;Strada Urbana;VIALE TIRRENO;in corrispondenza;;del civico n.;108;;Investimento di pedone;Rettilineo;Due carreggiate;Asciutto;Asfaltata;Verticale ed orizzontale;Sereno;Normale;Buona;;1;0;0;1;12.5304;41.9387;-1;;;;Pedone;F;Rifiuta cure immediate;0;NON DECEDUTO;;
5749866;4;18/12/2021 17:30:00;Strada Urbana;VIALE TIRRENO;in corrispondenza;;del civico n.;108;;Investimento di pedone;Rettilineo;Due carreggiate;Asciutto;Asfaltata;Verticale ed orizzontale;Sereno;Normale;Buona;;1;0;0;1;12.5304;41.9387;-1;1;Ciclomotore;In marcia / fermata / arresto;Conducente;M;Illeso;0;;Non accertato;
5749871;15;19/12/2021 03:30:00;Strada Urbana;VIA GAETANO RAPPINI;in corrispondenza;;del civico n.;1;;Veicolo in marcia contro veicoli in sosta;Rettilineo;Una carreggiata a senso unico di marcia;Asciutto;Asfaltata;Orizzontale;Sereno;Scarso;Buona;;1;0;0;0;12.4534;41.8625;-1;1;Autovettura privata;In marcia / fermata / arresto;Conducente;M;Rimandato;0;NON DECEDUTO;Non accertato;Inesploso
5749871;15;19/12/2021 03:30:00;Strada Urbana;VIA GAETANO RAPPINI;in corrispondenza;;del civico n.;1;;Veicolo in marcia contro veicoli in sosta;Rettilineo;Una carreggiata a senso unico di marcia;Asciutto;Asfaltata;Orizzontale;Sereno;Scarso;Buona;;1;0;0;0;12.4534;41.8625;-1;2;Autovettura privata;Sosta;;;;;;;
5749871;15;19/12/2021 03:30:00;Strada Urbana;VIA GAETANO RAPPINI;in corrispondenza;;del civico n.;1;;Veicolo in marcia contro veicoli in sosta;Rettilineo;Una carreggiata a senso unico di marcia;Asciutto;Asfaltata;Orizzontale;Sereno;Scarso;Buona;;1;0;0;0;12.4534;41.8625;-1;3;Autovettura privata;Sosta;;;;;;;
5749871;15;19/12/2021 03:30:00;Strada Urbana;VIA GAETANO RAPPINI;in corrispondenza;;del civico n.;1;;Veicolo in marcia contro veicoli in sosta;Rettilineo;Una carreggiata a senso unico di marcia;Asciutto;Asfaltata;Orizzontale;Sereno;Scarso;Buona;;1;0;0;0;12.4534;41.8625;-1;4;Autovettura privata;Sosta;;;;;;;
5749878;1;19/12/2021 20:20:00;Strada Urbana;CORSO VITTORIO EMANUELE II;all'intersezione con;VIA CERRI;VIA CERRI;;;Scontro frontale/laterale SX fra veicoli in marcia;Incrocio;Una carreggiata a doppio senso;Asciutto;Asfaltata;Verticale ed orizzontale;Sereno;Normale;Buona;;1;0;0;1;12.47;41.8975;-1;1;Autovettura pubblica;In marcia / fermata / arresto;Conducente;M;Illeso;0;;Non accertato;Inesploso
5749878;1;19/12/2021 20:20:00;Strada Urbana;CORSO VITTORIO EMANUELE II;all'intersezione con;VIA CERRI;VIA CERRI;;;Scontro frontale/laterale SX fra veicoli in marcia;Incrocio;Una carreggiata a doppio senso;Asciutto;Asfaltata;Verticale ed orizzontale;Sereno;Normale;Buona;;1;0;0;1;12.47;41.8975;-1;2;Motociclo a solo;In marcia / fermata / arresto;Conducente;M;Rimandato;0;NON DECEDUTO;Non accertato;
5749879;10;19/12/2021 14:30:00;Strada Urbana;VIA ANAGNINA;all'intersezione semaforizzata con;VIA DI CASAL MORENA;VIA DI CASAL MORENA;;;Scontro laterale fra veicoli in marcia;Intersezione semaforizzata;Due carreggiate;Asciutto;Asfaltata;Verticale ed orizzontale;Sereno;Normale;Buona;;0;0;0;2;12.6186;41.8153;-1;1;Autovettura privata;In marcia / fermata / arresto;Conducente;M;Illeso;0;;Non accertato;Inesploso
5749879;10;19/12/2021 14:30:00;Strada Urbana;VIA ANAGNINA;all'intersezione semaforizzata con;VIA DI CASAL MORENA;VIA DI CASAL MORENA;;;Scontro laterale fra veicoli in marcia;Intersezione semaforizzata;Due carreggiate;Asciutto;Asfaltata;Verticale ed orizzontale;Sereno;Normale;Buona;;0;0;0;2;12.6186;41.8153;-1;1;Autovettura privata;In marcia / fermata / arresto;Passeggero;F;Illeso;0;;Non accertato;Inesploso
5749879;10;19/12/2021 14:30:00;Strada Urbana;VIA ANAGNINA;all'intersezione semaforizzata con;VIA DI CASAL MORENA;VIA DI CASAL MORENA;;;Scontro laterale fra veicoli in marcia;Intersezione semaforizzata;Due carreggiate;Asciutto;Asfaltata;Verticale ed orizzontale;Sereno;Normale;Buona;;0;0;0;2;12.6186;41.8153;-1;2;Autovettura privata;In marcia / fermata / arresto;;;;;;;
5749882;5;17/12/2021 08:35:00;Strada Urbana;VIA TIBURTINA;all'intersezione con;VIA RAFFAELE MAJETTI;VIA RAFFAELE MAJETTI;;;Scontro laterale fra veicoli in marcia;Incrocio;Una carreggiata a doppio senso;Asciutto;Asfaltata;Verticale ed orizzontale;Sereno;Normale;Buona;;0;0;0;2;12.5739;41.9257;-1;1;Autovettura privata;In marcia / fermata / arresto;Conducente;F;Illeso;0;;Non accertato;Inesploso
5749882;5;17/12/2021 08:35:00;Strada Urbana;VIA TIBURTINA;all'intersezione con;VIA RAFFAELE MAJETTI;VIA RAFFAELE MAJETTI;;;Scontro laterale fra veicoli in marcia;Incrocio;Una carreggiata a doppio senso;Asciutto;Asfaltata;Verticale ed orizzontale;Sereno;Normale;Buona;;0;0;0;2;12.5739;41.9257;-1;2;Motociclo a solo;In marcia / fermata / arresto;Conducente;M;Illeso;0;;Non accertato;
5749892;5;17/12/2021 10:00:00;Strada Urbana;VIALE PALMIRO TOGLIATTI;in prossimit�;;del civico n.;1501;;Scontro frontale/laterale SX fra veicoli in marcia;Rettilineo;Pi� di due carreggiate;Asciutto;Asfaltata;Verticale ed orizzontale;Sereno;Normale;Buona;;1;0;0;1;12.5703;41.9128;-1;1;Autovettura privata;In marcia / fermata / arresto;Conducente;M;Illeso;0;;Non accertato;
5749892;5;17/12/2021 10:00:00;Strada Urbana;VIALE PALMIRO TOGLIATTI;in prossimit�;;del civico n.;1501;;Scontro frontale/laterale SX fra veicoli in marcia;Rettilineo;Pi� di due carreggiate;Asciutto;Asfaltata;Verticale ed orizzontale;Sereno;Normale;Buona;;1;0;0;1;12.5703;41.9128;-1;2;Motociclo a solo;In marcia / fermata / arresto;Conducente;F;Rimandato;0;NON DECEDUTO;Non accertato;
5749896;19;17/12/2021 20:35:00;Strada Urbana;VIA ILARIO CORTE;all'intersezione con;VIA GIUSEPPE BIADEGO;VIA GIUSEPPE BIADEGO;;;Scontro laterale fra veicoli in marcia;Incrocio;Una carreggiata a doppio senso;Asciutto;Asfaltata;Verticale;Sereno;Scarso;Buona;;0;0;0;2;12.397;41.9542;-1;1;Autovettura privata;In marcia / fermata / arresto;Conducente;M;Illeso;0;;Non accertato;
5749896;19;17/12/2021 20:35:00;Strada Urbana;VIA ILARIO CORTE;all'intersezione con;VIA GIUSEPPE BIADEGO;VIA GIUSEPPE BIADEGO;;;Scontro laterale fra veicoli in marcia;Incrocio;Una carreggiata a doppio senso;Asciutto;Asfaltata;Verticale;Sereno;Scarso;Buona;;0;0;0;2;12.397;41.9542;-1;2;Autovettura privata;In marcia / fermata / arresto;Conducente;M;Illeso;0;;;
5749901;20;19/12/2021 05:10:00;Regionale;VIA FLAMINIA;in corrispondenza;;della chilometrica;21.35;;Veicolo in marcia contro animale;Rettilineo;Una carreggiata a doppio senso;Asciutto;Asfaltata;Verticale ed orizzontale;Sereno;Scarso;Buona;;0;0;0;1;12.4718;41.9419;-1;1;Autovettura privata;In marcia / fermata / arresto;Conducente;M;Illeso;0;;Non accertato;
5749903;20;18/12/2021 14:10:00;Strada Urbana;VIA MANFREDI AZZARITA;in corrispondenza;;del civico n.;1;;Scontro laterale fra veicoli in marcia;Rettilineo;Una carreggiata a doppio senso;Asciutto;Asfaltata;Verticale;Sereno;Scarso;Buona;;0;0;0;2;12.4469;41.9625;-1;1;Autovettura privata;In marcia / fermata / arresto;Conducente;M;Illeso;0;;;
5749903;20;18/12/2021 14:10:00;Strada Urbana;VIA MANFREDI AZZARITA;in corrispondenza;;del civico n.;1;;Scontro laterale fra veicoli in marcia;Rettilineo;Una carreggiata a doppio senso;Asciutto;Asfaltata;Verticale;Sereno;Scarso;Buona;;0;0;0;2;12.4469;41.9625;-1;2;Motociclo a solo;In marcia / fermata / arresto;Conducente;M;Illeso;0;;Non accertato;
5749910;5;17/12/2021 12:15:00;Strada Urbana;LARGO NINO FRANCHELLUCCI;in prossimit�;;del civico n.;7;;Veicolo in marcia contro veicolo in sosta;Rettilineo;Una carreggiata a doppio senso;Asciutto;Asfaltata;Verticale ed orizzontale;Sereno;Scarso;Buona;;0;0;0;1;12.573;41.9113;-1;1;Autovettura privata;In marcia / fermata / arresto;Conducente;M;Illeso;0;;Non accertato;
5749910;5;17/12/2021 12:15:00;Strada Urbana;LARGO NINO FRANCHELLUCCI;in prossimit�;;del civico n.;7;;Veicolo in marcia contro veicolo in sosta;Rettilineo;Una carreggiata a doppio senso;Asciutto;Asfaltata;Verticale ed orizzontale;Sereno;Scarso;Buona;;0;0;0;1;12.573;41.9113;-1;2;Autovettura privata;Sosta;;;;;;;
5749914;20;18/12/2021 08:30:00;Strada Urbana;VIA DI GROTTAROSSA;da specificare;;;;prossimit� fermata bus 73247;Scontro frontale/laterale SX fra veicoli in marcia;Rettilineo;Una carreggiata a doppio senso;Asciutto;Asfaltata;Verticale ed orizzontale;Sereno;Normale;Buona;;0;0;0;3;12.4629;41.9744;-1;1;Autovettura privata;In marcia / fermata / arresto;Conducente;M;Illeso;0;;Non accertato;
5749914;20;18/12/2021 08:30:00;Strada Urbana;VIA DI GROTTAROSSA;da specificare;;;;prossimit� fermata bus 73247;Scontro frontale/laterale SX fra veicoli in marcia;Rettilineo;Una carreggiata a doppio senso;Asciutto;Asfaltata;Verticale ed orizzontale;Sereno;Normale;Buona;;0;0;0;3;12.4629;41.9744;-1;1;Autovettura privata;In marcia / fermata / arresto;Passeggero;M;Illeso;0;;Non accertato;
5749914;20;18/12/2021 08:30:00;Strada Urbana;VIA DI GROTTAROSSA;da specificare;;;;prossimit� fermata bus 73247;Scontro frontale/laterale SX fra veicoli in marcia;Rettilineo;Una carreggiata a doppio senso;Asciutto;Asfaltata;Verticale ed orizzontale;Sereno;Normale;Buona;;0;0;0;3;12.4629;41.9744;-1;2;Autovettura privata;In marcia / fermata / arresto;Conducente;M;Illeso;0;;Non accertato;
5749918;4;18/12/2021 21:00:00;Strada Urbana;VIA DELLA BUFALOTTA;all'intersezione con;VIA FEDERICO TOZZI;VIA FEDERICO TOZZI;;;Scontro frontale/laterale DX fra veicoli in marcia;Intersezione stradale segnalata;Una carreggiata a doppio senso;Asciutto;Asfaltata;Verticale ed orizzontale;Sereno;Normale;Buona;;0;0;0;2;12.5499;41.9676;-1;1;Autovettura privata;In marcia / fermata / arresto;Conducente;M;Illeso;0;;;
5749918;4;18/12/2021 21:00:00;Strada Urbana;VIA DELLA BUFALOTTA;all'intersezione con;VIA FEDERICO TOZZI;VIA FEDERICO TOZZI;;;Scontro frontale/laterale DX fra veicoli in marcia;Intersezione stradale segnalata;Una carreggiata a doppio senso;Asciutto;Asfaltata;Verticale ed orizzontale;Sereno;Normale;Buona;;0;0;0;2;12.5499;41.9676;-1;2;Autovettura privata;In marcia / fermata / arresto;Conducente;M;Illeso;0;;Non accertato;
5749922;4;18/12/2021 16:30:00;Provinciale;VIA NOMENTANA;da specificare;;;;pross.t� civ. 1141 dir. FONTE NUOVA ;Tamponamento;Curva a visuale libera;Una carreggiata a doppio senso;Asciutto;Asfaltata;Verticale ed orizzontale;Sereno;Intenso;Buona;;0;0;0;3;12.5779;41.9564;-1;1;Autovettura privata;In marcia / fermata / arresto;Conducente;F;Illeso;0;;Non accertato;Inesploso
5749922;4;18/12/2021 16:30:00;Provinciale;VIA NOMENTANA;da specificare;;;;pross.t� civ. 1141 dir. FONTE NUOVA ;Tamponamento;Curva a visuale libera;Una carreggiata a doppio senso;Asciutto;Asfaltata;Verticale ed orizzontale;Sereno;Intenso;Buona;;0;0;0;3;12.5779;41.9564;-1;1;Autovettura privata;In marcia / fermata / arresto;Passeggero;F;Illeso;0;;;
5749922;4;18/12/2021 16:30:00;Provinciale;VIA NOMENTANA;da specificare;;;;pross.t� civ. 1141 dir. FONTE NUOVA ;Tamponamento;Curva a visuale libera;Una carreggiata a doppio senso;Asciutto;Asfaltata;Verticale ed orizzontale;Sereno;Intenso;Buona;;0;0;0;3;12.5779;41.9564;-1;2;Autocarro inferiore 35 q.;In marcia / fermata / arresto;Conducente;M;Illeso;0;;Non accertato;Inesploso
5749926;10;19/12/2021 15:40:00;Strada Urbana;VIALE LUIGI SCHIAVONETTI;in prossimit�;;del palo luce n.;93;;Veicolo in marcia che urta buche nella carreggiata;Rettilineo;Pi� di due carreggiate;Asciutto;Asfaltata;Verticale ed orizzontale;Sereno;Normale;Buona;;0;0;0;1;12.6124;41.8466;-1;1;Autovettura privata;In marcia / fermata / arresto;Conducente;F;Illeso;0;;Non accertato;Inesploso
5749928;18;18/12/2021 18:45:00;Strada Urbana;VIA DOMENICO TARDINI;in corrispondenza;;del civico n.;5;;Tamponamento;Rettilineo;Una carreggiata a senso unico di marcia;Asciutto;Asfaltata;Verticale ed orizzontale;Sereno;Normale;Buona;;0;0;0;2;;;0;1;Autovettura privata;In marcia / fermata / arresto;Conducente;M;Illeso;0;;;
5749928;18;18/12/2021 18:45:00;Strada Urbana;VIA DOMENICO TARDINI;in corrispondenza;;del civico n.;5;;Tamponamento;Rettilineo;Una carreggiata a senso unico di marcia;Asciutto;Asfaltata;Verticale ed orizzontale;Sereno;Normale;Buona;;0;0;0;2;;;0;2;Autovettura privata;In marcia / fermata / arresto;Conducente;;Illeso;0;;;
5749929;19;18/12/2021 15:30:00;Strada Urbana;VIA ANDERSEN;da specificare;;;;altezza Via del Quartaccio;Fuoriuscita dalla sede stradale;Curva a visuale libera;Una carreggiata a doppio senso;Asciutto;Asfaltata;Orizzontale;Sereno;Scarso;Buona;;1;0;0;0;12.3945;41.9187;-1;1;Motociclo a solo;In marcia / fermata / arresto;Conducente;F;Rimandato;0;NON DECEDUTO;;
5749933;2;18/12/2021 11:00:00;Strada Urbana;VIA ANIENE;in prossimit�;;del civico n.;14;;Veicolo in marcia contro veicolo in sosta;Rettilineo;Una carreggiata a senso unico di marcia;Asciutto;Asfaltata;Verticale ed orizzontale;Sereno;Scarso;Buona;;0;0;0;1;12.4971;41.9117;-1;1;Autovettura privata;Sosta;;;;;;;
5749933;2;18/12/2021 11:00:00;Strada Urbana;VIA ANIENE;in prossimit�;;del civico n.;14;;Veicolo in marcia contro veicolo in sosta;Rettilineo;Una carreggiata a senso unico di marcia;Asciutto;Asfaltata;Verticale ed orizzontale;Sereno;Scarso;Buona;;0;0;0;1;12.4971;41.9117;-1;2;Autovettura privata;In marcia / fermata / arresto;Conducente;F;Illeso;0;;Non accertato;Inesploso
5749934;5;17/12/2021 17:15:00;Strada Urbana;VIA DEI MONTI TIBURTINI;da specificare;;;;altezza VIA DEI DURANTINI;Scontro laterale fra veicoli in marcia;Rettilineo;Due carreggiate;Asciutto;Asfaltata;Verticale ed orizzontale;Sereno;Intenso;Buona;;0;0;0;2;12.5428;41.9169;-1;1;Autovettura privata;In marcia / fermata / arresto;Conducente;M;Illeso;0;;Non accertato;
5749934;5;17/12/2021 17:15:00;Strada Urbana;VIA DEI MONTI TIBURTINI;da specificare;;;;altezza VIA DEI DURANTINI;Scontro laterale fra veicoli in marcia;Rettilineo;Due carreggiate;Asciutto;Asfaltata;Verticale ed orizzontale;Sereno;Intenso;Buona;;0;0;0;2;12.5428;41.9169;-1;2;Motociclo a solo;In marcia / fermata / arresto;Conducente;M;Illeso;0;;Non accertato;
5749935;2;18/12/2021 13:30:00;Strada Urbana;PIAZZA CRATI;all'intersezione con;VIA NEMORENSE;VIA NEMORENSE;;;Scontro frontale/laterale DX fra veicoli in marcia;Incrocio;Una carreggiata a doppio senso;Asciutto;Asfaltata;Verticale ed orizzontale;Sereno;Normale;Buona;;0;0;0;3;12.51;41.9265;-1;1;Autovettura privata;In marcia / fermata / arresto;Conducente;M;Illeso;0;;Non accertato;Inesploso
5749935;2;18/12/2021 13:30:00;Strada Urbana;PIAZZA CRATI;all'intersezione con;VIA NEMORENSE;VIA NEMORENSE;;;Scontro frontale/laterale DX fra veicoli in marcia;Incrocio;Una carreggiata a doppio senso;Asciutto;Asfaltata;Verticale ed orizzontale;Sereno;Normale;Buona;;0;0;0;3;12.51;41.9265;-1;1;Autovettura privata;In marcia / fermata / arresto;Passeggero;F;Illeso;0;;Non accertato;Inesploso
5749935;2;18/12/2021 13:30:00;Strada Urbana;PIAZZA CRATI;all'intersezione con;VIA NEMORENSE;VIA NEMORENSE;;;Scontro frontale/laterale DX fra veicoli in marcia;Incrocio;Una carreggiata a doppio senso;Asciutto;Asfaltata;Verticale ed orizzontale;Sereno;Normale;Buona;;0;0;0;3;12.51;41.9265;-1;2;Autobus urbano;In marcia / fermata / arresto;Conducente;M;Illeso;0;;Non accertato;Inesploso
5749939;2;18/12/2021 15:10:00;Strada Urbana;CORSO TRIESTE;in prossimit�;;del civico n.;173;;Tamponamento;Rettilineo;Due carreggiate;Asciutto;Asfaltata;Verticale ed orizzontale;Sereno;Normale;Buona;;1;0;0;1;12.5147;41.9235;-1;1;Autovettura privata;In marcia / fermata / arresto;Conducente;F;Illeso;0;;;
5749939;2;18/12/2021 15:10:00;Strada Urbana;CORSO TRIESTE;in prossimit�;;del civico n.;173;;Tamponamento;Rettilineo;Due carreggiate;Asciutto;Asfaltata;Verticale ed orizzontale;Sereno;Normale;Buona;;1;0;0;1;12.5147;41.9235;-1;2;Ciclomotore;In marcia / fermata / arresto;Conducente;F;Rimandato;0;NON DECEDUTO;;
5749943;19;18/12/2021 05:00:00;Strada Urbana;VIA ELIO DONATO;da specificare;;;;prossimit� fronte civico 4;Veicolo in marcia contro veicolo in sosta;Rettilineo;Una carreggiata a senso unico di marcia;Asciutto;Asfaltata;Verticale ed orizzontale;Sereno;Scarso;Buona;;0;0;0;0;12.4429;41.913;-1;1;Autovettura privata;Sosta;;;;;;;
5749943;19;18/12/2021 05:00:00;Strada Urbana;VIA ELIO DONATO;da specificare;;;;prossimit� fronte civico 4;Veicolo in marcia contro veicolo in sosta;Rettilineo;Una carreggiata a senso unico di marcia;Asciutto;Asfaltata;Verticale ed orizzontale;Sereno;Scarso;Buona;;0;0;0;0;12.4429;41.913;-1;2;Autovettura privata;Allontanatosi;;;;;;;