Protocollo;Gruppo;DataOraIncidente;Localizzazione1;STRADA1;Localizzazione2;STRADA2;Strada02;Chilometrica;DaSpecificare;NaturaIncidente;particolaritastrade;TipoStrada;FondoStradale;Pavimentazione;Segnaletica;CondizioneAtmosferica;Traffico;Visibilita;Illuminazione;NUM_FERITI;NUM_RISERVATA;NUM_MORTI;NUM_ILLESI;Longitudine;Latitudine;Confermato;Progressivo;TipoVeicolo;StatoVeicolo;TipoPersona;Sesso;Tipolesione;Deceduto;DecedutoDopo;CinturaCascoUtilizzato;Airbag;
5751398;8;20/12/2021 13:40:00;Strada Urbana;VIA AMICO ASPERTINI;all'intersezione con;VIA DEL FUOCO SACRO;VIA DEL FUOCO SACRO;;;Scontro frontale/laterale SX fra veicoli in marcia;Intersezione stradale segnalata;Una carreggiata a doppio senso;Asciutto;Asfaltata;Verticale ed orizzontale;Sereno;Normale;Buona;;1;0;0;1;12.6299;41.8728;-1;1;Motociclo a solo;In marcia / fermata / arresto;Conducente;M;Rimandato;0;NON DECEDUTO;;
5751398;8;20/12/2021 13:40:00;Strada Urbana;VIA AMICO ASPERTINI;all'intersezione con;VIA DEL FUOCO SACRO;VIA DEL FUOCO SACRO;;;Scontro frontale/laterale SX fra veicoli in marcia;Intersezione stradale segnalata;Una carreggiata a doppio senso;Asciutto;Asfaltata;Verticale ed orizzontale;Sereno;Normale;Buona;;1;0;0;1;12.6299;41.8728;-1;2;Autovettura privata;In marcia / fermata / arresto;Conducente;F;Illeso;0;;;
5751403;9;20/12/2021 20:30:00;Strada Urbana;VIA PISTOIA;all'intersezione con;VIA TERNI;VIA TERNI;;;Scontro laterale fra veicoli in marcia;Incrocio;Una carreggiata a doppio senso;Asciutto;Asfaltata;Verticale ed orizzontale;Sereno;Scarso;Buona;;1;0;0;1;12.5194;41.8848;-1;1;Autovettura privata;In marcia / fermata / arresto;Conducente;M;Illeso;0;;Non accertato;Inesploso
5751403;9;20/12/2021 20:30:00;Strada Urbana;VIA PISTOIA;all'intersezione con;VIA TERNI;VIA TERNI;;;Scontro laterale fra veicoli in marcia;Incrocio;Una carreggiata a doppio senso;Asciutto;Asfaltata;Verticale ed orizzontale;Sereno;Scarso;Buona;;1;0;0;1;12.5194;41.8848;-1;2;Motociclo con passeggero;In marcia / fermata / arresto;Conducente;M;Rimandato;0;NON DECEDUTO;Non accertato;
5751405;8;20/12/2021 16:20:00;Strada Urbana;VIA FIUMEFREDDO DI SICILIA;all'intersezione con;VIA PALAGONIA;VIA PALAGONIA;;;Scontro frontale/laterale DX fra veicoli in marcia;Incrocio;Una carreggiata a doppio senso;Asciutto;Asfaltata;Verticale;Sereno;Normale;Buona;;3;0;0;0;12.6526;41.8775;-1;1;Autovettura privata;In marcia / fermata / arresto;Conducente;M;Rifiuta cure immediate;0;NON DECEDUTO;;
5751405;8;20/12/2021 16:20:00;Strada Urbana;VIA FIUMEFREDDO DI SICILIA;all'intersezione con;VIA PALAGONIA;VIA PALAGONIA;;;Scontro frontale/laterale DX fra veicoli in marcia;Incrocio;Una carreggiata a doppio senso;Asciutto;Asfaltata;Verticale;Sereno;Normale;Buona;;3;0;0;0;12.6526;41.8775;-1;1;Autovettura privata;In marcia / fermata / arresto;Passeggero;F;Rifiuta cure immediate;0;NON DECEDUTO;;
5751405;8;20/12/2021 16:20:00;Strada Urbana;VIA FIUMEFREDDO DI SICILIA;all'intersezione con;VIA PALAGONIA;VIA PALAGONIA;;;Scontro frontale/laterale DX fra veicoli in marcia;Incrocio;Una carreggiata a doppio senso;Asciutto;Asfaltata;Verticale;Sereno;Normale;Buona;;3;0;0;0;12.6526;41.8775;-1;2;Autovettura privata;In marcia / fermata / arresto;Conducente;F;Rifiuta cure immediate;0;NON DECEDUTO;;
5751423;20;20/12/2021 21:00:00;Strada Urbana;PIAZZA LAURO DE BOSIS;all'intersezione semaforizzata con;PONTE DUCA D'AOSTA;PONTE DUCA D'AOSTA;;;Scontro laterale fra veicoli in marcia;Intersezione semaforizzata;Due carreggiate;Asciutto;Asfaltata;Verticale ed orizzontale;Sereno;Normale;Buona;;0;0;0;2;12.4586;41.9317;-1;1;Autovettura privata;In marcia / fermata / arresto;Conducente;F;Illeso;0;;Non accertato;Inesploso
5751423;20;20/12/2021 21:00:00;Strada Urbana;PIAZZA LAURO DE BOSIS;all'intersezione semaforizzata con;PONTE DUCA D'AOSTA;PONTE DUCA D'AOSTA;;;Scontro laterale fra veicoli in marcia;Intersezione semaforizzata;Due carreggiate;Asciutto;Asfaltata;Verticale ed orizzontale;Sereno;Normale;Buona;;0;0;0;2;12.4586;41.9317;-1;2;Autovettura privata;In marcia / fermata / arresto;Conducente;M;Illeso;0;;Non accertato;Inesploso
5751427;8;20/12/2021 18:10:00;Strada Urbana;VIA DI LUNGHEZZA;all'intersezione con;VIA POGGIO SANNITA;VIA POGGIO SANNITA;;;Scontro frontale/laterale DX fra veicoli in marcia;Intersezione stradale segnalata;Una carreggiata a doppio senso;Asciutto;Asfaltata;Verticale ed orizzontale;Sereno;Normale;Buona;;0;0;0;2;12.6722;41.923;-1;1;Autovettura privata;In marcia / fermata / arresto;Conducente;F;Illeso;0;;Non accertato;Inesploso
5751427;8;20/12/2021 18:10:00;Strada Urbana;VIA DI LUNGHEZZA;all'intersezione con;VIA POGGIO SANNITA;VIA POGGIO SANNITA;;;Scontro frontale/laterale DX fra veicoli in marcia;Intersezione stradale segnalata;Una carreggiata a doppio senso;Asciutto;Asfaltata;Verticale ed orizzontale;Sereno;Normale;Buona;;0;0;0;2;12.6722;41.923;-1;2;Autovettura privata;In marcia / fermata / arresto;Conducente;M;Illeso;0;;Non accertato;Inesploso
5751431;8;20/12/2021 21:10:00;Strada Urbana;VIA DI GIARDINETTI;all'intersezione con;VIA EMILIANO DEGLI ORFINI;VIA EMILIANO DEGLI ORFINI;;;Veicolo in marcia contro veicoli in sosta;Intersezione stradale segnalata;Una carreggiata a senso unico di marcia;Asciutto;Asfaltata;Verticale;Sereno;Scarso;Buona;;0;0;0;1;12.6033;41.8605;-1;1;Autobus di linea;In marcia / fermata / arresto;Conducente;M;Illeso;0;;Non accertato;Inesploso
5751431;8;20/12/2021 21:10:00;Strada Urbana;VIA DI GIARDINETTI;all'intersezione con;VIA EMILIANO DEGLI ORFINI;VIA EMILIANO DEGLI ORFINI;;;Veicolo in marcia contro veicoli in sosta;Intersezione stradale segnalata;Una carreggiata a senso unico di marcia;Asciutto;Asfaltata;Verticale;Sereno;Scarso;Buona;;0;0;0;1;12.6033;41.8605;-1;2;Autovettura privata;Sosta;;;;;;;
5751431;8;20/12/2021 21:10:00;Strada Urbana;VIA DI GIARDINETTI;all'intersezione con;VIA EMILIANO DEGLI ORFINI;VIA EMILIANO DEGLI ORFINI;;;Veicolo in marcia contro veicoli in sosta;Intersezione stradale segnalata;Una carreggiata a senso unico di marcia;Asciutto;Asfaltata;Verticale;Sereno;Scarso;Buona;;0;0;0;1;12.6033;41.8605;-1;3;Autovettura privata;Sosta;;;;;;;
5751434;10;20/12/2021 09:30:00;Strada Urbana;VIALE LUIGI SCHIAVONETTI;in corrispondenza;;del civico n.;286;;Ribaltamento senza urto contro ostacolo fisso;Rettilineo;Una carreggiata a senso unico di marcia;Ghiacciato;Asfaltata;Verticale ed orizzontale;Sereno;Scarso;Buona;;1;0;0;0;12.6173;41.8454;-1;1;Motociclo a solo;In marcia / fermata / arresto;Conducente;M;Rimandato;0;NON DECEDUTO;Non accertato;
5751436;8;20/12/2021 22:45:00;Strada Urbana;VIALE PIETRO ANDERLONI;in prossimit�;;del palo luce n.;4;;Veicolo in marcia contro veicoli in sosta;Rettilineo;Una carreggiata a senso unico di marcia;Asciutto;Asfaltata;Verticale ed orizzontale;Sereno;Scarso;Buona;;0;0;0;3;12.6298;41.8747;-1;1;Autovettura privata;In marcia / fermata / arresto;Conducente;M;Illeso;0;;;
5751436;8;20/12/2021 22:45:00;Strada Urbana;VIALE PIETRO ANDERLONI;in prossimit�;;del palo luce n.;4;;Veicolo in marcia contro veicoli in sosta;Rettilineo;Una carreggiata a senso unico di marcia;Asciutto;Asfaltata;Verticale ed orizzontale;Sereno;Scarso;Buona;;0;0;0;3;12.6298;41.8747;-1;1;Autovettura privata;In marcia / fermata / arresto;Passeggero;F;Illeso;0;;;
5751436;8;20/12/2021 22:45:00;Strada Urbana;VIALE PIETRO ANDERLONI;in prossimit�;;del palo luce n.;4;;Veicolo in marcia contro veicoli in sosta;Rettilineo;Una carreggiata a senso unico di marcia;Asciutto;Asfaltata;Verticale ed orizzontale;Sereno;Scarso;Buona;;0;0;0;3;12.6298;41.8747;-1;1;Autovettura privata;In marcia / fermata / arresto;Passeggero;M;Illeso;0;;;
5751436;8;20/12/2021 22:45:00;Strada Urbana;VIALE PIETRO ANDERLONI;in prossimit�;;del palo luce n.;4;;Veicolo in marcia contro veicoli in sosta;Rettilineo;Una carreggiata a senso unico di marcia;Asciutto;Asfaltata;Verticale ed orizzontale;Sereno;Scarso;Buona;;0;0;0;3;12.6298;41.8747;-1;2;Autovettura privata;Sosta;;;;;;;
5751436;8;20/12/2021 22:45:00;Strada Urbana;VIALE PIETRO ANDERLONI;in prossimit�;;del palo luce n.;4;;Veicolo in marcia contro veicoli in sosta;Rettilineo;Una carreggiata a senso unico di marcia;Asciutto;Asfaltata;Verticale ed orizzontale;Sereno;Scarso;Buona;;0;0;0;3;12.6298;41.8747;-1;3;Autovettura privata;Sosta;;;;;;;
5751450;17;18/12/2021 11:35:00;Strada Urbana;VIA ENNIO QUIRINO VISCONTI;in prossimit�;;del civico n.;20;;Tamponamento;Rettilineo;Una carreggiata a senso unico di marcia;Asciutto;Asfaltata;Verticale ed orizzontale;Sereno;Normale;Buona;;0;0;0;2;12.4702;41.9077;-1;1;Autovettura privata;In marcia / fermata / arresto;Conducente;M;Illeso;0;;;
5751450;17;18/12/2021 11:35:00;Strada Urbana;VIA ENNIO QUIRINO VISCONTI;in prossimit�;;del civico n.;20;;Tamponamento;Rettilineo;Una carreggiata a senso unico di marcia;Asciutto;Asfaltata;Verticale ed orizzontale;Sereno;Normale;Buona;;0;0;0;2;12.4702;41.9077;-1;1;Autovettura privata;In marcia / fermata / arresto;Passeggero;F;Illeso;0;;;
5751450;17;18/12/2021 11:35:00;Strada Urbana;VIA ENNIO QUIRINO VISCONTI;in prossimit�;;del civico n.;20;;Tamponamento;Rettilineo;Una carreggiata a senso unico di marcia;Asciutto;Asfaltata;Verticale ed orizzontale;Sereno;Normale;Buona;;0;0;0;2;12.4702;41.9077;-1;2;Autovettura privata;Allontanatosi;;;;;;;
5751457;19;20/12/2021 21:00:00;Strada Urbana;VIALE DELLE MEDAGLIE D'ORO;in prossimit�;;del civico n.;99;;Scontro laterale fra veicoli in marcia;Rettilineo;Una carreggiata a doppio senso;Asciutto;Asfaltata;Verticale ed orizzontale;Sereno;Normale;Sufficiente;;0;0;0;3;12.4444;41.9112;-1;1;Autovettura privata;In marcia / fermata / arresto;Conducente;F;Illeso;0;;Non accertato;Inesploso
5751457;19;20/12/2021 21:00:00;Strada Urbana;VIALE DELLE MEDAGLIE D'ORO;in prossimit�;;del civico n.;99;;Scontro laterale fra veicoli in marcia;Rettilineo;Una carreggiata a doppio senso;Asciutto;Asfaltata;Verticale ed orizzontale;Sereno;Normale;Sufficiente;;0;0;0;3;12.4444;41.9112;-1;1;Autovettura privata;In marcia / fermata / arresto;Passeggero;F;Illeso;0;;Non accertato;Inesploso
5751457;19;20/12/2021 21:00:00;Strada Urbana;VIALE DELLE MEDAGLIE D'ORO;in prossimit�;;del civico n.;99;;Scontro laterale fra veicoli in marcia;Rettilineo;Una carreggiata a doppio senso;Asciutto;Asfaltata;Verticale ed orizzontale;Sereno;Normale;Sufficiente;;0;0;0;3;12.4444;41.9112;-1;2;Motociclo a solo;In marcia / fermata / arresto;Conducente;M;Illeso;0;;Non accertato;
5751459;20;21/12/2021 04:00:00;Strada Urbana;VIALE DI TOR DI QUINTO;in prossimit�;;del civico n.;119;;Veicolo in marcia contro ostacolo fisso;Curva a visuale libera;Una carreggiata a senso unico di marcia;Asciutto;Asfaltata;Verticale ed orizzontale;Sereno;Scarso;Buona;;1;0;0;0;12.4863;41.9453;-1;1;Autovettura privata;In marcia / fermata / arresto;Conducente;F;Rimandato;0;NON DECEDUTO;Non accertato;
5751461;20;20/12/2021 08:10:00;Strada Urbana;VIALE GEMONA DEL FRIULI;da specificare;;;;all'altezza della fermata ATAC 71926;Veicolo in marcia contro veicoli in arresto;Rettilineo;Due carreggiate;Asciutto;Asfaltata;Verticale ed orizzontale;Sole radente;Scarso;Buona;;2;0;0;2;12.4796;41.9938;-1;1;Autovettura privata;In marcia / fermata / arresto;Conducente;F;Rimandato;0;NON DECEDUTO;Non accertato;Inesploso
5751461;20;20/12/2021 08:10:00;Strada Urbana;VIALE GEMONA DEL FRIULI;da specificare;;;;all'altezza della fermata ATAC 71926;Veicolo in marcia contro veicoli in arresto;Rettilineo;Due carreggiate;Asciutto;Asfaltata;Verticale ed orizzontale;Sole radente;Scarso;Buona;;2;0;0;2;12.4796;41.9938;-1;2;Autovettura privata;In marcia / fermata / arresto;Conducente;F;Rimandato;0;NON DECEDUTO;Non accertato;Inesploso
5751461;20;20/12/2021 08:10:00;Strada Urbana;VIALE GEMONA DEL FRIULI;da specificare;;;;all'altezza della fermata ATAC 71926;Veicolo in marcia contro veicoli in arresto;Rettilineo;Due carreggiate;Asciutto;Asfaltata;Verticale ed orizzontale;Sole radente;Scarso;Buona;;2;0;0;2;12.4796;41.9938;-1;3;Autovettura privata;In marcia / fermata / arresto;Conducente;F;Illeso;0;;Non accertato;Inesploso
5751461;20;20/12/2021 08:10:00;Strada Urbana;VIALE GEMONA DEL FRIULI;da specificare;;;;all'altezza della fermata ATAC 71926;Veicolo in marcia contro veicoli in arresto;Rettilineo;Due carreggiate;Asciutto;Asfaltata;Verticale ed orizzontale;Sole radente;Scarso;Buona;;2;0;0;2;12.4796;41.9938;-1;3;Autovettura privata;In marcia / fermata / arresto;Passeggero;M;Illeso;0;;Non accertato;Inesploso
5751475;10;20/12/2021 09:40:00;Strada Urbana;VIA DEL CALICE;all'intersezione con;VIA CARFIZZI;VIA CARFIZZI;;;Scontro laterale fra veicoli in marcia;Incrocio;Una carreggiata a doppio senso;Asciutto;Asfaltata;Verticale ed orizzontale;Sereno;Normale;Buona;;0;0;0;3;12.5627;41.8343;-1;1;Autovettura privata;In marcia / fermata / arresto;Conducente;F;Illeso;0;;Non accertato;Inesploso
5751475;10;20/12/2021 09:40:00;Strada Urbana;VIA DEL CALICE;all'intersezione con;VIA CARFIZZI;VIA CARFIZZI;;;Scontro laterale fra veicoli in marcia;Incrocio;Una carreggiata a doppio senso;Asciutto;Asfaltata;Verticale ed orizzontale;Sereno;Normale;Buona;;0;0;0;3;12.5627;41.8343;-1;2;Autovettura privata;In marcia / fermata / arresto;Conducente;F;Illeso;0;;Non accertato;Inesploso
5751475;10;20/12/2021 09:40:00;Strada Urbana;VIA DEL CALICE;all'intersezione con;VIA CARFIZZI;VIA CARFIZZI;;;Scontro laterale fra veicoli in marcia;Incrocio;Una carreggiata a doppio senso;Asciutto;Asfaltata;Verticale ed orizzontale;Sereno;Normale;Buona;;0;0;0;3;12.5627;41.8343;-1;2;Autovettura privata;In marcia / fermata / arresto;Passeggero;M;Illeso;0;;Non accertato;Inesploso
5751481;5;20/12/2021 08:00:00;Strada Urbana;VIA TIBURTINA;da specificare;;;;prossimit� VIA MOROLO;Scontro laterale fra veicoli in marcia;Rettilineo;Due carreggiate;Asciutto;Asfaltata;Verticale ed orizzontale;Sereno;Intenso;Buona;;0;0;0;3;12.619;41.9375;-1;1;Autovettura privata;In marcia / fermata / arresto;Conducente;F;Illeso;0;;Non accertato;
5751481;5;20/12/2021 08:00:00;Strada Urbana;VIA TIBURTINA;da specificare;;;;prossimit� VIA MOROLO;Scontro laterale fra veicoli in marcia;Rettilineo;Due carreggiate;Asciutto;Asfaltata;Verticale ed orizzontale;Sereno;Intenso;Buona;;0;0;0;3;12.619;41.9375;-1;1;Autovettura privata;In marcia / fermata / arresto;Passeggero;M;Illeso;0;;Non accertato;Inesploso
5751481;5;20/12/2021 08:00:00;Strada Urbana;VIA TIBURTINA;da specificare;;;;prossimit� VIA MOROLO;Scontro laterale fra veicoli in marcia;Rettilineo;Due carreggiate;Asciutto;Asfaltata;Verticale ed orizzontale;Sereno;Intenso;Buona;;0;0;0;3;12.619;41.9375;-1;2;Autocarro inferiore 35 q.;In marcia / fermata / arresto;Conducente;M;Illeso;0;;Non accertato;
5751484;13;20/12/2021 09:00:00;;VIALE FRA' ANDREA DI GIOVANNI;all'intersezione con;VIA GABRIELLA RASPONI;VIA GABRIELLA RASPONI;;;Tamponamento;;;;;;;;;;0;0;0;2;;;0;1;Autovettura privata;In marcia / fermata / arresto;Conducente;M;Illeso;0;;;
5751484;13;20/12/2021 09:00:00;;VIALE FRA' ANDREA DI GIOVANNI;all'intersezione con;VIA GABRIELLA RASPONI;VIA GABRIELLA RASPONI;;;Tamponamento;;;;;;;;;;0;0;0;2;;;0;1;Autovettura privata;In marcia / fermata / arresto;Passeggero;M;Illeso;0;;;
5751484;13;20/12/2021 09:00:00;;VIALE FRA' ANDREA DI GIOVANNI;all'intersezione con;VIA GABRIELLA RASPONI;VIA GABRIELLA RASPONI;;;Tamponamento;;;;;;;;;;0;0;0;2;;;0;2;Autovettura privata;Allontanatosi;;;;;;;
5751485;4;20/12/2021 08:35:00;Strada Urbana;VIA NOMENTANA;in prossimit�;;del civico n.;869;;Investimento di pedone;Rettilineo;Una carreggiata a doppio senso;Asciutto;Asfaltata;Verticale ed orizzontale;Sereno;Intenso;Sufficiente;;1;0;0;2;12.5533;41.9416;-1;;;;Pedone;F;Rimandato;0;NON DECEDUTO;;
5751485;4;20/12/2021 08:35:00;Strada Urbana;VIA NOMENTANA;in prossimit�;;del civico n.;869;;Investimento di pedone;Rettilineo;Una carreggiata a doppio senso;Asciutto;Asfaltata;Verticale ed orizzontale;Sereno;Intenso;Sufficiente;;1;0;0;2;12.5533;41.9416;-1;1;Motociclo con passeggero;In marcia / fermata / arresto;Conducente;M;Illeso;0;;;
5751485;4;20/12/2021 08:35:00;Strada Urbana;VIA NOMENTANA;in prossimit�;;del civico n.;869;;Investimento di pedone;Rettilineo;Una carreggiata a doppio senso;Asciutto;Asfaltata;Verticale ed orizzontale;Sereno;Intenso;Sufficiente;;1;0;0;2;12.5533;41.9416;-1;1;Motociclo con passeggero;In marcia / fermata / arresto;Passeggero;M;Illeso;0;;;
5751501;10;20/12/2021 07:50:00;Strada Urbana;VIA TUSCOLANA;in corrispondenza;;del civico n.;807;;Scontro frontale/laterale DX fra veicoli in marcia;Rettilineo;Due carreggiate;Asciutto;Asfaltata;Verticale ed orizzontale;Sereno;Normale;Buona;;0;0;0;2;12.5584;41.8593;-1;1;Autovettura privata;In marcia / fermata / arresto;Conducente;M;Illeso;0;;Non accertato;Inesploso
5751501;10;20/12/2021 07:50:00;Strada Urbana;VIA TUSCOLANA;in corrispondenza;;del civico n.;807;;Scontro frontale/laterale DX fra veicoli in marcia;Rettilineo;Due carreggiate;Asciutto;Asfaltata;Verticale ed orizzontale;Sereno;Normale;Buona;;0;0;0;2;12.5584;41.8593;-1;2;Autocarro superiore 35 q.;In marcia / fermata / arresto;Conducente;M;Illeso;0;;Non accertato;Inesploso
5751502;6;20/12/2021 20:05:00;Strada Urbana;VIA CASILINA;in corrispondenza;;del civico n.;364;;Scontro laterale fra veicoli in marcia;Rettilineo;Una carreggiata a senso unico di marcia;Asciutto;Asfaltata;Assente;Sereno;Normale;Sufficiente;;2;0;0;1;12.5409;41.8805;-1;1;Autovettura privata;In marcia / fermata / arresto;Conducente;M;Rimandato;0;NON DECEDUTO;Non accertato;Esploso
5751502;6;20/12/2021 20:05:00;Strada Urbana;VIA CASILINA;in corrispondenza;;del civico n.;364;;Scontro laterale fra veicoli in marcia;Rettilineo;Una carreggiata a senso unico di marcia;Asciutto;Asfaltata;Assente;Sereno;Normale;Sufficiente;;2;0;0;1;12.5409;41.8805;-1;2;Autovettura privata;In marcia / fermata / arresto;Conducente;M;Illeso;0;;Non accertato;Inesploso
5751502;6;20/12/2021 20:05:00;Strada Urbana;VIA CASILINA;in corrispondenza;;del civico n.;364;;Scontro laterale fra veicoli in marcia;Rettilineo;Una carreggiata a senso unico di marcia;Asciutto;Asfaltata;Assente;Sereno;Normale;Sufficiente;;2;0;0;1;12.5409;41.8805;-1;3;Autovettura privata;In marcia / fermata / arresto;Conducente;M;Rimandato;0;NON DECEDUTO;Non accertato;Esploso
5751513;20;20/12/2021 14:20:00;Strada Urbana;VIA FLAMINIA NUOVA;in prossimit�;;del civico n.;243;;Veicolo in marcia contro veicolo in sosta;Rettilineo;Due carreggiate;Asciutto;Asfaltata;Assente;Nuvoloso;Normale;Sufficiente;;0;0;0;0;12.4714;41.9507;-1;1;Veicolo ignoto perch� FUGA;Allontanatosi;;;;;;;
5751513;20;20/12/2021 14:20:00;Strada Urbana;VIA FLAMINIA NUOVA;in prossimit�;;del civico n.;243;;Veicolo in marcia contro veicolo in sosta;Rettilineo;Due carreggiate;Asciutto;Asfaltata;Assente;Nuvoloso;Normale;Sufficiente;;0;0;0;0;12.4714;41.9507;-1;2;Autovettura privata;Sosta;;;;;;;
5751518;1;20/12/2021 18:20:00;Strada Urbana;VIALE MANZONI;all'intersezione semaforizzata con;VIA DI S. CROCE IN GERUSALEMME;VIA DI S. CROCE IN GERUSALEMME;;;Scontro laterale fra veicoli in marcia;Incrocio;Una carreggiata a doppio senso;Asciutto;Asfaltata;Verticale ed orizzontale;Sereno;Normale;Buona;;0;0;0;2;12.5079;41.8913;-1;1;Autovettura privata;In marcia / fermata / arresto;Conducente;M;Illeso;0;;;
5751518;1;20/12/2021 18:20:00;Strada Urbana;VIALE MANZONI;all'intersezione semaforizzata con;VIA DI S. CROCE IN GERUSALEMME;VIA DI S. CROCE IN GERUSALEMME;;;Scontro laterale fra veicoli in marcia;Incrocio;Una carreggiata a doppio senso;Asciutto;Asfaltata;Verticale ed orizzontale;Sereno;Normale;Buona;;0;0;0;2;12.5079;41.8913;-1;2;Autovettura privata;In marcia / fermata / arresto;Conducente;M;Illeso;0;;;
5751522;5;20/12/2021 08:30:00;Strada Urbana;VIA TIBURTINA;da specificare;;;;altezza VIA DEI CLUNIACENSI;Infortunio per sola frenata improvvisa;Rettilineo;Pi� di due carreggiate;Asciutto;Asfaltata;Verticale ed orizzontale;Sereno;Normale;Buona;;1;0;0;0;12.5443;41.9086;-1;1;Motociclo con passeggero;In marcia / fermata / arresto;Conducente;F;Rimandato;0;NON DECEDUTO;Non accertato;
5751535;5;20/12/2021 11:35:00;Strada Urbana;VIA ALBERTO ASQUINI;all'intersezione con;VIA FRANCESCO CALASSO;VIA FRANCESCO CALASSO;;;Scontro laterale fra veicoli in marcia;Incrocio;Una carreggiata a senso unico di marcia;Asciutto;Asfaltata;Verticale ed orizzontale;Sereno;Normale;Buona;;0;0;0;3;12.5881;41.9456;-1;1;Autovettura privata;In marcia / fermata / arresto;Conducente;M;Illeso;0;;Non accertato;
5751535;5;20/12/2021 11:35:00;Strada Urbana;VIA ALBERTO ASQUINI;all'intersezione con;VIA FRANCESCO CALASSO;VIA FRANCESCO CALASSO;;;Scontro laterale fra veicoli in marcia;Incrocio;Una carreggiata a senso unico di marcia;Asciutto;Asfaltata;Verticale ed orizzontale;Sereno;Normale;Buona;;0;0;0;3;12.5881;41.9456;-1;2;Motociclo con passeggero;In marcia / fermata / arresto;Conducente;F;Illeso;0;;Non accertato;
5751535;5;20/12/2021 11:35:00;Strada Urbana;VIA ALBERTO ASQUINI;all'intersezione con;VIA FRANCESCO CALASSO;VIA FRANCESCO CALASSO;;;Scontro laterale fra veicoli in marcia;Incrocio;Una carreggiata a senso unico di marcia;Asciutto;Asfaltata;Verticale ed orizzontale;Sereno;Normale;Buona;;0;0;0;3;12.5881;41.9456;-1;2;Motociclo con passeggero;In marcia / fermata / arresto;Passeggero;M;Illeso;0;;Non accertato;
5751542;20;20/12/2021 12:40:00;Strada Urbana;VIA FLAMINIA NUOVA;in prossimit�;;della chilometrica;9.1;;Tamponamento Multiplo;Curva a visuale libera;Due carreggiate;Asciutto;Asfaltata;Verticale ed orizzontale;Nuvoloso;Normale;Buona;;1;0;0;2;12.4792;41.9609;-1;1;Autovettura privata;In marcia / fermata / arresto;Conducente;M;Illeso;0;;Non accertato;Inesploso
5751542;20;20/12/2021 12:40:00;Strada Urbana;VIA FLAMINIA NUOVA;in prossimit�;;della chilometrica;9.1;;Tamponamento Multiplo;Curva a visuale libera;Due carreggiate;Asciutto;Asfaltata;Verticale ed orizzontale;Nuvoloso;Normale;Buona;;1;0;0;2;12.4792;41.9609;-1;2;Autovettura privata;In marcia / fermata / arresto;Conducente;F;Rimandato;0;NON DECEDUTO;Non accertato;Inesploso
5751542;20;20/12/2021 12:40:00;Strada Urbana;VIA FLAMINIA NUOVA;in prossimit�;;della chilometrica;9.1;;Tamponamento Multiplo;Curva a visuale libera;Due carreggiate;Asciutto;Asfaltata;Verticale ed orizzontale;Nuvoloso;Normale;Buona;;1;0;0;2;12.4792;41.9609;-1;3;Autovettura privata;In marcia / fermata / arresto;Conducente;M;Illeso;0;;Non accertato;Inesploso
5751544;5;20/12/2021 08:30:00;Strada Urbana;VIALE PALMIRO TOGLIATTI;da specificare;;;;altezza rampa inversione direzione Prenestina;Veicolo in marcia contro ostacolo accidentale;Rettilineo;Due carreggiate;Asciutto;Asfaltata;Verticale ed orizzontale;Sereno;Normale;Buona;;1;0;0;0;12.5732;41.9058;-1;1;Motociclo a solo;In marcia / fermata / arresto;Conducente;M;Rimandato;0;NON DECEDUTO;;
5751547;10;20/12/2021 08:55:00;Strada Urbana;VIA FRANCESCO ANTOLISEI;all'intersezione con;VIA ARRIGO CAVAGLIERI;VIA ARRIGO CAVAGLIERI;;;Scontro frontale/laterale DX fra veicoli in marcia;Incrocio;Due carreggiate;Asciutto;Asfaltata;Verticale;Sereno;Normale;Buona;;0;0;0;2;12.6067;41.8481;-1;1;Autovettura privata;In marcia / fermata / arresto;Conducente;M;Illeso;0;;Non accertato;Inesploso
5751547;10;20/12/2021 08:55:00;Strada Urbana;VIA FRANCESCO ANTOLISEI;all'intersezione con;VIA ARRIGO CAVAGLIERI;VIA ARRIGO CAVAGLIERI;;;Scontro frontale/laterale DX fra veicoli in marcia;Incrocio;Due carreggiate;Asciutto;Asfaltata;Verticale;Sereno;Normale;Buona;;0;0;0;2;12.6067;41.8481;-1;2;Autovettura privata;In marcia / fermata / arresto;Conducente;M;Illeso;0;;Non accertato;Inesploso
5751548;5;20/12/2021 12:05:00;Strada Urbana;VIA CRESCENZIO CONTE DI SABINA;all'intersezione con;VIA TROILO IL GRANDE;VIA TROILO IL GRANDE;;;Scontro laterale fra veicoli in marcia;Incrocio;Una carreggiata a senso unico di marcia;Asciutto;Asfaltata;Verticale;Sereno;Normale;Buona;;0;0;0;3;12.6011;41.9482;-1;1;Autovettura privata;In marcia / fermata / arresto;Conducente;M;Illeso;0;;Non accertato;Inesploso
5751548;5;20/12/2021 12:05:00;Strada Urbana;VIA CRESCENZIO CONTE DI SABINA;all'intersezione con;VIA TROILO IL GRANDE;VIA TROILO IL GRANDE;;;Scontro laterale fra veicoli in marcia;Incrocio;Una carreggiata a senso unico di marcia;Asciutto;Asfaltata;Verticale;Sereno;Normale;Buona;;0;0;0;3;12.6011;41.9482;-1;1;Autovettura privata;In marcia / fermata / arresto;Passeggero;F;Illeso;0;;Non accertato;Inesploso