Protocollo;Gruppo;DataOraIncidente;Localizzazione1;STRADA1;Localizzazione2;STRADA2;Strada02;Chilometrica;DaSpecificare;NaturaIncidente;particolaritastrade;TipoStrada;FondoStradale;Pavimentazione;Segnaletica;CondizioneAtmosferica;Traffico;Visibilita;Illuminazione;NUM_FERITI;NUM_RISERVATA;NUM_MORTI;NUM_ILLESI;Longitudine;Latitudine;Confermato;Progressivo;TipoVeicolo;StatoVeicolo;TipoPersona;Sesso;Tipolesione;Deceduto;DecedutoDopo;CinturaCascoUtilizzato;Airbag;
5752559;12;21/12/2021 15:10:00;Strada Urbana;VIA GROTTE DI PENSERONI;da specificare;;;;prossimit� Via di Trigoria;Scontro frontale/laterale SX fra veicoli in marcia;Curva senza visuale libera;Una carreggiata a doppio senso;Asciutto;Asfaltata;Verticale ed orizzontale;Sereno;Normale;Buona;;0;0;0;3;12.4739;41.7551;-1;1;Autovettura privata;In marcia / fermata / arresto;Passeggero;F;Illeso;0;;;
5752559;12;21/12/2021 15:10:00;Strada Urbana;VIA GROTTE DI PENSERONI;da specificare;;;;prossimit� Via di Trigoria;Scontro frontale/laterale SX fra veicoli in marcia;Curva senza visuale libera;Una carreggiata a doppio senso;Asciutto;Asfaltata;Verticale ed orizzontale;Sereno;Normale;Buona;;0;0;0;3;12.4739;41.7551;-1;2;Autocarro inferiore 35 q.;In marcia / fermata / arresto;Conducente;M;Illeso;0;;;
5752592;2;21/12/2021 15:50:00;Strada Urbana;VIA CLITUNNO;in corrispondenza;;del civico n.;13;;Investimento di pedone;Rettilineo;Una carreggiata a senso unico di marcia;Asciutto;Asfaltata;Verticale ed orizzontale;Sereno;Normale;Buona;;1;0;0;2;12.5025;41.9207;-1;;;;Pedone;F;Ricoverato;0;NON DECEDUTO;;
5752592;2;21/12/2021 15:50:00;Strada Urbana;VIA CLITUNNO;in corrispondenza;;del civico n.;13;;Investimento di pedone;Rettilineo;Una carreggiata a senso unico di marcia;Asciutto;Asfaltata;Verticale ed orizzontale;Sereno;Normale;Buona;;1;0;0;2;12.5025;41.9207;-1;1;Autovettura privata;In marcia / fermata / arresto;Conducente;F;Illeso;0;;;
5752592;2;21/12/2021 15:50:00;Strada Urbana;VIA CLITUNNO;in corrispondenza;;del civico n.;13;;Investimento di pedone;Rettilineo;Una carreggiata a senso unico di marcia;Asciutto;Asfaltata;Verticale ed orizzontale;Sereno;Normale;Buona;;1;0;0;2;12.5025;41.9207;-1;1;Autovettura privata;In marcia / fermata / arresto;Passeggero;F;Illeso;0;;;
5752629;1;09/12/2021 18:15:00;Strada Urbana;VIALE DI TRASTEVERE;in prossimit�;;del civico n.;32;;Veicolo in marcia che urta buche nella carreggiata;Rettilineo;Una carreggiata a doppio senso;Asciutto;Asfaltata;Verticale ed orizzontale;Sereno;Normale;Buona;;1;0;0;0;12.4731;41.8877;-1;1;Velocipede;In marcia / fermata / arresto;Conducente;M;Rimandato;0;NON DECEDUTO;Esente;
5752649;1;11/12/2021 21:20:00;;VIA CERNAIA;da specificare;;;;.;Investimento di pedone;;;;;;;;;;1;0;0;0;12.4986;41.9057;0;;;;Pedone;M;Rimandato;0;NON DECEDUTO;;
5752649;1;11/12/2021 21:20:00;;VIA CERNAIA;da specificare;;;;.;Investimento di pedone;;;;;;;;;;1;0;0;0;12.4986;41.9057;0;1;Autovettura privata;In marcia / fermata / arresto;;;;;;;
5752976;8;21/12/2021 07:55:00;Strada Urbana;VIA ENDIMIONE;da specificare;;;;fronte civico 1;Tamponamento;Rettilineo;Una carreggiata a doppio senso;Asciutto;Asfaltata;Verticale ed orizzontale;Sereno;Normale;Buona;;0;0;0;2;12.6201;41.8736;-1;1;Autovettura privata;In marcia / fermata / arresto;Conducente;M;Illeso;0;;;
5752976;8;21/12/2021 07:55:00;Strada Urbana;VIA ENDIMIONE;da specificare;;;;fronte civico 1;Tamponamento;Rettilineo;Una carreggiata a doppio senso;Asciutto;Asfaltata;Verticale ed orizzontale;Sereno;Normale;Buona;;0;0;0;2;12.6201;41.8736;-1;2;Autovettura privata;In marcia / fermata / arresto;Conducente;F;Illeso;0;;;
5752984;8;21/12/2021 10:50:00;Strada Urbana;VIA BORGHESIANA;all'intersezione con;VIA ROCCALUMERA;VIA ROCCALUMERA;;;Scontro frontale/laterale DX fra veicoli in marcia;Incrocio;Una carreggiata a doppio senso;Asciutto;Asfaltata;Verticale ed orizzontale;Sereno;Normale;Buona;;2;0;0;1;12.6686;41.883;-1;1;Autobus urbano;In marcia / fermata / arresto;Conducente;F;Rifiuta cure immediate;0;NON DECEDUTO;Non accertato;Inesploso
5752984;8;21/12/2021 10:50:00;Strada Urbana;VIA BORGHESIANA;all'intersezione con;VIA ROCCALUMERA;VIA ROCCALUMERA;;;Scontro frontale/laterale DX fra veicoli in marcia;Incrocio;Una carreggiata a doppio senso;Asciutto;Asfaltata;Verticale ed orizzontale;Sereno;Normale;Buona;;2;0;0;1;12.6686;41.883;-1;2;Autovettura privata;In marcia / fermata / arresto;Conducente;M;Illeso;0;;Non accertato;Inesploso
5752984;8;21/12/2021 10:50:00;Strada Urbana;VIA BORGHESIANA;all'intersezione con;VIA ROCCALUMERA;VIA ROCCALUMERA;;;Scontro frontale/laterale DX fra veicoli in marcia;Incrocio;Una carreggiata a doppio senso;Asciutto;Asfaltata;Verticale ed orizzontale;Sereno;Normale;Buona;;2;0;0;1;12.6686;41.883;-1;3;Autovettura privata;In marcia / fermata / arresto;Conducente;F;Rimandato;0;NON DECEDUTO;Non accertato;Inesploso
5752992;8;21/12/2021 10:50:00;Strada Urbana;VIA RAOUL CHIODELLI;in prossimit�;;del civico n.;210;;Scontro laterale fra veicoli in marcia;Rettilineo;Due carreggiate;Asciutto;Asfaltata;Verticale ed orizzontale;Sereno;Normale;Buona;;2;0;0;1;12.6627;41.9077;-1;1;Autovettura privata;In marcia / fermata / arresto;Conducente;M;Illeso;0;;;
5752992;8;21/12/2021 10:50:00;Strada Urbana;VIA RAOUL CHIODELLI;in prossimit�;;del civico n.;210;;Scontro laterale fra veicoli in marcia;Rettilineo;Due carreggiate;Asciutto;Asfaltata;Verticale ed orizzontale;Sereno;Normale;Buona;;2;0;0;1;12.6627;41.9077;-1;2;Autocarro inferiore 35 q.;In marcia / fermata / arresto;Conducente;M;Rifiuta cure immediate;0;NON DECEDUTO;;
5752992;8;21/12/2021 10:50:00;Strada Urbana;VIA RAOUL CHIODELLI;in prossimit�;;del civico n.;210;;Scontro laterale fra veicoli in marcia;Rettilineo;Due carreggiate;Asciutto;Asfaltata;Verticale ed orizzontale;Sereno;Normale;Buona;;2;0;0;1;12.6627;41.9077;-1;2;Autocarro inferiore 35 q.;In marcia / fermata / arresto;Passeggero;M;Rifiuta cure immediate;0;NON DECEDUTO;;
5753000;9;21/12/2021 19:00:00;Strada Urbana;VIA TOMMASO FORTIFIOCCA;da specificare;;;;prossimit� VIA RAFFAELE DE CESARE;Investimento di pedone;Rettilineo;Una carreggiata a doppio senso;Asciutto;Asfaltata;Verticale ed orizzontale;Sereno;Intenso;Buona;;1;0;0;1;12.5222;41.8713;-1;;;;Pedone;M;Rimandato;0;NON DECEDUTO;;
5753000;9;21/12/2021 19:00:00;Strada Urbana;VIA TOMMASO FORTIFIOCCA;da specificare;;;;prossimit� VIA RAFFAELE DE CESARE;Investimento di pedone;Rettilineo;Una carreggiata a doppio senso;Asciutto;Asfaltata;Verticale ed orizzontale;Sereno;Intenso;Buona;;1;0;0;1;12.5222;41.8713;-1;1;Autovettura privata;In marcia / fermata / arresto;Conducente;M;Illeso;0;;Non accertato;Inesploso
5753002;11;21/12/2021 08:15:00;Strada Urbana;VIALE ERMINIO SPALLA;all'intersezione con;VIA FULVIO BERNARDINI;VIA FULVIO BERNARDINI;;;Scontro laterale fra veicoli in marcia;Intersezione non regolata/non segnalata;Due carreggiate;Asciutto;Asfaltata;Verticale ed orizzontale;Sereno;Normale;Buona;;0;0;0;4;12.514;41.8323;-1;1;Autovettura privata;In marcia / fermata / arresto;Conducente;M;Illeso;0;;;
5753002;11;21/12/2021 08:15:00;Strada Urbana;VIALE ERMINIO SPALLA;all'intersezione con;VIA FULVIO BERNARDINI;VIA FULVIO BERNARDINI;;;Scontro laterale fra veicoli in marcia;Intersezione non regolata/non segnalata;Due carreggiate;Asciutto;Asfaltata;Verticale ed orizzontale;Sereno;Normale;Buona;;0;0;0;4;12.514;41.8323;-1;1;Autovettura privata;In marcia / fermata / arresto;Passeggero;M;Illeso;0;;;
5753002;11;21/12/2021 08:15:00;Strada Urbana;VIALE ERMINIO SPALLA;all'intersezione con;VIA FULVIO BERNARDINI;VIA FULVIO BERNARDINI;;;Scontro laterale fra veicoli in marcia;Intersezione non regolata/non segnalata;Due carreggiate;Asciutto;Asfaltata;Verticale ed orizzontale;Sereno;Normale;Buona;;0;0;0;4;12.514;41.8323;-1;1;Autovettura privata;In marcia / fermata / arresto;Passeggero;M;Illeso;0;;;
5753002;11;21/12/2021 08:15:00;Strada Urbana;VIALE ERMINIO SPALLA;all'intersezione con;VIA FULVIO BERNARDINI;VIA FULVIO BERNARDINI;;;Scontro laterale fra veicoli in marcia;Intersezione non regolata/non segnalata;Due carreggiate;Asciutto;Asfaltata;Verticale ed orizzontale;Sereno;Normale;Buona;;0;0;0;4;12.514;41.8323;-1;2;Motociclo a solo;In marcia / fermata / arresto;Conducente;M;Illeso;0;;;
5753005;7;21/12/2021 11:40:00;Strada Urbana;VIA PAPIRIA;all'intersezione con;VIA CALPURNIO PISONE;VIA CALPURNIO PISONE;;;Scontro frontale/laterale SX fra veicoli in marcia;Incrocio;Una carreggiata a doppio senso;Asciutto;Asfaltata;Verticale ed orizzontale;Sereno;Intenso;Buona;;1;0;0;2;12.5623;41.8634;-1;1;Autovettura privata;In marcia / fermata / arresto;Conducente;M;Illeso;0;;Utilizzato;Inesistente
5753005;7;21/12/2021 11:40:00;Strada Urbana;VIA PAPIRIA;all'intersezione con;VIA CALPURNIO PISONE;VIA CALPURNIO PISONE;;;Scontro frontale/laterale SX fra veicoli in marcia;Incrocio;Una carreggiata a doppio senso;Asciutto;Asfaltata;Verticale ed orizzontale;Sereno;Intenso;Buona;;1;0;0;2;12.5623;41.8634;-1;2;Motociclo a solo;In marcia / fermata / arresto;Conducente;M;Rimandato;0;NON DECEDUTO;Utilizzato;
5753005;7;21/12/2021 11:40:00;Strada Urbana;VIA PAPIRIA;all'intersezione con;VIA CALPURNIO PISONE;VIA CALPURNIO PISONE;;;Scontro frontale/laterale SX fra veicoli in marcia;Incrocio;Una carreggiata a doppio senso;Asciutto;Asfaltata;Verticale ed orizzontale;Sereno;Intenso;Buona;;1;0;0;2;12.5623;41.8634;-1;2;Motociclo a solo;In marcia / fermata / arresto;Passeggero;M;Illeso;0;;Utilizzato;
5753005;7;21/12/2021 11:40:00;Strada Urbana;VIA PAPIRIA;all'intersezione con;VIA CALPURNIO PISONE;VIA CALPURNIO PISONE;;;Scontro frontale/laterale SX fra veicoli in marcia;Incrocio;Una carreggiata a doppio senso;Asciutto;Asfaltata;Verticale ed orizzontale;Sereno;Intenso;Buona;;1;0;0;2;12.5623;41.8634;-1;3;Autovettura privata;Sosta;;;;;;;
5753017;8;21/12/2021 17:00:00;Strada Urbana;VIA DEL FONTANILE DI CARCARICOLA;da specificare;;;;prossimit� ponte autostrada dir. via STANFORD;Scontro laterale fra veicoli in marcia;Rettilineo;Una carreggiata a doppio senso;Asciutto;Asfaltata;Orizzontale;Sereno;Intenso;Buona;;0;0;0;3;12.6077;41.8525;-1;1;Autovettura privata;In marcia / fermata / arresto;Conducente;M;Illeso;0;;Non accertato;Inesploso
5753017;8;21/12/2021 17:00:00;Strada Urbana;VIA DEL FONTANILE DI CARCARICOLA;da specificare;;;;prossimit� ponte autostrada dir. via STANFORD;Scontro laterale fra veicoli in marcia;Rettilineo;Una carreggiata a doppio senso;Asciutto;Asfaltata;Orizzontale;Sereno;Intenso;Buona;;0;0;0;3;12.6077;41.8525;-1;1;Autovettura privata;In marcia / fermata / arresto;Passeggero;F;Illeso;0;;Non accertato;Inesploso
5753017;8;21/12/2021 17:00:00;Strada Urbana;VIA DEL FONTANILE DI CARCARICOLA;da specificare;;;;prossimit� ponte autostrada dir. via STANFORD;Scontro laterale fra veicoli in marcia;Rettilineo;Una carreggiata a doppio senso;Asciutto;Asfaltata;Orizzontale;Sereno;Intenso;Buona;;0;0;0;3;12.6077;41.8525;-1;2;Autovettura privata;Allontanatosi;Conducente;M;Illeso;0;;Non accertato;Inesploso
5753042;11;21/12/2021 09:15:00;Strada Urbana;VIA OSTIENSE;in corrispondenza;;del civico n.;170;;Scontro frontale/laterale DX fra veicoli in marcia;Rettilineo;Pi� di due carreggiate;Asciutto;Asfaltata;Verticale ed orizzontale;Sereno;Normale;Buona;;1;0;0;0;12.4784;41.8637;-1;1;Motociclo a solo;In marcia / fermata / arresto;Conducente;M;Rimandato;0;NON DECEDUTO;;
5753042;11;21/12/2021 09:15:00;Strada Urbana;VIA OSTIENSE;in corrispondenza;;del civico n.;170;;Scontro frontale/laterale DX fra veicoli in marcia;Rettilineo;Pi� di due carreggiate;Asciutto;Asfaltata;Verticale ed orizzontale;Sereno;Normale;Buona;;1;0;0;0;12.4784;41.8637;-1;2;Autovettura privata;In marcia / fermata / arresto;;;;;;;
5753043;1;21/12/2021 18:10:00;Strada Urbana;PIAZZALE LABICANO;in corrispondenza;;del palo luce n.;6;;Scontro laterale fra veicoli in marcia;Rettilineo;Una carreggiata a senso unico di marcia;Asciutto;Asfaltata;Verticale ed orizzontale;Sereno;Intenso;Buona;;0;0;0;2;12.5156;41.8913;0;1;Autovettura privata;In marcia / fermata / arresto;Conducente;M;Illeso;0;;Non accertato;Inesploso
5753043;1;21/12/2021 18:10:00;Strada Urbana;PIAZZALE LABICANO;in corrispondenza;;del palo luce n.;6;;Scontro laterale fra veicoli in marcia;Rettilineo;Una carreggiata a senso unico di marcia;Asciutto;Asfaltata;Verticale ed orizzontale;Sereno;Intenso;Buona;;0;0;0;2;12.5156;41.8913;0;2;Autoarticolato;In marcia / fermata / arresto;Conducente;M;Illeso;0;;Non accertato;Inesploso
5753047;12;21/12/2021 19:50:00;Strada Urbana;VIALE DELL'OCEANO PACIFICO;all'intersezione con;VIALE CITTA' D'EUROPA;VIALE CITTA' D'EUROPA;;;Scontro frontale/laterale SX fra veicoli in marcia;Incrocio;Una carreggiata a doppio senso;Asciutto;Asfaltata;Verticale ed orizzontale;Sereno;Normale;Buona;;1;0;0;1;12.4587;41.8225;-1;1;Quadriciclo leggero;In marcia / fermata / arresto;Conducente;M;Illeso;0;;;
5753047;12;21/12/2021 19:50:00;Strada Urbana;VIALE DELL'OCEANO PACIFICO;all'intersezione con;VIALE CITTA' D'EUROPA;VIALE CITTA' D'EUROPA;;;Scontro frontale/laterale SX fra veicoli in marcia;Incrocio;Una carreggiata a doppio senso;Asciutto;Asfaltata;Verticale ed orizzontale;Sereno;Normale;Buona;;1;0;0;1;12.4587;41.8225;-1;2;Motociclo a solo;In marcia / fermata / arresto;Conducente;M;Rimandato;0;NON DECEDUTO;;
5753058;20;21/12/2021 11:10:00;Strada Urbana;VIA STEFANO JACINI;all'intersezione con;VIA CESARE FERRERO DI CAMBIANO;VIA CESARE FERRERO DI CAMBIANO;;;Scontro laterale fra veicoli in marcia;Intersezione stradale segnalata;Una carreggiata a doppio senso;Asciutto;Asfaltata;Verticale ed orizzontale;Sereno;Normale;Buona;;0;0;0;2;12.4681;41.9493;-1;1;Autovettura privata;In marcia / fermata / arresto;Conducente;F;Illeso;0;;Non accertato;Inesploso
5753058;20;21/12/2021 11:10:00;Strada Urbana;VIA STEFANO JACINI;all'intersezione con;VIA CESARE FERRERO DI CAMBIANO;VIA CESARE FERRERO DI CAMBIANO;;;Scontro laterale fra veicoli in marcia;Intersezione stradale segnalata;Una carreggiata a doppio senso;Asciutto;Asfaltata;Verticale ed orizzontale;Sereno;Normale;Buona;;0;0;0;2;12.4681;41.9493;-1;2;Autovettura privata;In marcia / fermata / arresto;Conducente;M;Illeso;0;;Non accertato;Inesploso
5753062;20;21/12/2021 18:55:00;Strada Urbana;VIA CASSIA;da specificare;;;;prox via labranca;Investimento di pedone;Rettilineo;Una carreggiata a doppio senso;Asciutto;Asfaltata;Verticale ed orizzontale;Sereno;Intenso;Buona;;1;0;0;1;12.4137;41.9828;-1;;;;Pedone;F;Rimandato;0;NON DECEDUTO;;
5753062;20;21/12/2021 18:55:00;Strada Urbana;VIA CASSIA;da specificare;;;;prox via labranca;Investimento di pedone;Rettilineo;Una carreggiata a doppio senso;Asciutto;Asfaltata;Verticale ed orizzontale;Sereno;Intenso;Buona;;1;0;0;1;12.4137;41.9828;-1;1;Autovettura privata;In marcia / fermata / arresto;Conducente;M;Illeso;0;;;
5753068;11;21/12/2021 18:00:00;Strada Urbana;VIA GUIDO DE RUGGIERO;in corrispondenza;;del civico n.;56;;Veicolo in marcia contro veicolo in sosta;Rettilineo;Una carreggiata a senso unico di marcia;Asciutto;Asfaltata;Verticale ed orizzontale;Sereno;Normale;Buona;;0;0;0;1;12.4817;41.8446;-1;1;Autovettura privata;Sosta;;;;;;;
5753068;11;21/12/2021 18:00:00;Strada Urbana;VIA GUIDO DE RUGGIERO;in corrispondenza;;del civico n.;56;;Veicolo in marcia contro veicolo in sosta;Rettilineo;Una carreggiata a senso unico di marcia;Asciutto;Asfaltata;Verticale ed orizzontale;Sereno;Normale;Buona;;0;0;0;1;12.4817;41.8446;-1;2;Autovettura privata;In marcia / fermata / arresto;Conducente;M;Illeso;0;;Non accertato;
5753069;20;21/12/2021 11:30:00;Strada Urbana;VIA ALESSANDRO FLEMING;in corrispondenza;;del civico n.;116;;Veicolo in marcia contro veicoli in sosta;Rettilineo;Una carreggiata a senso unico di marcia;Asciutto;Asfaltata;Orizzontale;Sereno;Normale;Buona;;1;0;0;0;12.4742;41.9399;-1;1;Autovettura privata;In marcia / fermata / arresto;Conducente;M;Rimandato;0;NON DECEDUTO;Non accertato;Inesploso
5753069;20;21/12/2021 11:30:00;Strada Urbana;VIA ALESSANDRO FLEMING;in corrispondenza;;del civico n.;116;;Veicolo in marcia contro veicoli in sosta;Rettilineo;Una carreggiata a senso unico di marcia;Asciutto;Asfaltata;Orizzontale;Sereno;Normale;Buona;;1;0;0;0;12.4742;41.9399;-1;2;Autovettura privata;Sosta;;;;;;;
5753069;20;21/12/2021 11:30:00;Strada Urbana;VIA ALESSANDRO FLEMING;in corrispondenza;;del civico n.;116;;Veicolo in marcia contro veicoli in sosta;Rettilineo;Una carreggiata a senso unico di marcia;Asciutto;Asfaltata;Orizzontale;Sereno;Normale;Buona;;1;0;0;0;12.4742;41.9399;-1;3;Autovettura privata;Sosta;;;;;;;
5753098;19;21/12/2021 20:48:00;Strada Urbana;VIALE DELLE MEDAGLIE D'ORO;in prossimit�;;del civico n.;87;;Tamponamento;Rettilineo;Una carreggiata a doppio senso;Asciutto;Asfaltata;Orizzontale;Nuvoloso;Normale;Buona;;2;0;0;1;12.4457;41.9235;-1;1;Autovettura privata;In marcia / fermata / arresto;Conducente;M;Rimandato;0;NON DECEDUTO;Non accertato;Inesploso
5753098;19;21/12/2021 20:48:00;Strada Urbana;VIALE DELLE MEDAGLIE D'ORO;in prossimit�;;del civico n.;87;;Tamponamento;Rettilineo;Una carreggiata a doppio senso;Asciutto;Asfaltata;Orizzontale;Nuvoloso;Normale;Buona;;2;0;0;1;12.4457;41.9235;-1;1;Autovettura privata;In marcia / fermata / arresto;Passeggero;M;Rimandato;0;NON DECEDUTO;Non accertato;Inesploso
5753098;19;21/12/2021 20:48:00;Strada Urbana;VIALE DELLE MEDAGLIE D'ORO;in prossimit�;;del civico n.;87;;Tamponamento;Rettilineo;Una carreggiata a doppio senso;Asciutto;Asfaltata;Orizzontale;Nuvoloso;Normale;Buona;;2;0;0;1;12.4457;41.9235;-1;2;Autovettura privata;In marcia / fermata / arresto;Conducente;M;Illeso;0;;Non accertato;Inesploso
5753111;20;21/12/2021 16:00:00;Strada Urbana;VIALE DELLE GALLINE BIANCHE;in prossimit�;;del palo luce n.;22;;Veicolo in marcia contro veicolo in sosta;Rettilineo;Due carreggiate;Asciutto;Asfaltata;Orizzontale;Sereno;Scarso;Buona;;0;0;0;1;12.4902;41.9972;-1;1;Autovettura privata;In marcia / fermata / arresto;Conducente;M;Illeso;0;;Non accertato;Esploso
5753111;20;21/12/2021 16:00:00;Strada Urbana;VIALE DELLE GALLINE BIANCHE;in prossimit�;;del palo luce n.;22;;Veicolo in marcia contro veicolo in sosta;Rettilineo;Due carreggiate;Asciutto;Asfaltata;Orizzontale;Sereno;Scarso;Buona;;0;0;0;1;12.4902;41.9972;-1;2;Autovettura privata;Sosta;;;;;;;
5753112;11;21/12/2021 20:20:00;Strada Urbana;VIA DI GROTTA PERFETTA;all'intersezione con;VIA ARDEATINA;VIA ARDEATINA;;;Tamponamento;Incrocio;Due carreggiate;Asciutto;Asfaltata;Verticale ed orizzontale;Nuvoloso;Normale;Buona;;1;0;0;1;12.5184;41.8288;-1;1;Autovettura privata;In marcia / fermata / arresto;Conducente;M;Illeso;0;;;
5753112;11;21/12/2021 20:20:00;Strada Urbana;VIA DI GROTTA PERFETTA;all'intersezione con;VIA ARDEATINA;VIA ARDEATINA;;;Tamponamento;Incrocio;Due carreggiate;Asciutto;Asfaltata;Verticale ed orizzontale;Nuvoloso;Normale;Buona;;1;0;0;1;12.5184;41.8288;-1;2;Autovettura privata;In marcia / fermata / arresto;Conducente;M;Rifiuta cure immediate;0;NON DECEDUTO;;
5753114;20;21/12/2021 13:30:00;Strada Urbana;CORSO DI FRANCIA;da specificare;;;;ALTEZZA VIA CIVITA CASTELLANA;Scontro laterale fra veicoli in marcia;Rettilineo;Due carreggiate;Asciutto;Asfaltata;Verticale ed orizzontale;Nuvoloso;Intenso;Buona;;1;0;0;2;12.4717;41.9367;-1;1;Autovettura privata;In marcia / fermata / arresto;Conducente;M;Illeso;0;;Non accertato;
5753114;20;21/12/2021 13:30:00;Strada Urbana;CORSO DI FRANCIA;da specificare;;;;ALTEZZA VIA CIVITA CASTELLANA;Scontro laterale fra veicoli in marcia;Rettilineo;Due carreggiate;Asciutto;Asfaltata;Verticale ed orizzontale;Nuvoloso;Intenso;Buona;;1;0;0;2;12.4717;41.9367;-1;1;Autovettura privata;In marcia / fermata / arresto;Passeggero;F;Illeso;0;;Non accertato;
5753114;20;21/12/2021 13:30:00;Strada Urbana;CORSO DI FRANCIA;da specificare;;;;ALTEZZA VIA CIVITA CASTELLANA;Scontro laterale fra veicoli in marcia;Rettilineo;Due carreggiate;Asciutto;Asfaltata;Verticale ed orizzontale;Nuvoloso;Intenso;Buona;;1;0;0;2;12.4717;41.9367;-1;2;Motociclo a solo;In marcia / fermata / arresto;Conducente;M;Rifiuta cure immediate;0;NON DECEDUTO;Non accertato;
5753115;20;21/12/2021 22:50:00;Strada Urbana;VIALE DI TOR DI QUINTO;in corrispondenza;;del civico n.;128;;Veicolo in marcia contro ostacolo fisso;Rettilineo;Una carreggiata a senso unico di marcia;Asciutto;Asfaltata;Verticale ed orizzontale;Sereno;Normale;Buona;;1;0;0;0;12.4859;41.9478;-1;1;Autovettura privata;In marcia / fermata / arresto;Conducente;M;Rimandato;0;NON DECEDUTO;Non accertato;
5753117;5;21/12/2021 09:00:00;Strada Urbana;VIA GALLA PLACIDIA;in corrispondenza;;del civico n.;15;;Scontro laterale fra veicoli in marcia;Rettilineo;Una carreggiata a senso unico di marcia;Asciutto;Asfaltata;Verticale ed orizzontale;Sereno;Normale;Buona;;1;0;0;2;12.5428;41.9081;-1;1;Autocarro superiore 35 q.;In marcia / fermata / arresto;Conducente;M;Illeso;0;;Non accertato;Inesploso
5753117;5;21/12/2021 09:00:00;Strada Urbana;VIA GALLA PLACIDIA;in corrispondenza;;del civico n.;15;;Scontro laterale fra veicoli in marcia;Rettilineo;Una carreggiata a senso unico di marcia;Asciutto;Asfaltata;Verticale ed orizzontale;Sereno;Normale;Buona;;1;0;0;2;12.5428;41.9081;-1;2;Autovettura privata;In marcia / fermata / arresto;Conducente;F;Rimandato;0;NON DECEDUTO;Non accertato;Inesploso
5753117;5;21/12/2021 09:00:00;Strada Urbana;VIA GALLA PLACIDIA;in corrispondenza;;del civico n.;15;;Scontro laterale fra veicoli in marcia;Rettilineo;Una carreggiata a senso unico di marcia;Asciutto;Asfaltata;Verticale ed orizzontale;Sereno;Normale;Buona;;1;0;0;2;12.5428;41.9081;-1;3;Autocarro inferiore 35 q.;In marcia / fermata / arresto;Conducente;M;Illeso;0;;Non accertato;Inesploso
5753118;20;21/12/2021 19:55:00;Strada Urbana;VIA FLAMINIA NUOVA;all'intersezione semaforizzata con;VIA TUSCANIA;VIA TUSCANIA;;;Scontro frontale/laterale SX fra veicoli in marcia;Incrocio;Pi� di due carreggiate;Asciutto;Asfaltata;Verticale ed orizzontale;Sereno;Normale;Sufficiente;;0;0;0;3;12.4792;41.9609;-1;1;Autovettura privata;In marcia / fermata / arresto;Conducente;M;Illeso;0;;Non accertato;Inesploso
5753118;20;21/12/2021 19:55:00;Strada Urbana;VIA FLAMINIA NUOVA;all'intersezione semaforizzata con;VIA TUSCANIA;VIA TUSCANIA;;;Scontro frontale/laterale SX fra veicoli in marcia;Incrocio;Pi� di due carreggiate;Asciutto;Asfaltata;Verticale ed orizzontale;Sereno;Normale;Sufficiente;;0;0;0;3;12.4792;41.9609;-1;1;Autovettura privata;In marcia / fermata / arresto;Passeggero;F;Illeso;0;;Non accertato;Inesploso
5753118;20;21/12/2021 19:55:00;Strada Urbana;VIA FLAMINIA NUOVA;all'intersezione semaforizzata con;VIA TUSCANIA;VIA TUSCANIA;;;Scontro frontale/laterale SX fra veicoli in marcia;Incrocio;Pi� di due carreggiate;Asciutto;Asfaltata;Verticale ed orizzontale;Sereno;Normale;Sufficiente;;0;0;0;3;12.4792;41.9609;-1;2;Autovettura privata;In marcia / fermata / arresto;Conducente;M;Illeso;0;;Non accertato;Inesploso
5753124;6;21/12/2021 19:00:00;Strada Urbana;VIA DI TOR PIGNATTARA;in prossimit�;;del civico n.;52;;Investimento di pedone;Rettilineo;Una carreggiata a doppio senso;Asciutto;Asfaltata;Orizzontale;Sereno;Intenso;Sufficiente;;1;0;0;1;12.5418;41.8789;-1;;;;Pedone;M;Rimandato;0;NON DECEDUTO;;
5753124;6;21/12/2021 19:00:00;Strada Urbana;VIA DI TOR PIGNATTARA;in prossimit�;;del civico n.;52;;Investimento di pedone;Rettilineo;Una carreggiata a doppio senso;Asciutto;Asfaltata;Orizzontale;Sereno;Intenso;Sufficiente;;1;0;0;1;12.5418;41.8789;-1;1;Ciclomotore;In marcia / fermata / arresto;Conducente;M;Illeso;0;;Non accertato;
5753151;19;21/12/2021 17:15:00;Strada Urbana;VIA PIETRO BEMBO;in prossimit�;;del civico n.;35/g;;Scontro frontale/laterale SX fra veicoli in marcia;Rettilineo;Una carreggiata a doppio senso;Asciutto;Asfaltata;Verticale ed orizzontale;Nuvoloso;Normale;Buona;;1;0;0;1;12.4131;41.9204;-1;1;Autovettura privata;In marcia / fermata / arresto;Conducente;M;Illeso;0;;Non accertato;Inesploso
5753151;19;21/12/2021 17:15:00;Strada Urbana;VIA PIETRO BEMBO;in prossimit�;;del civico n.;35/g;;Scontro frontale/laterale SX fra veicoli in marcia;Rettilineo;Una carreggiata a doppio senso;Asciutto;Asfaltata;Verticale ed orizzontale;Nuvoloso;Normale;Buona;;1;0;0;1;12.4131;41.9204;-1;2;Motociclo a solo;In marcia / fermata / arresto;Conducente;M;Rimandato;0;NON DECEDUTO;Non accertato;