Protocollo;Gruppo;DataOraIncidente;Localizzazione1;STRADA1;Localizzazione2;STRADA2;Strada02;Chilometrica;DaSpecificare;NaturaIncidente;particolaritastrade;TipoStrada;FondoStradale;Pavimentazione;Segnaletica;CondizioneAtmosferica;Traffico;Visibilita;Illuminazione;NUM_FERITI;NUM_RISERVATA;NUM_MORTI;NUM_ILLESI;Longitudine;Latitudine;Confermato;Progressivo;TipoVeicolo;StatoVeicolo;TipoPersona;Sesso;Tipolesione;Deceduto;DecedutoDopo;CinturaCascoUtilizzato;Airbag;
5753295;4;21/12/2021 15:00:00;Strada Urbana;VIA SALARIA;all'intersezione con;VIA MODESTO PANETTI;VIA MODESTO PANETTI;;;Scontro frontale/laterale SX fra veicoli in marcia;Intersezione stradale segnalata;Una carreggiata a doppio senso;Asciutto;Asfaltata;Verticale ed orizzontale;Sereno;Normale;Buona;;1;0;0;1;12.5686;42.046;-1;2;Autovettura privata;In marcia / fermata / arresto;Conducente;M;Rimandato;0;NON DECEDUTO;;
5753325;4;21/12/2021 00:25:00;Strada Urbana;VIA DELLE VALLI;da specificare;;;;ingresso parcheggio capolinea ATAC;Scontro laterale fra veicoli in marcia;Rettilineo;Due carreggiate;Asciutto;Asfaltata;Verticale ed orizzontale;Sereno;Scarso;Buona;;0;0;0;2;12.5241;41.9359;-1;1;Autovettura privata;In marcia / fermata / arresto;Conducente;F;Illeso;0;;;
5753325;4;21/12/2021 00:25:00;Strada Urbana;VIA DELLE VALLI;da specificare;;;;ingresso parcheggio capolinea ATAC;Scontro laterale fra veicoli in marcia;Rettilineo;Due carreggiate;Asciutto;Asfaltata;Verticale ed orizzontale;Sereno;Scarso;Buona;;0;0;0;2;12.5241;41.9359;-1;2;Autobus di linea;In marcia / fermata / arresto;Conducente;M;Illeso;0;;;
5753328;6;21/12/2021 19:35:00;Strada Urbana;VIA ANAGNI;da specificare;;;;F.C. 89;Scontro laterale fra veicoli in marcia;Rettilineo;Una carreggiata a doppio senso;Asciutto;Asfaltata;Verticale ed orizzontale;Sereno;Normale;Sufficiente;;0;0;0;2;12.5592;41.8904;-1;1;Autovettura privata;In marcia / fermata / arresto;Conducente;F;Illeso;0;;;
5753328;6;21/12/2021 19:35:00;Strada Urbana;VIA ANAGNI;da specificare;;;;F.C. 89;Scontro laterale fra veicoli in marcia;Rettilineo;Una carreggiata a doppio senso;Asciutto;Asfaltata;Verticale ed orizzontale;Sereno;Normale;Sufficiente;;0;0;0;2;12.5592;41.8904;-1;2;Autovettura privata;In marcia / fermata / arresto;Conducente;M;Illeso;0;;;
5753330;2;21/12/2021 18:40:00;Strada Urbana;VIA SIRTE;in corrispondenza;;del civico n.;19;;Scontro frontale/laterale SX fra veicoli in marcia;Rettilineo;Una carreggiata a senso unico di marcia;Asciutto;Asfaltata;Verticale ed orizzontale;Sereno;Normale;Buona;;0;0;0;2;12.5166;41.927;-1;1;Autovettura privata;In marcia / fermata / arresto;Conducente;M;Illeso;0;;;
5753330;2;21/12/2021 18:40:00;Strada Urbana;VIA SIRTE;in corrispondenza;;del civico n.;19;;Scontro frontale/laterale SX fra veicoli in marcia;Rettilineo;Una carreggiata a senso unico di marcia;Asciutto;Asfaltata;Verticale ed orizzontale;Sereno;Normale;Buona;;0;0;0;2;12.5166;41.927;-1;2;Autovettura privata;In marcia / fermata / arresto;Conducente;F;Illeso;0;;;
5753335;2;21/12/2021 14:55:00;Strada Urbana;PIAZZA BUENOS AIRES;da specificare;;;;fr. civ. 8;Scontro frontale/laterale DX fra veicoli in marcia;Rettilineo;Una carreggiata a doppio senso;Asciutto;Asfaltata;Verticale ed orizzontale;Sereno;Normale;Buona;;2;0;0;0;12.4999;41.9179;-1;1;Motociclo a solo;In marcia / fermata / arresto;Conducente;M;Rimandato;0;NON DECEDUTO;;
5753335;2;21/12/2021 14:55:00;Strada Urbana;PIAZZA BUENOS AIRES;da specificare;;;;fr. civ. 8;Scontro frontale/laterale DX fra veicoli in marcia;Rettilineo;Una carreggiata a doppio senso;Asciutto;Asfaltata;Verticale ed orizzontale;Sereno;Normale;Buona;;2;0;0;0;12.4999;41.9179;-1;2;Ciclomotore;In marcia / fermata / arresto;Conducente;F;Rimandato;0;NON DECEDUTO;;
5753338;2;21/12/2021 11:05:00;Strada Urbana;VIALE GIOACCHINO ROSSINI;in corrispondenza;;del civico n.;9A;;Infortunio per caduta del veicolo;Rettilineo;Una carreggiata a senso unico di marcia;Asciutto;Asfaltata;Verticale ed orizzontale;Sereno;Normale;Buona;;0;1;0;0;12.4923;41.9217;-1;1;Motociclo a solo;In marcia / fermata / arresto;Conducente;M;Prognosi riservata;0;NON DECEDUTO;;
5753344;2;21/12/2021 08:35:00;Strada Urbana;VIA DEGLI OLIMPIONICI;all'intersezione con;VIA STATI UNITI D'AMERICA;VIA STATI UNITI D'AMERICA;;;Scontro frontale fra veicoli in marcia;Incrocio;Una carreggiata a doppio senso;Asciutto;Asfaltata;Verticale ed orizzontale;Sereno;Normale;Buona;;1;0;0;1;12.469;41.9342;-1;1;Autocarro inferiore 35 q.;In marcia / fermata / arresto;Conducente;M;Illeso;0;;Non accertato;Inesploso
5753344;2;21/12/2021 08:35:00;Strada Urbana;VIA DEGLI OLIMPIONICI;all'intersezione con;VIA STATI UNITI D'AMERICA;VIA STATI UNITI D'AMERICA;;;Scontro frontale fra veicoli in marcia;Incrocio;Una carreggiata a doppio senso;Asciutto;Asfaltata;Verticale ed orizzontale;Sereno;Normale;Buona;;1;0;0;1;12.469;41.9342;-1;2;Motociclo a solo;In marcia / fermata / arresto;Conducente;M;Rifiuta cure immediate;0;NON DECEDUTO;Non accertato;
5753352;2;21/12/2021 07:10:00;Strada Urbana;SOTTOVIA IGNAZIO GUIDI;da specificare;;;;dir. Policlinico fr c.so d'Italia;Tamponamento;Rettilineo;Due carreggiate;Asciutto;Asfaltata;Orizzontale;Sereno;Normale;Buona;;1;0;0;1;12.5014;41.9096;-1;1;Autovettura privata;In marcia / fermata / arresto;Conducente;M;Illeso;0;;Non accertato;Inesploso
5753352;2;21/12/2021 07:10:00;Strada Urbana;SOTTOVIA IGNAZIO GUIDI;da specificare;;;;dir. Policlinico fr c.so d'Italia;Tamponamento;Rettilineo;Due carreggiate;Asciutto;Asfaltata;Orizzontale;Sereno;Normale;Buona;;1;0;0;1;12.5014;41.9096;-1;2;Motociclo a solo;In marcia / fermata / arresto;Conducente;M;Rimandato;0;NON DECEDUTO;Non accertato;
5753368;7;21/12/2021 13:40:00;Strada Urbana;VIA PAPIRIA;all'intersezione con;VIALE MARCO FULVIO NOBILIORE;VIALE MARCO FULVIO NOBILIORE;;;Scontro laterale fra veicoli in marcia;Incrocio;Una carreggiata a doppio senso;Asciutto;Asfaltata;Verticale ed orizzontale;Sereno;Normale;Buona;;0;0;0;3;12.5623;41.8634;-1;1;Autovettura di soccorso;In marcia / fermata / arresto;Conducente;M;Illeso;0;;;
5753368;7;21/12/2021 13:40:00;Strada Urbana;VIA PAPIRIA;all'intersezione con;VIALE MARCO FULVIO NOBILIORE;VIALE MARCO FULVIO NOBILIORE;;;Scontro laterale fra veicoli in marcia;Incrocio;Una carreggiata a doppio senso;Asciutto;Asfaltata;Verticale ed orizzontale;Sereno;Normale;Buona;;0;0;0;3;12.5623;41.8634;-1;1;Autovettura di soccorso;In marcia / fermata / arresto;Passeggero;M;Illeso;0;;Non accertato;Inesploso
5753368;7;21/12/2021 13:40:00;Strada Urbana;VIA PAPIRIA;all'intersezione con;VIALE MARCO FULVIO NOBILIORE;VIALE MARCO FULVIO NOBILIORE;;;Scontro laterale fra veicoli in marcia;Incrocio;Una carreggiata a doppio senso;Asciutto;Asfaltata;Verticale ed orizzontale;Sereno;Normale;Buona;;0;0;0;3;12.5623;41.8634;-1;2;Autovettura privata;In marcia / fermata / arresto;Conducente;M;Illeso;0;;;
5753381;4;21/12/2021 10:00:00;Provinciale entro l'abitato;VIA NOMENTANA;da specificare;;;;in prossimit� del civico 1141 (McDonald's);Tamponamento;Rettilineo;Una carreggiata a doppio senso;Asciutto;Asfaltata;Verticale ed orizzontale;Sereno;Normale;Buona;;1;0;0;1;12.5737;41.959;-1;1;Autovettura privata;In marcia / fermata / arresto;Conducente;M;Illeso;0;;;
5753381;4;21/12/2021 10:00:00;Provinciale entro l'abitato;VIA NOMENTANA;da specificare;;;;in prossimit� del civico 1141 (McDonald's);Tamponamento;Rettilineo;Una carreggiata a doppio senso;Asciutto;Asfaltata;Verticale ed orizzontale;Sereno;Normale;Buona;;1;0;0;1;12.5737;41.959;-1;2;Autovettura privata;In marcia / fermata / arresto;Conducente;M;Rimandato;0;NON DECEDUTO;;
5753415;13;22/12/2021 07:50:00;Strada Urbana;VIA DEI TRAGHETTI;all'intersezione con;VIA DEI VELIERI;VIA DEI VELIERI;;;Scontro frontale/laterale DX fra veicoli in marcia;Intersezione stradale segnalata;Una carreggiata a senso unico di marcia;Bagnato (umidit� in atto);Asfaltata;Verticale ed orizzontale;Nuvoloso;Normale;Buona;;0;0;0;2;;;0;1;Autovettura privata;In marcia / fermata / arresto;Conducente;M;Illeso;0;;Non accertato;Inesploso
5753415;13;22/12/2021 07:50:00;Strada Urbana;VIA DEI TRAGHETTI;all'intersezione con;VIA DEI VELIERI;VIA DEI VELIERI;;;Scontro frontale/laterale DX fra veicoli in marcia;Intersezione stradale segnalata;Una carreggiata a senso unico di marcia;Bagnato (umidit� in atto);Asfaltata;Verticale ed orizzontale;Nuvoloso;Normale;Buona;;0;0;0;2;;;0;2;Autovettura privata;In marcia / fermata / arresto;Conducente;F;Illeso;0;;Non accertato;Inesploso
5753463;15;21/12/2021 16:30:00;Strada Urbana;VIA DELLA CASETTA MATTEI;da specificare;;;;prossimit� fronte civ.237;Scontro laterale fra veicoli in marcia;Rettilineo;Una carreggiata a doppio senso;Asciutto;Asfaltata;Verticale ed orizzontale;Sereno;Intenso;Buona;;1;0;0;1;12.4196;41.8579;-1;1;Autovettura privata;In marcia / fermata / arresto;Conducente;F;Illeso;0;;Non accertato;Inesploso
5753463;15;21/12/2021 16:30:00;Strada Urbana;VIA DELLA CASETTA MATTEI;da specificare;;;;prossimit� fronte civ.237;Scontro laterale fra veicoli in marcia;Rettilineo;Una carreggiata a doppio senso;Asciutto;Asfaltata;Verticale ed orizzontale;Sereno;Intenso;Buona;;1;0;0;1;12.4196;41.8579;-1;2;Motociclo con passeggero;In marcia / fermata / arresto;Conducente;F;Rimandato;0;NON DECEDUTO;Non accertato;
5753464;1;22/12/2021 06:50:00;Strada Urbana;PIAZZA DEI CINQUECENTO;da specificare;;;;MUSEO NAZIONALE ROMANO;Veicolo in marcia contro veicolo fermo;Rettilineo;Una carreggiata a senso unico di marcia;Viscido da liquidi oleosi;Asfaltata;Assente;Sereno;Intenso;Buona;;1;0;0;1;12.4998;41.9018;-1;1;Autovettura pubblica;In marcia / fermata / arresto;Conducente;M;Illeso;0;;;
5753464;1;22/12/2021 06:50:00;Strada Urbana;PIAZZA DEI CINQUECENTO;da specificare;;;;MUSEO NAZIONALE ROMANO;Veicolo in marcia contro veicolo fermo;Rettilineo;Una carreggiata a senso unico di marcia;Viscido da liquidi oleosi;Asfaltata;Assente;Sereno;Intenso;Buona;;1;0;0;1;12.4998;41.9018;-1;2;Motociclo a solo;In marcia / fermata / arresto;Conducente;M;Rimandato;0;NON DECEDUTO;;
5753475;16;20/12/2021 13:15:00;Strada Urbana;VIA FEDERICO DI DONATO;in prossimit�;;del civico n.;14;;Fuoriuscita dalla sede stradale;Rettilineo;Due carreggiate;Asciutto;Asfaltata;Verticale ed orizzontale;Sereno;Normale;Buona;;1;0;0;1;12.4485;41.8653;-1;1;Autovettura privata;In marcia / fermata / arresto;Conducente;M;Rimandato;0;NON DECEDUTO;Non accertato;
5753475;16;20/12/2021 13:15:00;Strada Urbana;VIA FEDERICO DI DONATO;in prossimit�;;del civico n.;14;;Fuoriuscita dalla sede stradale;Rettilineo;Due carreggiate;Asciutto;Asfaltata;Verticale ed orizzontale;Sereno;Normale;Buona;;1;0;0;1;12.4485;41.8653;-1;2;Autovettura privata;In marcia / fermata / arresto;Conducente;F;Illeso;0;;Non accertato;
5753475;16;20/12/2021 13:15:00;Strada Urbana;VIA FEDERICO DI DONATO;in prossimit�;;del civico n.;14;;Fuoriuscita dalla sede stradale;Rettilineo;Due carreggiate;Asciutto;Asfaltata;Verticale ed orizzontale;Sereno;Normale;Buona;;1;0;0;1;12.4485;41.8653;-1;3;Autovettura privata;Sosta;;;;;;;
5753509;9;22/12/2021 06:00:00;Strada Urbana;VIA TARANTO;in prossimit�;;del civico n.;42;;Veicolo in marcia contro veicolo in sosta;Rettilineo;Una carreggiata a senso unico di marcia;Bagnato (pioggia);Asfaltata;Verticale ed orizzontale;Pioggia in atto;Scarso;Buona;;0;0;0;0;12.5137;41.8847;-1;1;Autovettura privata;In marcia / fermata / arresto;;;;;;;
5753509;9;22/12/2021 06:00:00;Strada Urbana;VIA TARANTO;in prossimit�;;del civico n.;42;;Veicolo in marcia contro veicolo in sosta;Rettilineo;Una carreggiata a senso unico di marcia;Bagnato (pioggia);Asfaltata;Verticale ed orizzontale;Pioggia in atto;Scarso;Buona;;0;0;0;0;12.5137;41.8847;-1;2;Autovettura privata;Sosta;;;;;;;
5753528;16;20/12/2021 08:55:00;;VIA DI DONNA OLIMPIA;in corrispondenza;;del civico n.;94;;Investimento di pedone;;;;;;;;;;1;0;0;1;;;0;;;;Pedone;F;Illeso;0;;;
5753528;16;20/12/2021 08:55:00;;VIA DI DONNA OLIMPIA;in corrispondenza;;del civico n.;94;;Investimento di pedone;;;;;;;;;;1;0;0;1;;;0;1;Motociclo a solo;In marcia / fermata / arresto;Conducente;M;Rimandato;0;NON DECEDUTO;;
5753538;4;22/12/2021 02:40:00;Strada Urbana;VIA MONTE CERVIALTO;in prossimit�;;del civico n.;152;;Investimento di pedone;Rettilineo;Pi� di due carreggiate;Bagnato (pioggia);Asfaltata;Verticale ed orizzontale;Pioggia in atto;Scarso;Sufficiente;;0;1;0;1;12.5239;41.9567;-1;;;;Pedone;M;Prognosi riservata;0;NON DECEDUTO;;
5753538;4;22/12/2021 02:40:00;Strada Urbana;VIA MONTE CERVIALTO;in prossimit�;;del civico n.;152;;Investimento di pedone;Rettilineo;Pi� di due carreggiate;Bagnato (pioggia);Asfaltata;Verticale ed orizzontale;Pioggia in atto;Scarso;Sufficiente;;0;1;0;1;12.5239;41.9567;-1;1;Motociclo a solo;In marcia / fermata / arresto;Conducente;M;Illeso;0;;;
5753552;15;14/12/2021 18:00:00;Strada Urbana;VIA DELLA PISANA;in prossimit�;;del civico n.;1205;;Veicolo in marcia che urta buche nella carreggiata;Rettilineo;Una carreggiata a doppio senso;Asciutto;Asfaltata;Assente;Sereno;Normale;Sufficiente;;0;0;0;2;12.3627;41.8476;-1;1;Autovettura privata;In marcia / fermata / arresto;Conducente;M;Illeso;0;;;
5753552;15;14/12/2021 18:00:00;Strada Urbana;VIA DELLA PISANA;in prossimit�;;del civico n.;1205;;Veicolo in marcia che urta buche nella carreggiata;Rettilineo;Una carreggiata a doppio senso;Asciutto;Asfaltata;Assente;Sereno;Normale;Sufficiente;;0;0;0;2;12.3627;41.8476;-1;1;Autovettura privata;In marcia / fermata / arresto;Passeggero;F;Illeso;0;;Non accertato;Inesploso
5753556;16;20/12/2021 15:45:00;Strada Urbana;PIAZZA IPPOLITO NIEVO;all'intersezione con;VIA IPPOLITO NIEVO;VIA IPPOLITO NIEVO;;;Scontro frontale/laterale SX fra veicoli in marcia;Incrocio;Due carreggiate;Asciutto;Asfaltata;Verticale ed orizzontale;Sereno;Normale;Buona;;0;0;0;3;12.467;41.8807;-1;1;Autovettura privata;In marcia / fermata / arresto;Conducente;F;Illeso;0;;Non accertato;Inesploso
5753556;16;20/12/2021 15:45:00;Strada Urbana;PIAZZA IPPOLITO NIEVO;all'intersezione con;VIA IPPOLITO NIEVO;VIA IPPOLITO NIEVO;;;Scontro frontale/laterale SX fra veicoli in marcia;Incrocio;Due carreggiate;Asciutto;Asfaltata;Verticale ed orizzontale;Sereno;Normale;Buona;;0;0;0;3;12.467;41.8807;-1;1;Autovettura privata;In marcia / fermata / arresto;Passeggero;M;Illeso;0;;Non accertato;Inesploso
5753556;16;20/12/2021 15:45:00;Strada Urbana;PIAZZA IPPOLITO NIEVO;all'intersezione con;VIA IPPOLITO NIEVO;VIA IPPOLITO NIEVO;;;Scontro frontale/laterale SX fra veicoli in marcia;Incrocio;Due carreggiate;Asciutto;Asfaltata;Verticale ed orizzontale;Sereno;Normale;Buona;;0;0;0;3;12.467;41.8807;-1;2;Autovettura privata;In marcia / fermata / arresto;Conducente;F;Illeso;0;;Non accertato;Inesploso
5753592;15;21/12/2021 16:40:00;Strada Urbana;VIA PORTUENSE;in prossimit�;;del civico n.;514;;Scontro frontale/laterale SX fra veicoli in marcia;Rettilineo;Due carreggiate;Asciutto;Asfaltata;Verticale ed orizzontale;Nuvoloso;Intenso;Sufficiente;;1;0;0;1;12.4483;41.8584;-1;1;Autovettura privata;In marcia / fermata / arresto;Conducente;F;Illeso;0;;Non accertato;Inesploso
5753592;15;21/12/2021 16:40:00;Strada Urbana;VIA PORTUENSE;in prossimit�;;del civico n.;514;;Scontro frontale/laterale SX fra veicoli in marcia;Rettilineo;Due carreggiate;Asciutto;Asfaltata;Verticale ed orizzontale;Nuvoloso;Intenso;Sufficiente;;1;0;0;1;12.4483;41.8584;-1;2;Motociclo con passeggero;In marcia / fermata / arresto;Conducente;M;Rimandato;0;NON DECEDUTO;Non accertato;
5753594;16;20/12/2021 13:30:00;Strada Urbana;VIALE DEI COLLI PORTUENSI;in corrispondenza;;del civico n.; F.C.119;;Scontro laterale fra veicoli in marcia;Rettilineo;Due carreggiate;Asciutto;Asfaltata;Verticale ed orizzontale;Nuvoloso;Normale;Buona;;0;0;0;3;12.4441;41.8666;-1;1;Autovettura privata;In marcia / fermata / arresto;Conducente;M;Illeso;0;;Non accertato;Inesploso
5753594;16;20/12/2021 13:30:00;Strada Urbana;VIALE DEI COLLI PORTUENSI;in corrispondenza;;del civico n.; F.C.119;;Scontro laterale fra veicoli in marcia;Rettilineo;Due carreggiate;Asciutto;Asfaltata;Verticale ed orizzontale;Nuvoloso;Normale;Buona;;0;0;0;3;12.4441;41.8666;-1;2;Autovettura privata;In marcia / fermata / arresto;Conducente;M;Illeso;0;;Non accertato;Inesploso
5753594;16;20/12/2021 13:30:00;Strada Urbana;VIALE DEI COLLI PORTUENSI;in corrispondenza;;del civico n.; F.C.119;;Scontro laterale fra veicoli in marcia;Rettilineo;Due carreggiate;Asciutto;Asfaltata;Verticale ed orizzontale;Nuvoloso;Normale;Buona;;0;0;0;3;12.4441;41.8666;-1;2;Autovettura privata;In marcia / fermata / arresto;Passeggero;M;Illeso;0;;Non accertato;Inesploso
5753610;18;21/12/2021 13:10:00;Strada Urbana;VIA DELLA CELLULOSA;in prossimit�;;del civico n.;71;;Scontro frontale/laterale DX fra veicoli in marcia;Rettilineo;Una carreggiata a doppio senso;Asciutto;Asfaltata;Verticale ed orizzontale;Sereno;Normale;Buona;;1;0;0;1;12.3649;41.9201;-1;1;Autovettura privata;In marcia / fermata / arresto;Conducente;M;Illeso;0;;Non accertato;Inesploso
5753610;18;21/12/2021 13:10:00;Strada Urbana;VIA DELLA CELLULOSA;in prossimit�;;del civico n.;71;;Scontro frontale/laterale DX fra veicoli in marcia;Rettilineo;Una carreggiata a doppio senso;Asciutto;Asfaltata;Verticale ed orizzontale;Sereno;Normale;Buona;;1;0;0;1;12.3649;41.9201;-1;2;Motociclo a solo;In marcia / fermata / arresto;Conducente;M;Rimandato;0;NON DECEDUTO;Non accertato;
5753612;15;21/12/2021 14:20:00;Strada Urbana;VIA DELLA MAGLIANA;da specificare;;;;PROSSIMITA' FRONTE CIVICO 280;Scontro laterale fra veicoli in marcia;Rettilineo;Una carreggiata a doppio senso;Asciutto;Asfaltata;Orizzontale;Sereno;Normale;Buona;;0;0;0;2;12.4196;41.8317;-1;1;Autovettura privata;In marcia / fermata / arresto;Conducente;M;Illeso;0;;Non accertato;Inesploso
5753612;15;21/12/2021 14:20:00;Strada Urbana;VIA DELLA MAGLIANA;da specificare;;;;PROSSIMITA' FRONTE CIVICO 280;Scontro laterale fra veicoli in marcia;Rettilineo;Una carreggiata a doppio senso;Asciutto;Asfaltata;Orizzontale;Sereno;Normale;Buona;;0;0;0;2;12.4196;41.8317;-1;2;Motociclo a solo;In marcia / fermata / arresto;Conducente;M;Illeso;0;;Non accertato;
5753623;16;20/12/2021 19:20:00;Strada Urbana;VIA DEI MATTEINI;da specificare;;;;in prossimit� di Via di Casal Ninfeo;Investimento di pedone;Rettilineo;Una carreggiata a doppio senso;Asciutto;Asfaltata;Verticale ed orizzontale;Sereno;Normale;Buona;;1;0;0;1;12.4139;41.8725;-1;;;;Pedone;M;Rimandato;0;NON DECEDUTO;;
5753623;16;20/12/2021 19:20:00;Strada Urbana;VIA DEI MATTEINI;da specificare;;;;in prossimit� di Via di Casal Ninfeo;Investimento di pedone;Rettilineo;Una carreggiata a doppio senso;Asciutto;Asfaltata;Verticale ed orizzontale;Sereno;Normale;Buona;;1;0;0;1;12.4139;41.8725;-1;1;Autovettura privata;In marcia / fermata / arresto;Conducente;F;Illeso;0;;Non accertato;Inesploso
5753626;16;21/12/2021 07:05:00;Strada Urbana;VIA DI VILLA TROILI;all'intersezione con;VIA DEGLI ALDOBRANDESCHI;VIA DEGLI ALDOBRANDESCHI;;;Scontro frontale/laterale SX fra veicoli in marcia;Incrocio;Due carreggiate;Asciutto;Asfaltata;Verticale ed orizzontale;Sereno;Normale;Buona;;1;0;0;1;12.4069;41.8814;-1;1;Motociclo a solo;In marcia / fermata / arresto;Conducente;M;Rimandato;0;NON DECEDUTO;Non accertato;
5753626;16;21/12/2021 07:05:00;Strada Urbana;VIA DI VILLA TROILI;all'intersezione con;VIA DEGLI ALDOBRANDESCHI;VIA DEGLI ALDOBRANDESCHI;;;Scontro frontale/laterale SX fra veicoli in marcia;Incrocio;Due carreggiate;Asciutto;Asfaltata;Verticale ed orizzontale;Sereno;Normale;Buona;;1;0;0;1;12.4069;41.8814;-1;2;Autovettura privata;In marcia / fermata / arresto;Conducente;F;Illeso;0;;Non accertato;Inesploso
5753638;18;21/12/2021 17:20:00;Strada Urbana;VIA DI BOCCEA;in prossimit�;;del civico n.;330;;Scontro frontale/laterale SX fra veicoli in marcia;Rettilineo;Una carreggiata a doppio senso;Asciutto;Asfaltata;Verticale ed orizzontale;Sereno;Normale;Sufficiente;;1;0;0;2;12.4152;41.9035;-1;1;Autovettura privata;In marcia / fermata / arresto;Conducente;M;Illeso;0;;;
5753638;18;21/12/2021 17:20:00;Strada Urbana;VIA DI BOCCEA;in prossimit�;;del civico n.;330;;Scontro frontale/laterale SX fra veicoli in marcia;Rettilineo;Una carreggiata a doppio senso;Asciutto;Asfaltata;Verticale ed orizzontale;Sereno;Normale;Sufficiente;;1;0;0;2;12.4152;41.9035;-1;1;Autovettura privata;In marcia / fermata / arresto;Passeggero;F;Illeso;0;;;
5753638;18;21/12/2021 17:20:00;Strada Urbana;VIA DI BOCCEA;in prossimit�;;del civico n.;330;;Scontro frontale/laterale SX fra veicoli in marcia;Rettilineo;Una carreggiata a doppio senso;Asciutto;Asfaltata;Verticale ed orizzontale;Sereno;Normale;Sufficiente;;1;0;0;2;12.4152;41.9035;-1;2;Motociclo a solo;In marcia / fermata / arresto;Conducente;M;Rimandato;0;NON DECEDUTO;;
5753639;16;21/12/2021 08:05:00;Strada Urbana;VIA IPPOLITO NIEVO;all'intersezione con;PIAZZA IPPOLITO NIEVO;PIAZZA IPPOLITO NIEVO;;;Scontro frontale/laterale DX fra veicoli in marcia;Incrocio;Due carreggiate;Asciutto;Asfaltata;Verticale ed orizzontale;Sereno;Normale;Buona;;1;0;0;1;12.4674;41.8785;-1;1;Autovettura privata;In marcia / fermata / arresto;Conducente;F;Illeso;0;;Non accertato;
5753639;16;21/12/2021 08:05:00;Strada Urbana;VIA IPPOLITO NIEVO;all'intersezione con;PIAZZA IPPOLITO NIEVO;PIAZZA IPPOLITO NIEVO;;;Scontro frontale/laterale DX fra veicoli in marcia;Incrocio;Due carreggiate;Asciutto;Asfaltata;Verticale ed orizzontale;Sereno;Normale;Buona;;1;0;0;1;12.4674;41.8785;-1;2;Motociclo con passeggero;In marcia / fermata / arresto;Conducente;F;Rimandato;0;NON DECEDUTO;Non accertato;
5753640;15;21/12/2021 20:11:00;Strada Urbana;VIALE ISACCO NEWTON;da specificare;;;;DIREZ. EUR CIRCA 50MT DOPO STAZ. SERV. ENI;Scontro laterale fra veicoli in marcia;Rettilineo;Due carreggiate;Asciutto;Asfaltata;Verticale ed orizzontale;Sereno;Normale;Sufficiente;;1;0;0;1;12.4427;41.8481;-1;1;Autovettura privata;In marcia / fermata / arresto;Conducente;M;Illeso;0;;Non accertato;Inesploso
5753640;15;21/12/2021 20:11:00;Strada Urbana;VIALE ISACCO NEWTON;da specificare;;;;DIREZ. EUR CIRCA 50MT DOPO STAZ. SERV. ENI;Scontro laterale fra veicoli in marcia;Rettilineo;Due carreggiate;Asciutto;Asfaltata;Verticale ed orizzontale;Sereno;Normale;Sufficiente;;1;0;0;1;12.4427;41.8481;-1;2;Motociclo a solo;In marcia / fermata / arresto;Conducente;M;Rimandato;0;NON DECEDUTO;Utilizzato;
5753653;16;21/12/2021 11:20:00;Strada Urbana;PIAZZALE EUGENIO MORELLI;in corrispondenza;;del civico n.;61;;Scontro laterale fra veicoli in marcia;Rettilineo;Una carreggiata a doppio senso;Asciutto;Asfaltata;Verticale ed orizzontale;Sereno;Normale;Buona;;0;0;0;3;12.4431;41.8606;-1;1;Autovettura privata;In marcia / fermata / arresto;Conducente;M;Illeso;0;;Non accertato;Inesploso
5753653;16;21/12/2021 11:20:00;Strada Urbana;PIAZZALE EUGENIO MORELLI;in corrispondenza;;del civico n.;61;;Scontro laterale fra veicoli in marcia;Rettilineo;Una carreggiata a doppio senso;Asciutto;Asfaltata;Verticale ed orizzontale;Sereno;Normale;Buona;;0;0;0;3;12.4431;41.8606;-1;1;Autovettura privata;In marcia / fermata / arresto;Passeggero;M;Illeso;0;;Non accertato;Inesploso
5753653;16;21/12/2021 11:20:00;Strada Urbana;PIAZZALE EUGENIO MORELLI;in corrispondenza;;del civico n.;61;;Scontro laterale fra veicoli in marcia;Rettilineo;Una carreggiata a doppio senso;Asciutto;Asfaltata;Verticale ed orizzontale;Sereno;Normale;Buona;;0;0;0;3;12.4431;41.8606;-1;2;Autovettura privata;In marcia / fermata / arresto;Conducente;M;Illeso;0;;Non accertato;Inesploso
5753673;16;21/12/2021 13:30:00;Strada Urbana;VIA RAFFAELE BATTISTINI;in corrispondenza;;del civico n.;30;;Veicolo in marcia contro veicolo in sosta;Rettilineo;Una carreggiata a doppio senso;Asciutto;Asfaltata;Verticale ed orizzontale;Sereno;Normale;Buona;;0;0;0;0;12.4464;41.8656;-1;1;Autovettura privata;Sosta;;;;;;;
5753673;16;21/12/2021 13:30:00;Strada Urbana;VIA RAFFAELE BATTISTINI;in corrispondenza;;del civico n.;30;;Veicolo in marcia contro veicolo in sosta;Rettilineo;Una carreggiata a doppio senso;Asciutto;Asfaltata;Verticale ed orizzontale;Sereno;Normale;Buona;;0;0;0;0;12.4464;41.8656;-1;2;Autocarro inferiore 35 q.;Allontanatosi;;;;;;;
5753696;18;19/12/2021 23:40:00;Strada Urbana;VIA DI SELVA CANDIDA;all'intersezione con;VIA MOMBARUZZO;VIA MOMBARUZZO;;;Scontro frontale/laterale SX fra veicoli in marcia;Intersezione non regolata/non segnalata;Una carreggiata a doppio senso;Asciutto;Asfaltata;Orizzontale;Sereno;Scarso;Buona;;0;0;0;2;12.3773;41.9344;0;2;Autovettura privata;In marcia / fermata / arresto;Conducente;M;Illeso;0;;;