Protocollo;Gruppo;DataOraIncidente;Localizzazione1;STRADA1;Localizzazione2;STRADA2;Strada02;Chilometrica;DaSpecificare;NaturaIncidente;particolaritastrade;TipoStrada;FondoStradale;Pavimentazione;Segnaletica;CondizioneAtmosferica;Traffico;Visibilita;Illuminazione;NUM_FERITI;NUM_RISERVATA;NUM_MORTI;NUM_ILLESI;Longitudine;Latitudine;Confermato;Progressivo;TipoVeicolo;StatoVeicolo;TipoPersona;Sesso;Tipolesione;Deceduto;DecedutoDopo;CinturaCascoUtilizzato;Airbag;
5755153;3;22/12/2021 09:45:00;Strada Urbana;VIA DELLA LEGA LOMBARDA;in prossimit�;;del civico n.;27;;Veicolo in marcia contro veicoli in arresto;Rettilineo;Una carreggiata a doppio senso;Bagnato (pioggia);Asfaltata;Verticale ed orizzontale;Nuvoloso;Intenso;Buona;;0;0;0;3;12.5221;41.9093;-1;2;Autovettura privata;In marcia / fermata / arresto;Conducente;M;Illeso;0;;;
5755153;3;22/12/2021 09:45:00;Strada Urbana;VIA DELLA LEGA LOMBARDA;in prossimit�;;del civico n.;27;;Veicolo in marcia contro veicoli in arresto;Rettilineo;Una carreggiata a doppio senso;Bagnato (pioggia);Asfaltata;Verticale ed orizzontale;Nuvoloso;Intenso;Buona;;0;0;0;3;12.5221;41.9093;-1;3;Autovettura privata;In marcia / fermata / arresto;Conducente;M;Illeso;0;;;
5755156;18;22/12/2021 19:13:00;Strada Urbana;VIA ACCURSIO;in corrispondenza;;del civico n.;14;;Tamponamento;Rettilineo;Una carreggiata a senso unico di marcia;Asciutto;Asfaltata;Verticale ed orizzontale;Sereno;Scarso;Sufficiente;;0;0;0;3;12.4279;41.8999;-1;1;Autovettura privata;In marcia / fermata / arresto;Conducente;M;Illeso;0;;Non accertato;Inesploso
5755156;18;22/12/2021 19:13:00;Strada Urbana;VIA ACCURSIO;in corrispondenza;;del civico n.;14;;Tamponamento;Rettilineo;Una carreggiata a senso unico di marcia;Asciutto;Asfaltata;Verticale ed orizzontale;Sereno;Scarso;Sufficiente;;0;0;0;3;12.4279;41.8999;-1;1;Autovettura privata;In marcia / fermata / arresto;Passeggero;F;Illeso;0;;Non accertato;Inesploso
5755156;18;22/12/2021 19:13:00;Strada Urbana;VIA ACCURSIO;in corrispondenza;;del civico n.;14;;Tamponamento;Rettilineo;Una carreggiata a senso unico di marcia;Asciutto;Asfaltata;Verticale ed orizzontale;Sereno;Scarso;Sufficiente;;0;0;0;3;12.4279;41.8999;-1;2;Autovettura privata;In marcia / fermata / arresto;Conducente;F;Illeso;0;;Non accertato;Inesploso
5755158;23;22/12/2021 19:40:00;Strada Urbana;VIA FILIPPO CORRIDONI;all'intersezione con;PIAZZA ANTONINO CASCINO;PIAZZA ANTONINO CASCINO;;;Scontro frontale/laterale DX fra veicoli in marcia;Incrocio;Due carreggiate;Bagnato (umidit� in atto);Asfaltata;Verticale;Nuvoloso;Normale;Sufficiente;;0;0;0;4;12.4606;41.921;-1;1;Autovettura privata;In marcia / fermata / arresto;Conducente;M;Illeso;0;;Non accertato;Inesploso
5755158;23;22/12/2021 19:40:00;Strada Urbana;VIA FILIPPO CORRIDONI;all'intersezione con;PIAZZA ANTONINO CASCINO;PIAZZA ANTONINO CASCINO;;;Scontro frontale/laterale DX fra veicoli in marcia;Incrocio;Due carreggiate;Bagnato (umidit� in atto);Asfaltata;Verticale;Nuvoloso;Normale;Sufficiente;;0;0;0;4;12.4606;41.921;-1;2;Autovettura privata;In marcia / fermata / arresto;Conducente;M;Illeso;0;;Non accertato;Inesploso
5755158;23;22/12/2021 19:40:00;Strada Urbana;VIA FILIPPO CORRIDONI;all'intersezione con;PIAZZA ANTONINO CASCINO;PIAZZA ANTONINO CASCINO;;;Scontro frontale/laterale DX fra veicoli in marcia;Incrocio;Due carreggiate;Bagnato (umidit� in atto);Asfaltata;Verticale;Nuvoloso;Normale;Sufficiente;;0;0;0;4;12.4606;41.921;-1;2;Autovettura privata;In marcia / fermata / arresto;Passeggero;M;Illeso;0;;Non accertato;Inesploso
5755158;23;22/12/2021 19:40:00;Strada Urbana;VIA FILIPPO CORRIDONI;all'intersezione con;PIAZZA ANTONINO CASCINO;PIAZZA ANTONINO CASCINO;;;Scontro frontale/laterale DX fra veicoli in marcia;Incrocio;Due carreggiate;Bagnato (umidit� in atto);Asfaltata;Verticale;Nuvoloso;Normale;Sufficiente;;0;0;0;4;12.4606;41.921;-1;2;Autovettura privata;In marcia / fermata / arresto;Passeggero;M;Illeso;0;;Non accertato;Inesploso
5755158;23;22/12/2021 19:40:00;Strada Urbana;VIA FILIPPO CORRIDONI;all'intersezione con;PIAZZA ANTONINO CASCINO;PIAZZA ANTONINO CASCINO;;;Scontro frontale/laterale DX fra veicoli in marcia;Incrocio;Due carreggiate;Bagnato (umidit� in atto);Asfaltata;Verticale;Nuvoloso;Normale;Sufficiente;;0;0;0;4;12.4606;41.921;-1;3;Autovettura privata;Sosta;;;;;;;
5755158;23;22/12/2021 19:40:00;Strada Urbana;VIA FILIPPO CORRIDONI;all'intersezione con;PIAZZA ANTONINO CASCINO;PIAZZA ANTONINO CASCINO;;;Scontro frontale/laterale DX fra veicoli in marcia;Incrocio;Due carreggiate;Bagnato (umidit� in atto);Asfaltata;Verticale;Nuvoloso;Normale;Sufficiente;;0;0;0;4;12.4606;41.921;-1;4;Autovettura privata;Sosta;;;;;;;
5755162;3;22/12/2021 08:05:00;Strada Urbana;VIA BARI;all'intersezione con;VIA ROVIGO;VIA ROVIGO;;;Tamponamento;Intersezione semaforizzata;Una carreggiata a doppio senso;Bagnato (pioggia);Asfaltata;Verticale ed orizzontale;Nuvoloso;Intenso;Buona;;1;0;0;2;12.5142;41.9109;-1;1;Autovettura privata;In marcia / fermata / arresto;Conducente;F;Illeso;0;;;
5755162;3;22/12/2021 08:05:00;Strada Urbana;VIA BARI;all'intersezione con;VIA ROVIGO;VIA ROVIGO;;;Tamponamento;Intersezione semaforizzata;Una carreggiata a doppio senso;Bagnato (pioggia);Asfaltata;Verticale ed orizzontale;Nuvoloso;Intenso;Buona;;1;0;0;2;12.5142;41.9109;-1;1;Autovettura privata;In marcia / fermata / arresto;Passeggero;F;Rimandato;0;NON DECEDUTO;Utilizzato;Inesploso
5755162;3;22/12/2021 08:05:00;Strada Urbana;VIA BARI;all'intersezione con;VIA ROVIGO;VIA ROVIGO;;;Tamponamento;Intersezione semaforizzata;Una carreggiata a doppio senso;Bagnato (pioggia);Asfaltata;Verticale ed orizzontale;Nuvoloso;Intenso;Buona;;1;0;0;2;12.5142;41.9109;-1;2;Autocarro inferiore 35 q.;In marcia / fermata / arresto;Conducente;M;Illeso;0;;;
5755170;12;22/12/2021 16:25:00;Strada Urbana;VIA SALVATORE QUASIMODO;all'intersezione con;VIA VITALIANO BRANCATI;VIA VITALIANO BRANCATI;;;Scontro frontale/laterale SX fra veicoli in marcia;Intersezione stradale segnalata;Una carreggiata a doppio senso;Bagnato (umidit� in atto);Asfaltata;Verticale ed orizzontale;Sereno;Intenso;Buona;;1;0;0;1;12.4688;41.8151;-1;1;Autovettura privata;In marcia / fermata / arresto;Conducente;F;Rimandato;0;NON DECEDUTO;Utilizzato;
5755170;12;22/12/2021 16:25:00;Strada Urbana;VIA SALVATORE QUASIMODO;all'intersezione con;VIA VITALIANO BRANCATI;VIA VITALIANO BRANCATI;;;Scontro frontale/laterale SX fra veicoli in marcia;Intersezione stradale segnalata;Una carreggiata a doppio senso;Bagnato (umidit� in atto);Asfaltata;Verticale ed orizzontale;Sereno;Intenso;Buona;;1;0;0;1;12.4688;41.8151;-1;2;Autovettura privata;Allontanatosi;Conducente;F;Illeso;0;;Non accertato;Inesploso
5755178;7;22/12/2021 14:30:00;Strada Urbana;VIA PRENESTINA;all'intersezione con;VIALE ENZO FERRARI;VIALE ENZO FERRARI;;;Scontro laterale fra veicoli in marcia;Rotatoria;Una carreggiata a doppio senso;Asciutto;Asfaltata;Verticale ed orizzontale;Sereno;Normale;Buona;;0;0;0;2;12.5816;41.8932;-1;1;Autovettura privata;In marcia / fermata / arresto;Conducente;M;Illeso;0;;Non accertato;Inesploso
5755178;7;22/12/2021 14:30:00;Strada Urbana;VIA PRENESTINA;all'intersezione con;VIALE ENZO FERRARI;VIALE ENZO FERRARI;;;Scontro laterale fra veicoli in marcia;Rotatoria;Una carreggiata a doppio senso;Asciutto;Asfaltata;Verticale ed orizzontale;Sereno;Normale;Buona;;0;0;0;2;12.5816;41.8932;-1;2;Autovettura privata;In marcia / fermata / arresto;Conducente;M;Illeso;0;;Non accertato;Inesploso
5755179;10;23/12/2021 10:25:00;Strada Urbana;VIALE PALMIRO TOGLIATTI;all'intersezione semaforizzata con;VIA GIUSEPPE CHIOVENDA;VIA GIUSEPPE CHIOVENDA;;;Scontro frontale/laterale DX fra veicoli in marcia;Intersezione stradale segnalata;Due carreggiate;Asciutto;Asfaltata;Verticale ed orizzontale;Sereno;Normale;Buona;;0;0;0;2;12.5703;41.8591;-1;1;Autovettura privata;In marcia / fermata / arresto;Conducente;M;Illeso;0;;Non accertato;Inesploso
5755179;10;23/12/2021 10:25:00;Strada Urbana;VIALE PALMIRO TOGLIATTI;all'intersezione semaforizzata con;VIA GIUSEPPE CHIOVENDA;VIA GIUSEPPE CHIOVENDA;;;Scontro frontale/laterale DX fra veicoli in marcia;Intersezione stradale segnalata;Due carreggiate;Asciutto;Asfaltata;Verticale ed orizzontale;Sereno;Normale;Buona;;0;0;0;2;12.5703;41.8591;-1;2;Autovettura privata;In marcia / fermata / arresto;Conducente;M;Illeso;0;;Non accertato;Inesploso
5755181;18;22/12/2021 23:00:00;Strada Urbana;PIAZZA PIO XI;all'intersezione semaforizzata con;VIA FRANCESCO SATOLLI;VIA FRANCESCO SATOLLI;;;Veicolo in marcia che urta buche nella carreggiata;Intersezione semaforizzata;Pi� di due carreggiate;Asciutto;Asfaltata;Verticale ed orizzontale;Sereno;Scarso;Sufficiente;;1;0;0;0;12.4386;41.895;-1;1;Motociclo a solo;In marcia / fermata / arresto;Conducente;M;Rimandato;0;NON DECEDUTO;;
5755182;2;22/12/2021 08:20:00;Strada Urbana;VIA ANTONIO GRAMSCI;da specificare;;;;alt. via dei Monti Parioli;Scontro laterale fra veicoli in marcia;Rettilineo;Una carreggiata a senso unico di marcia;Bagnato (umidit� in atto);Asfaltata;Verticale ed orizzontale;Nuvoloso;Scarso;Buona;;0;0;0;3;12.4786;41.92;-1;1;Autovettura privata;In marcia / fermata / arresto;Conducente;M;Illeso;0;;;
5755182;2;22/12/2021 08:20:00;Strada Urbana;VIA ANTONIO GRAMSCI;da specificare;;;;alt. via dei Monti Parioli;Scontro laterale fra veicoli in marcia;Rettilineo;Una carreggiata a senso unico di marcia;Bagnato (umidit� in atto);Asfaltata;Verticale ed orizzontale;Nuvoloso;Scarso;Buona;;0;0;0;3;12.4786;41.92;-1;1;Autovettura privata;In marcia / fermata / arresto;Passeggero;M;Illeso;0;;;
5755182;2;22/12/2021 08:20:00;Strada Urbana;VIA ANTONIO GRAMSCI;da specificare;;;;alt. via dei Monti Parioli;Scontro laterale fra veicoli in marcia;Rettilineo;Una carreggiata a senso unico di marcia;Bagnato (umidit� in atto);Asfaltata;Verticale ed orizzontale;Nuvoloso;Scarso;Buona;;0;0;0;3;12.4786;41.92;-1;1;Autovettura privata;In marcia / fermata / arresto;Passeggero;F;Illeso;0;;;
5755182;2;22/12/2021 08:20:00;Strada Urbana;VIA ANTONIO GRAMSCI;da specificare;;;;alt. via dei Monti Parioli;Scontro laterale fra veicoli in marcia;Rettilineo;Una carreggiata a senso unico di marcia;Bagnato (umidit� in atto);Asfaltata;Verticale ed orizzontale;Nuvoloso;Scarso;Buona;;0;0;0;3;12.4786;41.92;-1;2;Autovettura privata;In marcia / fermata / arresto;;;;;;;
5755185;1;23/12/2021 00:50:00;Strada Urbana;VIA VITTORIO VENETO;in corrispondenza;;del civico n.;66;;Veicolo in marcia contro veicolo arresto;Curva a visuale libera;Una carreggiata a doppio senso;Asciutto;Asfaltata;Verticale ed orizzontale;Sereno;Normale;Buona;;1;0;0;0;12.4902;41.9064;-1;1;Quadriciclo;In marcia / fermata / arresto;Conducente;M;Rifiuta cure immediate;0;NON DECEDUTO;Non accertato;Inesistente
5755185;1;23/12/2021 00:50:00;Strada Urbana;VIA VITTORIO VENETO;in corrispondenza;;del civico n.;66;;Veicolo in marcia contro veicolo arresto;Curva a visuale libera;Una carreggiata a doppio senso;Asciutto;Asfaltata;Verticale ed orizzontale;Sereno;Normale;Buona;;1;0;0;0;12.4902;41.9064;-1;2;Autovettura privata;Allontanatosi;;;;;;;
5755196;2;22/12/2021 10:00:00;Strada Urbana;VIALE LIEGI;in prossimit�;;del civico n.;59;;Ribaltamento senza urto contro ostacolo fisso;Rettilineo;Una carreggiata a doppio senso;Bagnato (umidit� in atto);Asfaltata;Verticale ed orizzontale;Nuvoloso;Normale;Buona;;1;0;0;0;12.4927;41.9222;-1;1;Motociclo a solo;In marcia / fermata / arresto;Conducente;M;Rimandato;0;NON DECEDUTO;Non accertato;
5755201;7;22/12/2021 17:30:00;Strada Urbana;VIA DEI BERIO;in prossimit�;;del palo luce n.;30;;Investimento di pedone;Rettilineo;Una carreggiata a senso unico di marcia;Asciutto;Asfaltata;Verticale ed orizzontale;Sereno;Normale;Buona;;1;0;0;0;12.5872;41.8864;0;;;;Pedone;F;Rimandato;0;NON DECEDUTO;;
5755211;17;21/12/2021 11:00:00;Strada Urbana;VIALE GIUSEPPE MAZZINI;da specificare;;;;ALTEZZA PIAZZA MAZZINI PROVENIENZA DA VIALE ANGELI;Investimento di pedone;Rettilineo;Una carreggiata a senso unico di marcia;Asciutto;Asfaltata;Verticale ed orizzontale;Sereno;Normale;Buona;;2;0;0;1;12.4626;41.9158;-1;;;;Pedone;M;Rimandato;0;NON DECEDUTO;;
5755211;17;21/12/2021 11:00:00;Strada Urbana;VIALE GIUSEPPE MAZZINI;da specificare;;;;ALTEZZA PIAZZA MAZZINI PROVENIENZA DA VIALE ANGELI;Investimento di pedone;Rettilineo;Una carreggiata a senso unico di marcia;Asciutto;Asfaltata;Verticale ed orizzontale;Sereno;Normale;Buona;;2;0;0;1;12.4626;41.9158;-1;;;;Pedone;F;Rimandato;0;NON DECEDUTO;;
5755211;17;21/12/2021 11:00:00;Strada Urbana;VIALE GIUSEPPE MAZZINI;da specificare;;;;ALTEZZA PIAZZA MAZZINI PROVENIENZA DA VIALE ANGELI;Investimento di pedone;Rettilineo;Una carreggiata a senso unico di marcia;Asciutto;Asfaltata;Verticale ed orizzontale;Sereno;Normale;Buona;;2;0;0;1;12.4626;41.9158;-1;1;Autovettura privata;In marcia / fermata / arresto;Conducente;M;Illeso;0;;;
5755218;6;21/12/2021 18:45:00;Strada Urbana;VIA COLLATINA;in corrispondenza;;del civico n.;77;;Investimento di pedone;Rettilineo;Una carreggiata a doppio senso;Asciutto;Asfaltata;Verticale ed orizzontale;Sereno;Intenso;Sufficiente;;1;0;0;2;12.5649;41.8996;-1;;;;Pedone;M;Rifiuta cure immediate;0;NON DECEDUTO;;
5755218;6;21/12/2021 18:45:00;Strada Urbana;VIA COLLATINA;in corrispondenza;;del civico n.;77;;Investimento di pedone;Rettilineo;Una carreggiata a doppio senso;Asciutto;Asfaltata;Verticale ed orizzontale;Sereno;Intenso;Sufficiente;;1;0;0;2;12.5649;41.8996;-1;1;Autovettura privata;In marcia / fermata / arresto;Conducente;F;Illeso;0;;;
5755218;6;21/12/2021 18:45:00;Strada Urbana;VIA COLLATINA;in corrispondenza;;del civico n.;77;;Investimento di pedone;Rettilineo;Una carreggiata a doppio senso;Asciutto;Asfaltata;Verticale ed orizzontale;Sereno;Intenso;Sufficiente;;1;0;0;2;12.5649;41.8996;-1;1;Autovettura privata;In marcia / fermata / arresto;Passeggero;M;Illeso;0;;Non accertato;Inesploso
5755235;2;22/12/2021 10:55:00;Strada Urbana;PIAZZA TRENTO;in prossimit�;;del civico n.;38;;Scontro laterale fra veicoli in marcia;Rettilineo;Due carreggiate;Bagnato (umidit� in atto);Asfaltata;Verticale ed orizzontale;Nuvoloso;Normale;Buona;;0;0;0;2;12.5061;41.9171;-1;1;Autovettura privata;In marcia / fermata / arresto;Conducente;F;Illeso;0;;Non accertato;Inesploso
5755235;2;22/12/2021 10:55:00;Strada Urbana;PIAZZA TRENTO;in prossimit�;;del civico n.;38;;Scontro laterale fra veicoli in marcia;Rettilineo;Due carreggiate;Bagnato (umidit� in atto);Asfaltata;Verticale ed orizzontale;Nuvoloso;Normale;Buona;;0;0;0;2;12.5061;41.9171;-1;2;Autovettura privata;In marcia / fermata / arresto;Conducente;M;Illeso;0;;Non accertato;Inesploso
5755237;7;22/12/2021 21:00:00;Strada Urbana;VIA DELLE ACACIE;all'intersezione con;VIA DEI GINEPRI;VIA DEI GINEPRI;;;Veicolo in marcia contro veicoli in sosta;Incrocio;Una carreggiata a senso unico di marcia;Asciutto;Asfaltata;Verticale ed orizzontale;Sereno;Scarso;Sufficiente;;0;0;0;1;12.5709;41.8887;-1;1;Autovettura privata;In marcia / fermata / arresto;Conducente;F;Illeso;0;;;
5755237;7;22/12/2021 21:00:00;Strada Urbana;VIA DELLE ACACIE;all'intersezione con;VIA DEI GINEPRI;VIA DEI GINEPRI;;;Veicolo in marcia contro veicoli in sosta;Incrocio;Una carreggiata a senso unico di marcia;Asciutto;Asfaltata;Verticale ed orizzontale;Sereno;Scarso;Sufficiente;;0;0;0;1;12.5709;41.8887;-1;2;Autovettura privata;Sosta;;;;;;;
5755237;7;22/12/2021 21:00:00;Strada Urbana;VIA DELLE ACACIE;all'intersezione con;VIA DEI GINEPRI;VIA DEI GINEPRI;;;Veicolo in marcia contro veicoli in sosta;Incrocio;Una carreggiata a senso unico di marcia;Asciutto;Asfaltata;Verticale ed orizzontale;Sereno;Scarso;Sufficiente;;0;0;0;1;12.5709;41.8887;-1;3;Autovettura privata;Sosta;;;;;;;
5755277;6;22/12/2021 17:00:00;Strada Urbana;PIAZZA DEL PIGNETO;all'intersezione semaforizzata con;VIA CASILINA;VIA CASILINA;;;Scontro laterale fra veicoli in marcia;Incrocio;Una carreggiata a doppio senso;Asciutto;Asfaltata;Verticale ed orizzontale;Sereno;Normale;Sufficiente;;0;0;0;2;12.5228;41.889;-1;1;Autovettura privata;In marcia / fermata / arresto;Conducente;M;Illeso;0;;;
5755277;6;22/12/2021 17:00:00;Strada Urbana;PIAZZA DEL PIGNETO;all'intersezione semaforizzata con;VIA CASILINA;VIA CASILINA;;;Scontro laterale fra veicoli in marcia;Incrocio;Una carreggiata a doppio senso;Asciutto;Asfaltata;Verticale ed orizzontale;Sereno;Normale;Sufficiente;;0;0;0;2;12.5228;41.889;-1;2;Autovettura privata;In marcia / fermata / arresto;Conducente;F;Illeso;0;;;
5755283;9;23/12/2021 09:35:00;Strada Urbana;VIA CILICIA;in prossimit�;;del civico n.;54;;Tamponamento Multiplo;Pendenza;Due carreggiate;Asciutto;Asfaltata;Verticale ed orizzontale;Sereno;Normale;Buona;;0;0;0;3;12.5033;41.8716;-1;1;Autovettura privata;In marcia / fermata / arresto;Conducente;M;Illeso;0;;Non accertato;Inesploso
5755283;9;23/12/2021 09:35:00;Strada Urbana;VIA CILICIA;in prossimit�;;del civico n.;54;;Tamponamento Multiplo;Pendenza;Due carreggiate;Asciutto;Asfaltata;Verticale ed orizzontale;Sereno;Normale;Buona;;0;0;0;3;12.5033;41.8716;-1;2;Autovettura privata;In marcia / fermata / arresto;Conducente;M;Illeso;0;;Non accertato;Inesploso
5755283;9;23/12/2021 09:35:00;Strada Urbana;VIA CILICIA;in prossimit�;;del civico n.;54;;Tamponamento Multiplo;Pendenza;Due carreggiate;Asciutto;Asfaltata;Verticale ed orizzontale;Sereno;Normale;Buona;;0;0;0;3;12.5033;41.8716;-1;3;Autovettura privata;In marcia / fermata / arresto;Conducente;M;Illeso;0;;Non accertato;Inesploso
5755323;2;21/12/2021 01:00:00;Strada Urbana;VIA FOGLIANO;in corrispondenza;;del civico n.;33;;Veicolo in marcia contro veicolo in sosta;Rettilineo;Una carreggiata a senso unico di marcia;Asciutto;Asfaltata;Orizzontale;Sereno;Normale;Sufficiente;;0;0;0;0;12.5082;41.9278;-1;1;Autovettura privata;Allontanatosi;;;;;;;
5755323;2;21/12/2021 01:00:00;Strada Urbana;VIA FOGLIANO;in corrispondenza;;del civico n.;33;;Veicolo in marcia contro veicolo in sosta;Rettilineo;Una carreggiata a senso unico di marcia;Asciutto;Asfaltata;Orizzontale;Sereno;Normale;Sufficiente;;0;0;0;0;12.5082;41.9278;-1;2;Autovettura privata;Sosta;;;;;;;
5755327;7;23/12/2021;Strada Urbana;VIA CASILINA;da specificare;;;;altezza VIALE ALESSANDRINO;Veicolo in marcia contro ostacolo fisso;Rettilineo;Una carreggiata a doppio senso;Asciutto;Asfaltata;Verticale ed orizzontale;Sereno;Normale;Buona;;0;0;0;0;12.5799;41.8711;0;1;Autovettura privata;In marcia / fermata / arresto;;;;;;;
5755364;2;23/12/2021 10:10:00;Strada Urbana;LARGO AMILCARE PONCHIELLI;in corrispondenza;;del civico n.;4;;Scontro laterale fra veicoli in marcia;Rettilineo;Una carreggiata a doppio senso;Asciutto;Asfaltata;Verticale ed orizzontale;Sereno;Normale;Buona;;1;0;0;1;12.4961;41.9171;-1;1;Autocarro inferiore 35 q.;In marcia / fermata / arresto;Conducente;M;Illeso;0;;;
5755364;2;23/12/2021 10:10:00;Strada Urbana;LARGO AMILCARE PONCHIELLI;in corrispondenza;;del civico n.;4;;Scontro laterale fra veicoli in marcia;Rettilineo;Una carreggiata a doppio senso;Asciutto;Asfaltata;Verticale ed orizzontale;Sereno;Normale;Buona;;1;0;0;1;12.4961;41.9171;-1;2;Motociclo a solo;In marcia / fermata / arresto;Conducente;M;Rimandato;0;NON DECEDUTO;;
5755408;12;22/12/2021 13:00:00;Strada Urbana;VIALE LUIGI MASCHERPA;in prossimit�;;del civico n.;46;;Tamponamento;Rettilineo;Una carreggiata a doppio senso;Bagnato (umidit� in atto);Asfaltata;Verticale ed orizzontale;Sereno;Normale;Buona;;0;0;0;2;12.4411;41.8206;-1;1;Autovettura privata;In marcia / fermata / arresto;Conducente;M;Illeso;0;;;Inesploso
5755408;12;22/12/2021 13:00:00;Strada Urbana;VIALE LUIGI MASCHERPA;in prossimit�;;del civico n.;46;;Tamponamento;Rettilineo;Una carreggiata a doppio senso;Bagnato (umidit� in atto);Asfaltata;Verticale ed orizzontale;Sereno;Normale;Buona;;0;0;0;2;12.4411;41.8206;-1;2;Autocaravan;In marcia / fermata / arresto;Conducente;M;Illeso;0;;Utilizzato;Inesploso
5755436;10;23/12/2021 12:45:00;Strada Urbana;VIA VITTORIO RAGUSA;da specificare;;;;palo acea 90;Tamponamento Multiplo;Rettilineo;Pi� di due carreggiate;Asciutto;Asfaltata;Verticale ed orizzontale;Nuvoloso;Normale;Buona;;2;0;0;6;12.6161;41.8461;-1;1;Autocarro inferiore 35 q.;In marcia / fermata / arresto;Conducente;M;Illeso;0;;;Inesploso
5755436;10;23/12/2021 12:45:00;Strada Urbana;VIA VITTORIO RAGUSA;da specificare;;;;palo acea 90;Tamponamento Multiplo;Rettilineo;Pi� di due carreggiate;Asciutto;Asfaltata;Verticale ed orizzontale;Nuvoloso;Normale;Buona;;2;0;0;6;12.6161;41.8461;-1;1;Autocarro inferiore 35 q.;In marcia / fermata / arresto;Passeggero;M;Illeso;0;;;Inesploso
5755436;10;23/12/2021 12:45:00;Strada Urbana;VIA VITTORIO RAGUSA;da specificare;;;;palo acea 90;Tamponamento Multiplo;Rettilineo;Pi� di due carreggiate;Asciutto;Asfaltata;Verticale ed orizzontale;Nuvoloso;Normale;Buona;;2;0;0;6;12.6161;41.8461;-1;2;Autovettura privata;In marcia / fermata / arresto;Conducente;M;Rimandato;0;NON DECEDUTO;;Esploso
5755436;10;23/12/2021 12:45:00;Strada Urbana;VIA VITTORIO RAGUSA;da specificare;;;;palo acea 90;Tamponamento Multiplo;Rettilineo;Pi� di due carreggiate;Asciutto;Asfaltata;Verticale ed orizzontale;Nuvoloso;Normale;Buona;;2;0;0;6;12.6161;41.8461;-1;3;Autovettura privata;In marcia / fermata / arresto;Conducente;F;Illeso;0;;;Inesploso
5755436;10;23/12/2021 12:45:00;Strada Urbana;VIA VITTORIO RAGUSA;da specificare;;;;palo acea 90;Tamponamento Multiplo;Rettilineo;Pi� di due carreggiate;Asciutto;Asfaltata;Verticale ed orizzontale;Nuvoloso;Normale;Buona;;2;0;0;6;12.6161;41.8461;-1;4;Autovettura privata;In marcia / fermata / arresto;Conducente;M;Illeso;0;;;Inesploso
5755436;10;23/12/2021 12:45:00;Strada Urbana;VIA VITTORIO RAGUSA;da specificare;;;;palo acea 90;Tamponamento Multiplo;Rettilineo;Pi� di due carreggiate;Asciutto;Asfaltata;Verticale ed orizzontale;Nuvoloso;Normale;Buona;;2;0;0;6;12.6161;41.8461;-1;5;Autocarro inferiore 35 q.;In marcia / fermata / arresto;Conducente;M;Illeso;0;;;Inesploso
5755436;10;23/12/2021 12:45:00;Strada Urbana;VIA VITTORIO RAGUSA;da specificare;;;;palo acea 90;Tamponamento Multiplo;Rettilineo;Pi� di due carreggiate;Asciutto;Asfaltata;Verticale ed orizzontale;Nuvoloso;Normale;Buona;;2;0;0;6;12.6161;41.8461;-1;6;Autovettura privata;In marcia / fermata / arresto;Conducente;M;Illeso;0;;;Esploso
5755436;10;23/12/2021 12:45:00;Strada Urbana;VIA VITTORIO RAGUSA;da specificare;;;;palo acea 90;Tamponamento Multiplo;Rettilineo;Pi� di due carreggiate;Asciutto;Asfaltata;Verticale ed orizzontale;Nuvoloso;Normale;Buona;;2;0;0;6;12.6161;41.8461;-1;6;Autovettura privata;In marcia / fermata / arresto;Passeggero;M;Rimandato;0;NON DECEDUTO;;
5755484;12;22/12/2021 15:00:00;Strada Urbana;VIALE CAMILLO SABATINI;all'intersezione con;VIALE ROMUALDO CHIESA;VIALE ROMUALDO CHIESA;;;Scontro frontale/laterale SX fra veicoli in marcia;Incrocio;Due carreggiate;Asciutto;Asfaltata;Verticale ed orizzontale;Sereno;Normale;Buona;;1;0;0;1;12.4406;41.8186;-1;1;Autovettura privata;In marcia / fermata / arresto;Conducente;M;Illeso;0;;Utilizzato;Inesploso
5755484;12;22/12/2021 15:00:00;Strada Urbana;VIALE CAMILLO SABATINI;all'intersezione con;VIALE ROMUALDO CHIESA;VIALE ROMUALDO CHIESA;;;Scontro frontale/laterale SX fra veicoli in marcia;Incrocio;Due carreggiate;Asciutto;Asfaltata;Verticale ed orizzontale;Sereno;Normale;Buona;;1;0;0;1;12.4406;41.8186;-1;2;Motociclo a solo;In marcia / fermata / arresto;Conducente;M;Rimandato;0;NON DECEDUTO;Non accertato;
5755596;9;23/12/2021 12:50:00;Strada Urbana;VIA TUSCOLANA;in prossimit�;;del civico n.;342;;Veicolo in marcia contro veicolo arresto;Rettilineo;Una carreggiata a doppio senso;Asciutto;Asfaltata;Verticale ed orizzontale;Nuvoloso;Normale;Buona;;1;0;0;3;12.5275;41.8754;-1;;;;Pedone;F;Illeso;0;;;
5755596;9;23/12/2021 12:50:00;Strada Urbana;VIA TUSCOLANA;in prossimit�;;del civico n.;342;;Veicolo in marcia contro veicolo arresto;Rettilineo;Una carreggiata a doppio senso;Asciutto;Asfaltata;Verticale ed orizzontale;Nuvoloso;Normale;Buona;;1;0;0;3;12.5275;41.8754;-1;1;Autovettura privata;In marcia / fermata / arresto;Conducente;M;Illeso;0;;Non accertato;Inesploso
5755596;9;23/12/2021 12:50:00;Strada Urbana;VIA TUSCOLANA;in prossimit�;;del civico n.;342;;Veicolo in marcia contro veicolo arresto;Rettilineo;Una carreggiata a doppio senso;Asciutto;Asfaltata;Verticale ed orizzontale;Nuvoloso;Normale;Buona;;1;0;0;3;12.5275;41.8754;-1;1;Autovettura privata;In marcia / fermata / arresto;Passeggero;M;Illeso;0;;Non accertato;Inesploso