Protocollo;Gruppo;DataOraIncidente;Localizzazione1;STRADA1;Localizzazione2;STRADA2;Strada02;Chilometrica;DaSpecificare;NaturaIncidente;particolaritastrade;TipoStrada;FondoStradale;Pavimentazione;Segnaletica;CondizioneAtmosferica;Traffico;Visibilita;Illuminazione;NUM_FERITI;NUM_RISERVATA;NUM_MORTI;NUM_ILLESI;Longitudine;Latitudine;Confermato;Progressivo;TipoVeicolo;StatoVeicolo;TipoPersona;Sesso;Tipolesione;Deceduto;DecedutoDopo;CinturaCascoUtilizzato;Airbag;
5756704;4;22/12/2021 01:30:00;Strada Urbana;VIA DI VALLE RICCA;da specificare;;;;Via delle Fornaci;Fuoriuscita dalla sede stradale;Rettilineo;Una carreggiata a doppio senso;Bagnato (pioggia);Asfaltata;Orizzontale;Pioggia in atto;Scarso;Insufficiente;;0;0;0;1;12.5917;42.0399;-1;1;Autovettura privata;In marcia / fermata / arresto;Conducente;M;Illeso;0;;;
5756707;15;24/12/2021 08:30:00;Strada Urbana;VIA DELLA MAGLIANA;in prossimit�;;del civico n.;103;;Scontro laterale fra veicoli in marcia;Rettilineo;Una carreggiata a doppio senso;Bagnato (pioggia);Asfaltata;Orizzontale;Nuvoloso;Scarso;Buona;;1;0;0;1;12.4587;41.856;-1;1;Autovettura privata;In marcia / fermata / arresto;Conducente;M;Illeso;0;;Non accertato;Inesploso
5756707;15;24/12/2021 08:30:00;Strada Urbana;VIA DELLA MAGLIANA;in prossimit�;;del civico n.;103;;Scontro laterale fra veicoli in marcia;Rettilineo;Una carreggiata a doppio senso;Bagnato (pioggia);Asfaltata;Orizzontale;Nuvoloso;Scarso;Buona;;1;0;0;1;12.4587;41.856;-1;2;Motociclo a solo;In marcia / fermata / arresto;Conducente;M;Rimandato;0;NON DECEDUTO;;
5756708;15;24/12/2021 08:20:00;Strada Urbana;VIA DELL'IMPRUNETA;all'intersezione con;VIALE VICOPISANO;VIALE VICOPISANO;;;Scontro frontale/laterale SX fra veicoli in marcia;Incrocio;Due carreggiate;Bagnato (pioggia);Asfaltata;Verticale ed orizzontale;Pioggia in atto;Normale;Buona;;1;0;0;1;12.4584;41.8471;-1;1;Autovettura privata;In marcia / fermata / arresto;Conducente;F;Rimandato;0;NON DECEDUTO;Non accertato;Inesploso
5756708;15;24/12/2021 08:20:00;Strada Urbana;VIA DELL'IMPRUNETA;all'intersezione con;VIALE VICOPISANO;VIALE VICOPISANO;;;Scontro frontale/laterale SX fra veicoli in marcia;Incrocio;Due carreggiate;Bagnato (pioggia);Asfaltata;Verticale ed orizzontale;Pioggia in atto;Normale;Buona;;1;0;0;1;12.4584;41.8471;-1;2;Autovettura privata;In marcia / fermata / arresto;Conducente;F;Illeso;0;;Non accertato;Inesploso
5756728;17;22/12/2021 16:20:00;Strada Urbana;PIAZZA DELLE CINQUE GIORNATE;all'intersezione con;VIALE DELLE MILIZIE;VIALE DELLE MILIZIE;;;Scontro frontale/laterale SX fra veicoli in marcia;Intersezione semaforizzata;Pi� di due carreggiate;Bagnato (umidit� in atto);Asfaltata;Verticale ed orizzontale;Sereno;Normale;Buona;;2;0;0;1;12.4692;41.9142;-1;1;Autovettura privata;In marcia / fermata / arresto;Conducente;F;Rimandato;0;NON DECEDUTO;;
5756728;17;22/12/2021 16:20:00;Strada Urbana;PIAZZA DELLE CINQUE GIORNATE;all'intersezione con;VIALE DELLE MILIZIE;VIALE DELLE MILIZIE;;;Scontro frontale/laterale SX fra veicoli in marcia;Intersezione semaforizzata;Pi� di due carreggiate;Bagnato (umidit� in atto);Asfaltata;Verticale ed orizzontale;Sereno;Normale;Buona;;2;0;0;1;12.4692;41.9142;-1;2;Altro;In marcia / fermata / arresto;Conducente;M;Illeso;0;;;
5756728;17;22/12/2021 16:20:00;Strada Urbana;PIAZZA DELLE CINQUE GIORNATE;all'intersezione con;VIALE DELLE MILIZIE;VIALE DELLE MILIZIE;;;Scontro frontale/laterale SX fra veicoli in marcia;Intersezione semaforizzata;Pi� di due carreggiate;Bagnato (umidit� in atto);Asfaltata;Verticale ed orizzontale;Sereno;Normale;Buona;;2;0;0;1;12.4692;41.9142;-1;2;Altro;In marcia / fermata / arresto;Passeggero;M;Rimandato;0;NON DECEDUTO;;
5756772;17;22/12/2021 19:00:00;Strada Urbana;SOTTOPASSO LARGO GIOVANNI XXIII;da specificare;;;;SVINCOLO PER GREGORIO vii;Scontro laterale fra veicoli in marcia;Sottopasso illuminato;Una carreggiata a senso unico di marcia;Asciutto;Asfaltata;Assente;Sereno;Normale;Buona;;1;0;0;1;12.4644;41.9022;-1;1;Autovettura privata;In marcia / fermata / arresto;Conducente;F;Illeso;0;;;
5756772;17;22/12/2021 19:00:00;Strada Urbana;SOTTOPASSO LARGO GIOVANNI XXIII;da specificare;;;;SVINCOLO PER GREGORIO vii;Scontro laterale fra veicoli in marcia;Sottopasso illuminato;Una carreggiata a senso unico di marcia;Asciutto;Asfaltata;Assente;Sereno;Normale;Buona;;1;0;0;1;12.4644;41.9022;-1;2;Motociclo a solo;In marcia / fermata / arresto;Conducente;M;Rimandato;0;NON DECEDUTO;;
5756812;9;23/12/2021 20:10:00;Strada Urbana;VIA TUSCOLANA;all'intersezione con;VIALE AMELIA;VIALE AMELIA;;;Investimento di pedone;Incrocio;Una carreggiata a doppio senso;Bagnato (pioggia);Asfaltata;Verticale ed orizzontale;Pioggia in atto;Normale;Sufficiente;;0;0;0;2;12.5249;41.8774;-1;;;;Pedone;M;Illeso;0;;;
5756812;9;23/12/2021 20:10:00;Strada Urbana;VIA TUSCOLANA;all'intersezione con;VIALE AMELIA;VIALE AMELIA;;;Investimento di pedone;Incrocio;Una carreggiata a doppio senso;Bagnato (pioggia);Asfaltata;Verticale ed orizzontale;Pioggia in atto;Normale;Sufficiente;;0;0;0;2;12.5249;41.8774;-1;1;Autovettura privata;In marcia / fermata / arresto;Conducente;M;Illeso;0;;;
5756905;6;24/12/2021 12:50:00;Strada Urbana;VIALE DELLA SERENISSIMA;all'intersezione con;VIA PISINO;VIA PISINO;;;Scontro frontale/laterale SX fra veicoli in marcia;Intersezione stradale segnalata;Una carreggiata a senso unico di marcia;Bagnato (pioggia);Asfaltata;Verticale ed orizzontale;Nuvoloso;Normale;Sufficiente;;1;0;0;2;12.5587;41.8981;-1;1;Autovettura privata;In marcia / fermata / arresto;Conducente;M;Illeso;0;;;
5756905;6;24/12/2021 12:50:00;Strada Urbana;VIALE DELLA SERENISSIMA;all'intersezione con;VIA PISINO;VIA PISINO;;;Scontro frontale/laterale SX fra veicoli in marcia;Intersezione stradale segnalata;Una carreggiata a senso unico di marcia;Bagnato (pioggia);Asfaltata;Verticale ed orizzontale;Nuvoloso;Normale;Sufficiente;;1;0;0;2;12.5587;41.8981;-1;1;Autovettura privata;In marcia / fermata / arresto;Passeggero;F;Illeso;0;;Non accertato;Inesploso
5756905;6;24/12/2021 12:50:00;Strada Urbana;VIALE DELLA SERENISSIMA;all'intersezione con;VIA PISINO;VIA PISINO;;;Scontro frontale/laterale SX fra veicoli in marcia;Intersezione stradale segnalata;Una carreggiata a senso unico di marcia;Bagnato (pioggia);Asfaltata;Verticale ed orizzontale;Nuvoloso;Normale;Sufficiente;;1;0;0;2;12.5587;41.8981;-1;2;Autovettura privata;In marcia / fermata / arresto;Conducente;M;Rimandato;0;NON DECEDUTO;Non accertato;Inesploso
5757203;8;24/12/2021 11:05:00;Strada Urbana;VIA ENZO BENEDETTO;in prossimit�;;del civico n.;26;;Scontro laterale fra veicoli in marcia;Rettilineo;Una carreggiata a doppio senso;Bagnato (pioggia);Asfaltata;Verticale ed orizzontale;Pioggia in atto;Intenso;Buona;;0;0;0;3;12.5819;41.8324;-1;1;Autovettura di polizia;In marcia / fermata / arresto;Conducente;F;Illeso;0;;Non accertato;Inesploso
5757203;8;24/12/2021 11:05:00;Strada Urbana;VIA ENZO BENEDETTO;in prossimit�;;del civico n.;26;;Scontro laterale fra veicoli in marcia;Rettilineo;Una carreggiata a doppio senso;Bagnato (pioggia);Asfaltata;Verticale ed orizzontale;Pioggia in atto;Intenso;Buona;;0;0;0;3;12.5819;41.8324;-1;1;Autovettura di polizia;In marcia / fermata / arresto;Passeggero;F;Illeso;0;;Non accertato;Inesploso
5757203;8;24/12/2021 11:05:00;Strada Urbana;VIA ENZO BENEDETTO;in prossimit�;;del civico n.;26;;Scontro laterale fra veicoli in marcia;Rettilineo;Una carreggiata a doppio senso;Bagnato (pioggia);Asfaltata;Verticale ed orizzontale;Pioggia in atto;Intenso;Buona;;0;0;0;3;12.5819;41.8324;-1;2;Autovettura privata;In marcia / fermata / arresto;Conducente;M;Illeso;0;;Non accertato;Inesploso
5757212;8;24/12/2021 14:45:00;Strada Urbana;VIA DI VERMICINO;in corrispondenza;;del civico n.;27;;Scontro laterale fra veicoli in marcia;Rettilineo;Una carreggiata a doppio senso;Bagnato (umidit� in atto);Asfaltata;Orizzontale;Sereno;Intenso;Buona;;0;0;0;5;12.6708;41.8617;-1;1;Autovettura privata;In marcia / fermata / arresto;Conducente;M;Illeso;0;;Non accertato;Inesploso
5757212;8;24/12/2021 14:45:00;Strada Urbana;VIA DI VERMICINO;in corrispondenza;;del civico n.;27;;Scontro laterale fra veicoli in marcia;Rettilineo;Una carreggiata a doppio senso;Bagnato (umidit� in atto);Asfaltata;Orizzontale;Sereno;Intenso;Buona;;0;0;0;5;12.6708;41.8617;-1;1;Autovettura privata;In marcia / fermata / arresto;Passeggero;M;Illeso;0;;Non accertato;Inesploso
5757212;8;24/12/2021 14:45:00;Strada Urbana;VIA DI VERMICINO;in corrispondenza;;del civico n.;27;;Scontro laterale fra veicoli in marcia;Rettilineo;Una carreggiata a doppio senso;Bagnato (umidit� in atto);Asfaltata;Orizzontale;Sereno;Intenso;Buona;;0;0;0;5;12.6708;41.8617;-1;1;Autovettura privata;In marcia / fermata / arresto;Passeggero;M;Illeso;0;;Non accertato;Inesploso
5757212;8;24/12/2021 14:45:00;Strada Urbana;VIA DI VERMICINO;in corrispondenza;;del civico n.;27;;Scontro laterale fra veicoli in marcia;Rettilineo;Una carreggiata a doppio senso;Bagnato (umidit� in atto);Asfaltata;Orizzontale;Sereno;Intenso;Buona;;0;0;0;5;12.6708;41.8617;-1;2;Autovettura privata;In marcia / fermata / arresto;Conducente;M;Illeso;0;;Non accertato;Inesploso
5757212;8;24/12/2021 14:45:00;Strada Urbana;VIA DI VERMICINO;in corrispondenza;;del civico n.;27;;Scontro laterale fra veicoli in marcia;Rettilineo;Una carreggiata a doppio senso;Bagnato (umidit� in atto);Asfaltata;Orizzontale;Sereno;Intenso;Buona;;0;0;0;5;12.6708;41.8617;-1;2;Autovettura privata;In marcia / fermata / arresto;Passeggero;F;Illeso;0;;Non accertato;Inesploso
5757223;8;24/12/2021 18:30:00;Strada Urbana;VIALE S. RITA DA CASCIA;in prossimit�;;del civico n.;40;;Scontro frontale/laterale SX fra veicoli in marcia;Rettilineo;Una carreggiata a doppio senso;Bagnato (pioggia);Asfaltata;Verticale ed orizzontale;Nuvoloso;Normale;Sufficiente;;0;0;0;5;12.6455;41.8684;-1;1;Autovettura privata;In marcia / fermata / arresto;Conducente;M;Illeso;0;;Non accertato;Inesploso
5757223;8;24/12/2021 18:30:00;Strada Urbana;VIALE S. RITA DA CASCIA;in prossimit�;;del civico n.;40;;Scontro frontale/laterale SX fra veicoli in marcia;Rettilineo;Una carreggiata a doppio senso;Bagnato (pioggia);Asfaltata;Verticale ed orizzontale;Nuvoloso;Normale;Sufficiente;;0;0;0;5;12.6455;41.8684;-1;1;Autovettura privata;In marcia / fermata / arresto;Passeggero;M;Illeso;0;;Non accertato;Inesploso
5757223;8;24/12/2021 18:30:00;Strada Urbana;VIALE S. RITA DA CASCIA;in prossimit�;;del civico n.;40;;Scontro frontale/laterale SX fra veicoli in marcia;Rettilineo;Una carreggiata a doppio senso;Bagnato (pioggia);Asfaltata;Verticale ed orizzontale;Nuvoloso;Normale;Sufficiente;;0;0;0;5;12.6455;41.8684;-1;2;Autovettura privata;In marcia / fermata / arresto;Conducente;F;Illeso;0;;Non accertato;Inesploso
5757223;8;24/12/2021 18:30:00;Strada Urbana;VIALE S. RITA DA CASCIA;in prossimit�;;del civico n.;40;;Scontro frontale/laterale SX fra veicoli in marcia;Rettilineo;Una carreggiata a doppio senso;Bagnato (pioggia);Asfaltata;Verticale ed orizzontale;Nuvoloso;Normale;Sufficiente;;0;0;0;5;12.6455;41.8684;-1;2;Autovettura privata;In marcia / fermata / arresto;Passeggero;M;Illeso;0;;Non accertato;Inesploso
5757223;8;24/12/2021 18:30:00;Strada Urbana;VIALE S. RITA DA CASCIA;in prossimit�;;del civico n.;40;;Scontro frontale/laterale SX fra veicoli in marcia;Rettilineo;Una carreggiata a doppio senso;Bagnato (pioggia);Asfaltata;Verticale ed orizzontale;Nuvoloso;Normale;Sufficiente;;0;0;0;5;12.6455;41.8684;-1;3;Autovettura privata;In marcia / fermata / arresto;Conducente;M;Illeso;0;;Non accertato;Inesploso
5757224;12;24/12/2021 18:00:00;Strada Urbana;VIA DELLA CECCHIGNOLA;da specificare;;;;CIRCA 200 MT DOPO ROTATORIA TOR PAGNOTTA;Scontro frontale fra veicoli in marcia;Rettilineo;Una carreggiata a doppio senso;Bagnato (umidit� in atto);Asfaltata;Orizzontale;Nuvoloso;Normale;Buona;;2;0;0;0;12.5116;41.8077;0;1;Autovettura privata;In marcia / fermata / arresto;Conducente;M;Rimandato;0;NON DECEDUTO;Non accertato;
5757224;12;24/12/2021 18:00:00;Strada Urbana;VIA DELLA CECCHIGNOLA;da specificare;;;;CIRCA 200 MT DOPO ROTATORIA TOR PAGNOTTA;Scontro frontale fra veicoli in marcia;Rettilineo;Una carreggiata a doppio senso;Bagnato (umidit� in atto);Asfaltata;Orizzontale;Nuvoloso;Normale;Buona;;2;0;0;0;12.5116;41.8077;0;2;Autovettura privata;In marcia / fermata / arresto;Conducente;F;Ricoverato;0;NON DECEDUTO;Non accertato;
5757229;8;25/12/2021 00:10:00;Strada Urbana;VIA DI TOR BELLA MONACA;da specificare;;;;DIREZ. GRA ALTEZZA INVERS. DI MARCIA FRONTE PEWEX;Scontro laterale fra veicoli in marcia;Rettilineo;Due carreggiate;Bagnato (umidit� in atto);Asfaltata;Verticale ed orizzontale;Sereno;Normale;Buona;;0;0;0;6;12.6282;41.8763;-1;1;Autovettura privata;In marcia / fermata / arresto;Conducente;M;Illeso;0;;Non accertato;Inesploso
5757229;8;25/12/2021 00:10:00;Strada Urbana;VIA DI TOR BELLA MONACA;da specificare;;;;DIREZ. GRA ALTEZZA INVERS. DI MARCIA FRONTE PEWEX;Scontro laterale fra veicoli in marcia;Rettilineo;Due carreggiate;Bagnato (umidit� in atto);Asfaltata;Verticale ed orizzontale;Sereno;Normale;Buona;;0;0;0;6;12.6282;41.8763;-1;1;Autovettura privata;In marcia / fermata / arresto;Passeggero;M;Illeso;0;;Non accertato;Inesploso
5757229;8;25/12/2021 00:10:00;Strada Urbana;VIA DI TOR BELLA MONACA;da specificare;;;;DIREZ. GRA ALTEZZA INVERS. DI MARCIA FRONTE PEWEX;Scontro laterale fra veicoli in marcia;Rettilineo;Due carreggiate;Bagnato (umidit� in atto);Asfaltata;Verticale ed orizzontale;Sereno;Normale;Buona;;0;0;0;6;12.6282;41.8763;-1;1;Autovettura privata;In marcia / fermata / arresto;Passeggero;M;Illeso;0;;Non accertato;Inesploso
5757229;8;25/12/2021 00:10:00;Strada Urbana;VIA DI TOR BELLA MONACA;da specificare;;;;DIREZ. GRA ALTEZZA INVERS. DI MARCIA FRONTE PEWEX;Scontro laterale fra veicoli in marcia;Rettilineo;Due carreggiate;Bagnato (umidit� in atto);Asfaltata;Verticale ed orizzontale;Sereno;Normale;Buona;;0;0;0;6;12.6282;41.8763;-1;1;Autovettura privata;In marcia / fermata / arresto;Passeggero;M;Illeso;0;;Non accertato;Inesploso
5757229;8;25/12/2021 00:10:00;Strada Urbana;VIA DI TOR BELLA MONACA;da specificare;;;;DIREZ. GRA ALTEZZA INVERS. DI MARCIA FRONTE PEWEX;Scontro laterale fra veicoli in marcia;Rettilineo;Due carreggiate;Bagnato (umidit� in atto);Asfaltata;Verticale ed orizzontale;Sereno;Normale;Buona;;0;0;0;6;12.6282;41.8763;-1;2;Autovettura privata;In marcia / fermata / arresto;Conducente;M;Illeso;0;;Non accertato;Inesploso
5757229;8;25/12/2021 00:10:00;Strada Urbana;VIA DI TOR BELLA MONACA;da specificare;;;;DIREZ. GRA ALTEZZA INVERS. DI MARCIA FRONTE PEWEX;Scontro laterale fra veicoli in marcia;Rettilineo;Due carreggiate;Bagnato (umidit� in atto);Asfaltata;Verticale ed orizzontale;Sereno;Normale;Buona;;0;0;0;6;12.6282;41.8763;-1;2;Autovettura privata;In marcia / fermata / arresto;Passeggero;F;Illeso;0;;Non accertato;Inesploso
5757245;2;25/12/2021 07:25:00;Strada Urbana;VIALE DEL MURO TORTO;da specificare;;;;dir. Brasile alt. primo curvone dx dopo Flaminio;Veicolo in marcia contro ostacolo fisso;Curva senza visuale libera;Due carreggiate;Bagnato (pioggia);Asfaltata;Orizzontale;Pioggia in atto;Scarso;Buona;;0;0;0;1;12.4817;41.9107;-1;1;Autovettura privata;In marcia / fermata / arresto;Conducente;M;Illeso;0;;Non accertato;Inesploso
5757266;8;25/12/2021 03:30:00;Strada Urbana;VIA DEL FUOCO SACRO;in prossimit�;;del civico n.;56;;Veicolo in marcia contro ostacolo fisso;Cavalcavia;Una carreggiata a doppio senso;Bagnato (umidit� in atto);Asfaltata;Verticale ed orizzontale;Sereno;Scarso;Buona;;0;0;0;1;12.6408;41.8646;-1;1;Autovettura privata;In marcia / fermata / arresto;Conducente;M;Illeso;0;;Non accertato;Esploso
5757310;2;25/12/2021 11:05:00;Strada Urbana;VIA MONTEBUONO;all'intersezione con;VIA STIMIGLIANO;VIA STIMIGLIANO;;;Scontro frontale/laterale DX fra veicoli in marcia;Incrocio;Una carreggiata a senso unico di marcia;Bagnato (pioggia);Asfaltata;Verticale ed orizzontale;Pioggia in atto;Normale;Buona;;0;0;0;3;12.5131;41.934;-1;1;Autovettura privata;In marcia / fermata / arresto;Conducente;F;Illeso;0;;Non accertato;Inesploso
5757310;2;25/12/2021 11:05:00;Strada Urbana;VIA MONTEBUONO;all'intersezione con;VIA STIMIGLIANO;VIA STIMIGLIANO;;;Scontro frontale/laterale DX fra veicoli in marcia;Incrocio;Una carreggiata a senso unico di marcia;Bagnato (pioggia);Asfaltata;Verticale ed orizzontale;Pioggia in atto;Normale;Buona;;0;0;0;3;12.5131;41.934;-1;2;Autovettura privata;In marcia / fermata / arresto;Conducente;F;Illeso;0;;Non accertato;Inesploso
5757310;2;25/12/2021 11:05:00;Strada Urbana;VIA MONTEBUONO;all'intersezione con;VIA STIMIGLIANO;VIA STIMIGLIANO;;;Scontro frontale/laterale DX fra veicoli in marcia;Incrocio;Una carreggiata a senso unico di marcia;Bagnato (pioggia);Asfaltata;Verticale ed orizzontale;Pioggia in atto;Normale;Buona;;0;0;0;3;12.5131;41.934;-1;2;Autovettura privata;In marcia / fermata / arresto;Passeggero;M;Illeso;0;;Non accertato;Inesploso
5757371;10;25/12/2021 13:00:00;Strada Urbana;VIALE DEI CONSOLI;all'intersezione con;PIAZZA DEI TRIBUNI;PIAZZA DEI TRIBUNI;;;Scontro laterale fra veicoli in marcia;Incrocio;Due carreggiate;Bagnato (pioggia);Asfaltata;Verticale ed orizzontale;Pioggia in atto;Normale;Buona;;0;0;0;4;12.5508;41.8649;-1;1;Autovettura privata;In marcia / fermata / arresto;Conducente;M;Illeso;0;;Non accertato;Inesploso
5757371;10;25/12/2021 13:00:00;Strada Urbana;VIALE DEI CONSOLI;all'intersezione con;PIAZZA DEI TRIBUNI;PIAZZA DEI TRIBUNI;;;Scontro laterale fra veicoli in marcia;Incrocio;Due carreggiate;Bagnato (pioggia);Asfaltata;Verticale ed orizzontale;Pioggia in atto;Normale;Buona;;0;0;0;4;12.5508;41.8649;-1;1;Autovettura privata;In marcia / fermata / arresto;Passeggero;F;Illeso;0;;Non accertato;Inesploso
5757371;10;25/12/2021 13:00:00;Strada Urbana;VIALE DEI CONSOLI;all'intersezione con;PIAZZA DEI TRIBUNI;PIAZZA DEI TRIBUNI;;;Scontro laterale fra veicoli in marcia;Incrocio;Due carreggiate;Bagnato (pioggia);Asfaltata;Verticale ed orizzontale;Pioggia in atto;Normale;Buona;;0;0;0;4;12.5508;41.8649;-1;1;Autovettura privata;In marcia / fermata / arresto;Passeggero;F;Illeso;0;;Non accertato;Inesploso
5757371;10;25/12/2021 13:00:00;Strada Urbana;VIALE DEI CONSOLI;all'intersezione con;PIAZZA DEI TRIBUNI;PIAZZA DEI TRIBUNI;;;Scontro laterale fra veicoli in marcia;Incrocio;Due carreggiate;Bagnato (pioggia);Asfaltata;Verticale ed orizzontale;Pioggia in atto;Normale;Buona;;0;0;0;4;12.5508;41.8649;-1;2;Autovettura privata;In marcia / fermata / arresto;Conducente;M;Illeso;0;;Non accertato;Inesploso
5757597;7;25/12/2021 23:30:00;Strada Urbana;VIA PRENESTINA;all'intersezione con;VIALE PALMIRO TOGLIATTI;VIALE PALMIRO TOGLIATTI;;;Scontro laterale fra veicoli in marcia;Incrocio;Due carreggiate;Asciutto;Asfaltata;Verticale ed orizzontale;Sereno;Scarso;Buona;;0;0;0;5;12.5746;41.8947;-1;1;Autovettura privata;In marcia / fermata / arresto;Conducente;M;Illeso;0;;Non accertato;Inesploso
5757597;7;25/12/2021 23:30:00;Strada Urbana;VIA PRENESTINA;all'intersezione con;VIALE PALMIRO TOGLIATTI;VIALE PALMIRO TOGLIATTI;;;Scontro laterale fra veicoli in marcia;Incrocio;Due carreggiate;Asciutto;Asfaltata;Verticale ed orizzontale;Sereno;Scarso;Buona;;0;0;0;5;12.5746;41.8947;-1;1;Autovettura privata;In marcia / fermata / arresto;Passeggero;F;Illeso;0;;Non accertato;Inesploso
5757597;7;25/12/2021 23:30:00;Strada Urbana;VIA PRENESTINA;all'intersezione con;VIALE PALMIRO TOGLIATTI;VIALE PALMIRO TOGLIATTI;;;Scontro laterale fra veicoli in marcia;Incrocio;Due carreggiate;Asciutto;Asfaltata;Verticale ed orizzontale;Sereno;Scarso;Buona;;0;0;0;5;12.5746;41.8947;-1;1;Autovettura privata;In marcia / fermata / arresto;Passeggero;M;Illeso;0;;Non accertato;Inesploso
5757597;7;25/12/2021 23:30:00;Strada Urbana;VIA PRENESTINA;all'intersezione con;VIALE PALMIRO TOGLIATTI;VIALE PALMIRO TOGLIATTI;;;Scontro laterale fra veicoli in marcia;Incrocio;Due carreggiate;Asciutto;Asfaltata;Verticale ed orizzontale;Sereno;Scarso;Buona;;0;0;0;5;12.5746;41.8947;-1;1;Autovettura privata;In marcia / fermata / arresto;Passeggero;M;Illeso;0;;Non accertato;Inesploso
5757597;7;25/12/2021 23:30:00;Strada Urbana;VIA PRENESTINA;all'intersezione con;VIALE PALMIRO TOGLIATTI;VIALE PALMIRO TOGLIATTI;;;Scontro laterale fra veicoli in marcia;Incrocio;Due carreggiate;Asciutto;Asfaltata;Verticale ed orizzontale;Sereno;Scarso;Buona;;0;0;0;5;12.5746;41.8947;-1;2;Autovettura privata;In marcia / fermata / arresto;Conducente;M;Illeso;0;;Non accertato;Inesploso
5757736;9;24/12/2021 13:15:00;Strada Urbana;VIA BRITANNIA;in corrispondenza;;del civico n.;13;;Scontro laterale fra veicoli in marcia;Rettilineo;Una carreggiata a doppio senso;Bagnato (umidit� in atto);Asfaltata;Verticale ed orizzontale;Pioggia in atto;Normale;Sufficiente;;0;0;0;2;12.5084;41.8797;-1;1;Autovettura privata;In marcia / fermata / arresto;Conducente;M;Illeso;0;;Non accertato;Inesploso
5757736;9;24/12/2021 13:15:00;Strada Urbana;VIA BRITANNIA;in corrispondenza;;del civico n.;13;;Scontro laterale fra veicoli in marcia;Rettilineo;Una carreggiata a doppio senso;Bagnato (umidit� in atto);Asfaltata;Verticale ed orizzontale;Pioggia in atto;Normale;Sufficiente;;0;0;0;2;12.5084;41.8797;-1;2;Autovettura privata;In marcia / fermata / arresto;Conducente;M;Illeso;0;;Non accertato;Inesploso
5757737;9;24/12/2021 14:05:00;Strada Urbana;PIAZZALE LABICANO;da specificare;;;;fronte VIA CASILINA;Scontro laterale fra veicoli in marcia;Rettilineo;Pi� di due carreggiate;Bagnato (pioggia);Asfaltata;Verticale ed orizzontale;Pioggia in atto;Normale;Buona;;0;0;0;4;12.516;41.8915;-1;1;Autovettura privata;In marcia / fermata / arresto;Conducente;M;Illeso;0;;Non accertato;Inesploso
5757737;9;24/12/2021 14:05:00;Strada Urbana;PIAZZALE LABICANO;da specificare;;;;fronte VIA CASILINA;Scontro laterale fra veicoli in marcia;Rettilineo;Pi� di due carreggiate;Bagnato (pioggia);Asfaltata;Verticale ed orizzontale;Pioggia in atto;Normale;Buona;;0;0;0;4;12.516;41.8915;-1;1;Autovettura privata;In marcia / fermata / arresto;Passeggero;M;Illeso;0;;Non accertato;Inesploso
5757737;9;24/12/2021 14:05:00;Strada Urbana;PIAZZALE LABICANO;da specificare;;;;fronte VIA CASILINA;Scontro laterale fra veicoli in marcia;Rettilineo;Pi� di due carreggiate;Bagnato (pioggia);Asfaltata;Verticale ed orizzontale;Pioggia in atto;Normale;Buona;;0;0;0;4;12.516;41.8915;-1;2;Autovettura privata;In marcia / fermata / arresto;Conducente;F;Illeso;0;;Non accertato;Inesploso
5757737;9;24/12/2021 14:05:00;Strada Urbana;PIAZZALE LABICANO;da specificare;;;;fronte VIA CASILINA;Scontro laterale fra veicoli in marcia;Rettilineo;Pi� di due carreggiate;Bagnato (pioggia);Asfaltata;Verticale ed orizzontale;Pioggia in atto;Normale;Buona;;0;0;0;4;12.516;41.8915;-1;2;Autovettura privata;In marcia / fermata / arresto;Passeggero;M;Illeso;0;;Non accertato;Inesploso
5757742;9;25/12/2021 01:45:00;;CIRCONVALLAZIONE ORIENTALE;da specificare;;;;tra G.R.A. e CIAMPNO;Veicolo in marcia contro ostacolo fisso;;;;;;;;;;0;0;0;1;12.6152;41.8976;0;1;Autovettura privata;In marcia / fermata / arresto;Conducente;M;Illeso;0;;Non accertato;Inesploso
5757743;9;25/12/2021 17:00:00;Strada Urbana;VIA CERVETERI;da specificare;;;;prossimit� fronte VIA ARDEA;Scontro frontale/laterale SX fra veicoli in marcia;Rettilineo;Una carreggiata a senso unico di marcia;Bagnato (pioggia);Asfaltata;Verticale ed orizzontale;Pioggia in atto;Scarso;Sufficiente;;0;0;0;2;12.512;41.8816;-1;1;Autovettura privata;In marcia / fermata / arresto;Conducente;M;Illeso;0;;Non accertato;Inesploso
5757743;9;25/12/2021 17:00:00;Strada Urbana;VIA CERVETERI;da specificare;;;;prossimit� fronte VIA ARDEA;Scontro frontale/laterale SX fra veicoli in marcia;Rettilineo;Una carreggiata a senso unico di marcia;Bagnato (pioggia);Asfaltata;Verticale ed orizzontale;Pioggia in atto;Scarso;Sufficiente;;0;0;0;2;12.512;41.8816;-1;2;Autovettura privata;In marcia / fermata / arresto;Conducente;M;Illeso;0;;Non accertato;Inesploso
5757745;12;24/12/2021 16:30:00;Strada Urbana;VIA FERMO OGNIBENE;all'intersezione con;VIA DI DECIMA;VIA DI DECIMA;;;Veicolo in marcia contro ostacolo fisso;Intersezione stradale segnalata;Una carreggiata a doppio senso;Bagnato (umidit� in atto);Asfaltata;Verticale ed orizzontale;Nuvoloso;Scarso;Buona;;0;0;0;1;12.4518;41.8035;-1;1;Autocarro inferiore 35 q.;In marcia / fermata / arresto;Conducente;M;Illeso;0;;;