Protocollo;Gruppo;DataOraIncidente;Localizzazione1;STRADA1;Localizzazione2;STRADA2;Strada02;Chilometrica;DaSpecificare;NaturaIncidente;particolaritastrade;TipoStrada;FondoStradale;Pavimentazione;Segnaletica;CondizioneAtmosferica;Traffico;Visibilita;Illuminazione;NUM_FERITI;NUM_RISERVATA;NUM_MORTI;NUM_ILLESI;Longitudine;Latitudine;Confermato;Progressivo;TipoVeicolo;StatoVeicolo;TipoPersona;Sesso;Tipolesione;Deceduto;DecedutoDopo;CinturaCascoUtilizzato;Airbag;
5757747;12;25/12/2021 17:45:00;Provinciale entro l'abitato;VIA OSTIENSE;da specificare;;;;DIR. OSTIA PROX RAMPA RACCORDO DIR. FIUMICINO;Veicolo in marcia che urta buche nella carreggiata;Curva a visuale libera;Due carreggiate;Bagnato (pioggia);Con buche;Verticale;Nuvoloso;Normale;Insufficiente;;0;0;0;3;12.4213;41.8095;-1;1;Autovettura privata;In marcia / fermata / arresto;Conducente;M;Illeso;0;;Non accertato;Inesploso
5757747;12;25/12/2021 17:45:00;Provinciale entro l'abitato;VIA OSTIENSE;da specificare;;;;DIR. OSTIA PROX RAMPA RACCORDO DIR. FIUMICINO;Veicolo in marcia che urta buche nella carreggiata;Curva a visuale libera;Due carreggiate;Bagnato (pioggia);Con buche;Verticale;Nuvoloso;Normale;Insufficiente;;0;0;0;3;12.4213;41.8095;-1;1;Autovettura privata;In marcia / fermata / arresto;Passeggero;F;Illeso;0;;Non accertato;Inesploso
5757747;12;25/12/2021 17:45:00;Provinciale entro l'abitato;VIA OSTIENSE;da specificare;;;;DIR. OSTIA PROX RAMPA RACCORDO DIR. FIUMICINO;Veicolo in marcia che urta buche nella carreggiata;Curva a visuale libera;Due carreggiate;Bagnato (pioggia);Con buche;Verticale;Nuvoloso;Normale;Insufficiente;;0;0;0;3;12.4213;41.8095;-1;1;Autovettura privata;In marcia / fermata / arresto;Passeggero;F;Illeso;0;;Non accertato;Inesploso
5757749;12;25/12/2021 17:45:00;Provinciale entro l'abitato;VIA OSTIENSE;da specificare;;;;DIR. OSTIA PROX RAMPA RACCORDO DIR. FIUMICINO;Veicolo in marcia che urta buche nella carreggiata;Curva a visuale libera;Due carreggiate;Bagnato (pioggia);Con buche;Verticale;Nuvoloso;Normale;Insufficiente;;0;0;0;3;12.4213;41.8094;-1;1;Autovettura privata;In marcia / fermata / arresto;Conducente;M;Illeso;0;;Non accertato;Inesploso
5757749;12;25/12/2021 17:45:00;Provinciale entro l'abitato;VIA OSTIENSE;da specificare;;;;DIR. OSTIA PROX RAMPA RACCORDO DIR. FIUMICINO;Veicolo in marcia che urta buche nella carreggiata;Curva a visuale libera;Due carreggiate;Bagnato (pioggia);Con buche;Verticale;Nuvoloso;Normale;Insufficiente;;0;0;0;3;12.4213;41.8094;-1;1;Autovettura privata;In marcia / fermata / arresto;Passeggero;F;Illeso;0;;Non accertato;Inesploso
5757749;12;25/12/2021 17:45:00;Provinciale entro l'abitato;VIA OSTIENSE;da specificare;;;;DIR. OSTIA PROX RAMPA RACCORDO DIR. FIUMICINO;Veicolo in marcia che urta buche nella carreggiata;Curva a visuale libera;Due carreggiate;Bagnato (pioggia);Con buche;Verticale;Nuvoloso;Normale;Insufficiente;;0;0;0;3;12.4213;41.8094;-1;1;Autovettura privata;In marcia / fermata / arresto;Passeggero;M;Illeso;0;;Non accertato;Inesploso
5757752;12;26/12/2021 00:05:00;Provinciale entro l'abitato;VIA ARDEATINA;in corrispondenza;;del civico n.;832;;Veicolo in marcia che urta buche nella carreggiata;Rettilineo;Una carreggiata a doppio senso;Bagnato (pioggia);Asfaltata;Verticale ed orizzontale;Nebbia;Scarso;Insufficiente;;0;0;0;1;12.5341;41.8055;-1;1;Autovettura privata;In marcia / fermata / arresto;Conducente;M;Illeso;0;;;
5757758;12;26/12/2021 00:10:00;Provinciale entro l'abitato;VIA ARDEATINA;in corrispondenza;;del civico n.;832;;Veicolo in marcia che urta buche nella carreggiata;Rettilineo;Una carreggiata a doppio senso;Bagnato (pioggia);Asfaltata;Verticale ed orizzontale;Nebbia;Scarso;Insufficiente;;0;0;0;1;12.5341;41.8055;-1;1;Autovettura privata;In marcia / fermata / arresto;Conducente;M;Illeso;0;;;
5757760;12;26/12/2021 00:11:00;Provinciale entro l'abitato;VIA ARDEATINA;in corrispondenza;;del civico n.;832;;Veicolo in marcia che urta buche nella carreggiata;Rettilineo;Una carreggiata a doppio senso;Bagnato (pioggia);Asfaltata;Verticale ed orizzontale;Nebbia;Scarso;Insufficiente;;0;0;0;1;12.5341;41.8054;-1;1;Autovettura privata;In marcia / fermata / arresto;Conducente;F;Illeso;0;;;
5757761;12;26/12/2021 00:12:00;Provinciale entro l'abitato;VIA ARDEATINA;in corrispondenza;;del civico n.;832;;Veicolo in marcia che urta buche nella carreggiata;Rettilineo;Una carreggiata a doppio senso;Bagnato (pioggia);Asfaltata;Verticale ed orizzontale;Nebbia;Normale;Insufficiente;;0;0;0;1;12.5341;41.8054;-1;1;Autovettura privata;In marcia / fermata / arresto;Conducente;M;Illeso;0;;;
5757762;12;26/12/2021 00:05:00;Provinciale entro l'abitato;VIA ARDEATINA;in corrispondenza;;del civico n.;832;;Veicolo in marcia che urta buche nella carreggiata;Rettilineo;Una carreggiata a doppio senso;Bagnato (pioggia);Asfaltata;Verticale ed orizzontale;Sereno;Scarso;Insufficiente;;0;0;0;1;12.5341;41.8054;-1;1;Autovettura privata;In marcia / fermata / arresto;Conducente;F;Illeso;0;;;
5757764;8;25/12/2021 11:30:00;Strada Urbana;VIA CASILINA;all'intersezione semaforizzata con;VIA DI VERMICINO;VIA DI VERMICINO;;;Scontro laterale fra veicoli in marcia;Intersezione semaforizzata;Una carreggiata a doppio senso;Bagnato (pioggia);Asfaltata;Verticale ed orizzontale;Pioggia in atto;Normale;Buona;;0;0;0;2;12.6212;41.8626;-1;1;Autovettura privata;In marcia / fermata / arresto;Conducente;F;Illeso;0;;Non accertato;Inesploso
5757764;8;25/12/2021 11:30:00;Strada Urbana;VIA CASILINA;all'intersezione semaforizzata con;VIA DI VERMICINO;VIA DI VERMICINO;;;Scontro laterale fra veicoli in marcia;Intersezione semaforizzata;Una carreggiata a doppio senso;Bagnato (pioggia);Asfaltata;Verticale ed orizzontale;Pioggia in atto;Normale;Buona;;0;0;0;2;12.6212;41.8626;-1;2;Autovettura privata;In marcia / fermata / arresto;Conducente;M;Illeso;0;;Non accertato;Inesploso
5757765;12;26/12/2021 00:16:00;Provinciale entro l'abitato;VIA ARDEATINA;in corrispondenza;;del civico n.;832;;Veicolo in marcia che urta buche nella carreggiata;Rettilineo;Una carreggiata a doppio senso;Bagnato (pioggia);Asfaltata;Verticale ed orizzontale;Nebbia;Scarso;Insufficiente;;0;0;0;1;12.534;41.8055;-1;1;Autovettura privata;In marcia / fermata / arresto;Conducente;M;Illeso;0;;;
5757770;8;25/12/2021 22:15:00;Regionale entro l'abitato;VIA CASILINA;in prossimit�;;del civico n.;1787;;Investimento di pedone;Rettilineo;Una carreggiata a doppio senso;Bagnato (pioggia);Asfaltata;Orizzontale;Pioggia in atto;Normale;Buona;;1;0;0;1;12.6725;41.8643;-1;;;;Pedone;F;Ricoverato;0;NON DECEDUTO;;
5757770;8;25/12/2021 22:15:00;Regionale entro l'abitato;VIA CASILINA;in prossimit�;;del civico n.;1787;;Investimento di pedone;Rettilineo;Una carreggiata a doppio senso;Bagnato (pioggia);Asfaltata;Orizzontale;Pioggia in atto;Normale;Buona;;1;0;0;1;12.6725;41.8643;-1;1;Autovettura privata;In marcia / fermata / arresto;Conducente;M;Illeso;0;;Non accertato;Inesploso
5757801;5;24/12/2021 08:30:00;Strada Urbana;VIALE EGIDIO GALBANI;in prossimit�;;del civico n.;68;;Veicolo in marcia contro ostacolo fisso;Rettilineo;Due carreggiate;Bagnato (pioggia);Asfaltata;Verticale ed orizzontale;Nuvoloso;Normale;Buona;;1;0;0;0;12.5616;41.9309;-1;1;Autovettura privata;In marcia / fermata / arresto;Conducente;F;Rimandato;0;NON DECEDUTO;Non accertato;
5757803;5;24/12/2021 11:20:00;Strada Urbana;VIA DIEGO FABBRI;da specificare;;;;dir. Nomentana rotatoria Via A. Checchi;Tamponamento;Rettilineo;Una carreggiata a doppio senso;Bagnato (pioggia);Asfaltata;Verticale ed orizzontale;Pioggia in atto;Normale;Buona;;0;0;0;3;12.5654;41.9431;-1;1;Autovettura privata;In marcia / fermata / arresto;Conducente;M;Illeso;0;;Non accertato;
5757803;5;24/12/2021 11:20:00;Strada Urbana;VIA DIEGO FABBRI;da specificare;;;;dir. Nomentana rotatoria Via A. Checchi;Tamponamento;Rettilineo;Una carreggiata a doppio senso;Bagnato (pioggia);Asfaltata;Verticale ed orizzontale;Pioggia in atto;Normale;Buona;;0;0;0;3;12.5654;41.9431;-1;2;Motociclo con passeggero;In marcia / fermata / arresto;Conducente;M;Illeso;0;;Non accertato;
5757803;5;24/12/2021 11:20:00;Strada Urbana;VIA DIEGO FABBRI;da specificare;;;;dir. Nomentana rotatoria Via A. Checchi;Tamponamento;Rettilineo;Una carreggiata a doppio senso;Bagnato (pioggia);Asfaltata;Verticale ed orizzontale;Pioggia in atto;Normale;Buona;;0;0;0;3;12.5654;41.9431;-1;2;Motociclo con passeggero;In marcia / fermata / arresto;Passeggero;F;Illeso;0;;Non accertato;
5757807;5;24/12/2021 14:10:00;Strada Urbana;VIA FILIPPO MEDA;all'intersezione con;VIA ANDREA TORRE;VIA ANDREA TORRE;;;Scontro frontale/laterale DX fra veicoli in marcia;Incrocio;Una carreggiata a doppio senso;Bagnato (umidit� in atto);Asfaltata;Verticale ed orizzontale;Nuvoloso;Normale;Buona;;0;0;0;2;12.5446;41.9154;-1;1;Autovettura privata;In marcia / fermata / arresto;Conducente;M;Illeso;0;;Non accertato;
5757807;5;24/12/2021 14:10:00;Strada Urbana;VIA FILIPPO MEDA;all'intersezione con;VIA ANDREA TORRE;VIA ANDREA TORRE;;;Scontro frontale/laterale DX fra veicoli in marcia;Incrocio;Una carreggiata a doppio senso;Bagnato (umidit� in atto);Asfaltata;Verticale ed orizzontale;Nuvoloso;Normale;Buona;;0;0;0;2;12.5446;41.9154;-1;2;Autovettura pubblica;In marcia / fermata / arresto;Conducente;M;Illeso;0;;Non accertato;
5757811;5;24/12/2021 14:55:00;Strada Urbana;VIALE BATTISTA BARDANZELLU;in corrispondenza;;del civico n.;8;;Scontro laterale fra veicoli in marcia;Rettilineo;Due carreggiate;Bagnato (pioggia);Asfaltata;Verticale ed orizzontale;Nuvoloso;Normale;Buona;;0;0;0;2;12.5707;41.9139;-1;1;Autovettura privata;In marcia / fermata / arresto;Conducente;F;Illeso;0;;Non accertato;
5757811;5;24/12/2021 14:55:00;Strada Urbana;VIALE BATTISTA BARDANZELLU;in corrispondenza;;del civico n.;8;;Scontro laterale fra veicoli in marcia;Rettilineo;Due carreggiate;Bagnato (pioggia);Asfaltata;Verticale ed orizzontale;Nuvoloso;Normale;Buona;;0;0;0;2;12.5707;41.9139;-1;2;Autobus di linea;In marcia / fermata / arresto;Conducente;M;Illeso;0;;Non accertato;
5757821;5;24/12/2021 15:40:00;Strada Urbana;VIA TIBURTINA;in corrispondenza;;del civico n.;722;;Tamponamento Multiplo;Rettilineo;Due carreggiate;Bagnato (umidit� in atto);Asfaltata;Verticale ed orizzontale;Nuvoloso;Normale;Buona;;1;0;0;2;12.5518;41.9115;-1;1;Autovettura privata;In marcia / fermata / arresto;Conducente;F;Illeso;0;;Non accertato;
5757821;5;24/12/2021 15:40:00;Strada Urbana;VIA TIBURTINA;in corrispondenza;;del civico n.;722;;Tamponamento Multiplo;Rettilineo;Due carreggiate;Bagnato (umidit� in atto);Asfaltata;Verticale ed orizzontale;Nuvoloso;Normale;Buona;;1;0;0;2;12.5518;41.9115;-1;2;Autovettura privata;In marcia / fermata / arresto;Conducente;F;Rimandato;0;NON DECEDUTO;Non accertato;
5757821;5;24/12/2021 15:40:00;Strada Urbana;VIA TIBURTINA;in corrispondenza;;del civico n.;722;;Tamponamento Multiplo;Rettilineo;Due carreggiate;Bagnato (umidit� in atto);Asfaltata;Verticale ed orizzontale;Nuvoloso;Normale;Buona;;1;0;0;2;12.5518;41.9115;-1;3;Autovettura privata;In marcia / fermata / arresto;Conducente;M;Illeso;0;;Non accertato;
5757828;5;25/12/2021 11:10:00;Strada Urbana;NUOVA CIRCONVALLAZIONE INTERNA;da specificare;;;;dir. S. Giovanni prox uscita Monti Tiburtini;Veicolo in marcia contro ostacolo fisso;Curva a visuale libera;Una carreggiata a senso unico di marcia;Bagnato (pioggia);Asfaltata;Verticale ed orizzontale;Pioggia in atto;Normale;Buona;;0;0;0;1;12.5272;41.9232;-1;1;Autovettura privata;In marcia / fermata / arresto;Conducente;M;Illeso;0;;Non accertato;Inesploso
5757831;5;25/12/2021 21:00:00;Strada Urbana;VIA EUGENIO CHECCHI;in prossimit�;;del civico n.;60;;Veicolo in marcia contro veicolo in sosta;Rettilineo;Una carreggiata a doppio senso;Bagnato (pioggia);Asfaltata;Orizzontale;Pioggia in atto;Scarso;Sufficiente;;0;0;0;1;12.5446;41.9102;-1;1;Autovettura privata;Sosta;;;;;;;
5757831;5;25/12/2021 21:00:00;Strada Urbana;VIA EUGENIO CHECCHI;in prossimit�;;del civico n.;60;;Veicolo in marcia contro veicolo in sosta;Rettilineo;Una carreggiata a doppio senso;Bagnato (pioggia);Asfaltata;Orizzontale;Pioggia in atto;Scarso;Sufficiente;;0;0;0;1;12.5446;41.9102;-1;2;Autovettura privata;In marcia / fermata / arresto;Conducente;F;Illeso;0;;Non accertato;
5757834;5;25/12/2021 22:10:00;Strada Urbana;VIA CATANIA;in corrispondenza;;del civico n.;37;;Veicolo in marcia contro ostacolo accidentale;Rettilineo;Una carreggiata a doppio senso;Bagnato (pioggia);Asfaltata;Verticale ed orizzontale;Pioggia in atto;Scarso;Sufficiente;;0;0;0;4;12.519;41.9101;-1;1;Autovettura privata;In marcia / fermata / arresto;Conducente;M;Illeso;0;;Non accertato;
5757834;5;25/12/2021 22:10:00;Strada Urbana;VIA CATANIA;in corrispondenza;;del civico n.;37;;Veicolo in marcia contro ostacolo accidentale;Rettilineo;Una carreggiata a doppio senso;Bagnato (pioggia);Asfaltata;Verticale ed orizzontale;Pioggia in atto;Scarso;Sufficiente;;0;0;0;4;12.519;41.9101;-1;2;Autovettura di polizia;In marcia / fermata / arresto;Conducente;M;Illeso;0;;Non accertato;
5757834;5;25/12/2021 22:10:00;Strada Urbana;VIA CATANIA;in corrispondenza;;del civico n.;37;;Veicolo in marcia contro ostacolo accidentale;Rettilineo;Una carreggiata a doppio senso;Bagnato (pioggia);Asfaltata;Verticale ed orizzontale;Pioggia in atto;Scarso;Sufficiente;;0;0;0;4;12.519;41.9101;-1;2;Autovettura di polizia;In marcia / fermata / arresto;Passeggero;M;Illeso;0;;Non accertato;
5757834;5;25/12/2021 22:10:00;Strada Urbana;VIA CATANIA;in corrispondenza;;del civico n.;37;;Veicolo in marcia contro ostacolo accidentale;Rettilineo;Una carreggiata a doppio senso;Bagnato (pioggia);Asfaltata;Verticale ed orizzontale;Pioggia in atto;Scarso;Sufficiente;;0;0;0;4;12.519;41.9101;-1;2;Autovettura di polizia;In marcia / fermata / arresto;Passeggero;M;Illeso;0;;Non accertato;
5757845;12;26/12/2021 09:00:00;Strada Urbana;VIADOTTO DELLA MAGLIANA;da specificare;;;;Hotel Sheraton Dir. Fiumicino;Veicolo in marcia contro ostacolo fisso;Curva a visuale libera;Due carreggiate;Bagnato (umidit� in atto);Asfaltata;Verticale ed orizzontale;Nuvoloso;Scarso;Buona;;1;0;0;0;12.4648;41.8433;-1;1;Autovettura privata;In marcia / fermata / arresto;Conducente;F;Rimandato;0;NON DECEDUTO;Non accertato;Inesploso
5757908;6;26/12/2021 10:00:00;Strada Urbana;VIA DI ACQUA BULLICANTE;in corrispondenza;;del civico n.;253;;Veicolo in marcia contro ostacolo fisso;Rettilineo;Una carreggiata a doppio senso;Bagnato (pioggia);Asfaltata;Verticale ed orizzontale;Nuvoloso;Scarso;Buona;;0;0;0;1;12.5426;41.888;-1;1;Autovettura privata;In marcia / fermata / arresto;Conducente;F;Illeso;0;;Non accertato;Inesploso
5757908;6;26/12/2021 10:00:00;Strada Urbana;VIA DI ACQUA BULLICANTE;in corrispondenza;;del civico n.;253;;Veicolo in marcia contro ostacolo fisso;Rettilineo;Una carreggiata a doppio senso;Bagnato (pioggia);Asfaltata;Verticale ed orizzontale;Nuvoloso;Scarso;Buona;;0;0;0;1;12.5426;41.888;-1;2;Autovettura privata;Sosta;;;;;;;
5757912;10;24/12/2021 15:10:00;Strada Urbana;VIA DI TOR VERGATA;in prossimit�;;del civico n.;454;;Scontro frontale/laterale SX fra veicoli in marcia;Curva a visuale libera;Una carreggiata a doppio senso;Bagnato (pioggia);Asfaltata;Verticale ed orizzontale;Pioggia in atto;Normale;Buona;;1;0;0;4;12.6197;41.8342;-1;1;Autovettura privata;In marcia / fermata / arresto;Conducente;M;Rimandato;0;NON DECEDUTO;Non accertato;Inesploso
5757912;10;24/12/2021 15:10:00;Strada Urbana;VIA DI TOR VERGATA;in prossimit�;;del civico n.;454;;Scontro frontale/laterale SX fra veicoli in marcia;Curva a visuale libera;Una carreggiata a doppio senso;Bagnato (pioggia);Asfaltata;Verticale ed orizzontale;Pioggia in atto;Normale;Buona;;1;0;0;4;12.6197;41.8342;-1;2;Autovettura privata;In marcia / fermata / arresto;Conducente;M;Illeso;0;;Non accertato;Inesploso
5757912;10;24/12/2021 15:10:00;Strada Urbana;VIA DI TOR VERGATA;in prossimit�;;del civico n.;454;;Scontro frontale/laterale SX fra veicoli in marcia;Curva a visuale libera;Una carreggiata a doppio senso;Bagnato (pioggia);Asfaltata;Verticale ed orizzontale;Pioggia in atto;Normale;Buona;;1;0;0;4;12.6197;41.8342;-1;3;Autovettura privata;In marcia / fermata / arresto;Conducente;M;Illeso;0;;Non accertato;Inesploso
5757912;10;24/12/2021 15:10:00;Strada Urbana;VIA DI TOR VERGATA;in prossimit�;;del civico n.;454;;Scontro frontale/laterale SX fra veicoli in marcia;Curva a visuale libera;Una carreggiata a doppio senso;Bagnato (pioggia);Asfaltata;Verticale ed orizzontale;Pioggia in atto;Normale;Buona;;1;0;0;4;12.6197;41.8342;-1;3;Autovettura privata;In marcia / fermata / arresto;Passeggero;M;Illeso;0;;Non accertato;Inesploso
5757912;10;24/12/2021 15:10:00;Strada Urbana;VIA DI TOR VERGATA;in prossimit�;;del civico n.;454;;Scontro frontale/laterale SX fra veicoli in marcia;Curva a visuale libera;Una carreggiata a doppio senso;Bagnato (pioggia);Asfaltata;Verticale ed orizzontale;Pioggia in atto;Normale;Buona;;1;0;0;4;12.6197;41.8342;-1;3;Autovettura privata;In marcia / fermata / arresto;Passeggero;M;Illeso;0;;Non accertato;Inesploso
5757917;10;24/12/2021 11:40:00;Strada Urbana;VIALE ANTONIO CIAMARRA;in prossimit�;;del civico n.;120;;Scontro laterale fra veicoli in marcia;Rettilineo;Due carreggiate;Bagnato (pioggia);Asfaltata;Verticale ed orizzontale;Pioggia in atto;Normale;Buona;;0;0;0;4;12.5909;41.851;-1;1;Autovettura privata;In marcia / fermata / arresto;Conducente;F;Illeso;0;;Non accertato;Inesploso
5757917;10;24/12/2021 11:40:00;Strada Urbana;VIALE ANTONIO CIAMARRA;in prossimit�;;del civico n.;120;;Scontro laterale fra veicoli in marcia;Rettilineo;Due carreggiate;Bagnato (pioggia);Asfaltata;Verticale ed orizzontale;Pioggia in atto;Normale;Buona;;0;0;0;4;12.5909;41.851;-1;1;Autovettura privata;In marcia / fermata / arresto;Passeggero;M;Illeso;0;;Non accertato;Inesploso
5757917;10;24/12/2021 11:40:00;Strada Urbana;VIALE ANTONIO CIAMARRA;in prossimit�;;del civico n.;120;;Scontro laterale fra veicoli in marcia;Rettilineo;Due carreggiate;Bagnato (pioggia);Asfaltata;Verticale ed orizzontale;Pioggia in atto;Normale;Buona;;0;0;0;4;12.5909;41.851;-1;2;Autovettura privata;In marcia / fermata / arresto;Conducente;F;Illeso;0;;Non accertato;Inesploso
5757917;10;24/12/2021 11:40:00;Strada Urbana;VIALE ANTONIO CIAMARRA;in prossimit�;;del civico n.;120;;Scontro laterale fra veicoli in marcia;Rettilineo;Due carreggiate;Bagnato (pioggia);Asfaltata;Verticale ed orizzontale;Pioggia in atto;Normale;Buona;;0;0;0;4;12.5909;41.851;-1;2;Autovettura privata;In marcia / fermata / arresto;Passeggero;M;Illeso;0;;Non accertato;Inesploso
5757947;10;24/12/2021 12:40:00;Strada Urbana;VIALE MARCO FULVIO NOBILIORE;all'intersezione con;VIA LICINIO STOLONE;VIA LICINIO STOLONE;;;Scontro frontale/laterale SX fra veicoli in marcia;Incrocio;Due carreggiate;Bagnato (umidit� in atto);Asfaltata;Verticale ed orizzontale;Pioggia in atto;Normale;Sufficiente;;2;0;0;1;12.5637;41.8577;-1;1;Autovettura privata;In marcia / fermata / arresto;Conducente;M;Rimandato;0;NON DECEDUTO;Non accertato;Inesploso
5757947;10;24/12/2021 12:40:00;Strada Urbana;VIALE MARCO FULVIO NOBILIORE;all'intersezione con;VIA LICINIO STOLONE;VIA LICINIO STOLONE;;;Scontro frontale/laterale SX fra veicoli in marcia;Incrocio;Due carreggiate;Bagnato (umidit� in atto);Asfaltata;Verticale ed orizzontale;Pioggia in atto;Normale;Sufficiente;;2;0;0;1;12.5637;41.8577;-1;1;Autovettura privata;In marcia / fermata / arresto;Passeggero;F;Rimandato;0;NON DECEDUTO;Non accertato;Inesploso
5757947;10;24/12/2021 12:40:00;Strada Urbana;VIALE MARCO FULVIO NOBILIORE;all'intersezione con;VIA LICINIO STOLONE;VIA LICINIO STOLONE;;;Scontro frontale/laterale SX fra veicoli in marcia;Incrocio;Due carreggiate;Bagnato (umidit� in atto);Asfaltata;Verticale ed orizzontale;Pioggia in atto;Normale;Sufficiente;;2;0;0;1;12.5637;41.8577;-1;2;Autovettura privata;In marcia / fermata / arresto;Conducente;F;Illeso;0;;Non accertato;Inesploso
5757947;10;24/12/2021 12:40:00;Strada Urbana;VIALE MARCO FULVIO NOBILIORE;all'intersezione con;VIA LICINIO STOLONE;VIA LICINIO STOLONE;;;Scontro frontale/laterale SX fra veicoli in marcia;Incrocio;Due carreggiate;Bagnato (umidit� in atto);Asfaltata;Verticale ed orizzontale;Pioggia in atto;Normale;Sufficiente;;2;0;0;1;12.5637;41.8577;-1;3;Autovettura privata;Sosta;;;;;;;
5757947;10;24/12/2021 12:40:00;Strada Urbana;VIALE MARCO FULVIO NOBILIORE;all'intersezione con;VIA LICINIO STOLONE;VIA LICINIO STOLONE;;;Scontro frontale/laterale SX fra veicoli in marcia;Incrocio;Due carreggiate;Bagnato (umidit� in atto);Asfaltata;Verticale ed orizzontale;Pioggia in atto;Normale;Sufficiente;;2;0;0;1;12.5637;41.8577;-1;4;Autovettura privata;Sosta;;;;;;;
5757962;10;24/12/2021 19:20:00;Strada Urbana;VIA BERNARDINO ALIMENA;in prossimit�;;del civico n.;54/a;;Scontro laterale fra veicoli in marcia;Rettilineo;Due carreggiate;Bagnato (umidit� in atto);Asfaltata;Orizzontale;Nuvoloso;Normale;Buona;;1;0;0;2;12.6029;41.8476;-1;1;Autovettura privata;In marcia / fermata / arresto;Conducente;M;Illeso;0;;Non accertato;Inesploso
5757962;10;24/12/2021 19:20:00;Strada Urbana;VIA BERNARDINO ALIMENA;in prossimit�;;del civico n.;54/a;;Scontro laterale fra veicoli in marcia;Rettilineo;Due carreggiate;Bagnato (umidit� in atto);Asfaltata;Orizzontale;Nuvoloso;Normale;Buona;;1;0;0;2;12.6029;41.8476;-1;1;Autovettura privata;In marcia / fermata / arresto;Passeggero;M;Illeso;0;;Non accertato;Inesploso
5757962;10;24/12/2021 19:20:00;Strada Urbana;VIA BERNARDINO ALIMENA;in prossimit�;;del civico n.;54/a;;Scontro laterale fra veicoli in marcia;Rettilineo;Due carreggiate;Bagnato (umidit� in atto);Asfaltata;Orizzontale;Nuvoloso;Normale;Buona;;1;0;0;2;12.6029;41.8476;-1;2;Autovettura privata;In marcia / fermata / arresto;Conducente;M;Rimandato;0;NON DECEDUTO;Non accertato;Esploso
5757976;10;25/12/2021 10:40:00;Strada Urbana;VIA TUSCOLANA;all'intersezione con;VIA S. MARIA DEL BUON CONSIGLIO;VIA S. MARIA DEL BUON CONSIGLIO;;;Scontro frontale/laterale DX fra veicoli in marcia;Intersezione semaforizzata;Due carreggiate;Bagnato (pioggia);Asfaltata;Verticale ed orizzontale;Pioggia in atto;Normale;Buona;;0;0;0;3;12.5497;41.8635;-1;1;Autovettura di polizia;In marcia / fermata / arresto;Conducente;M;Illeso;0;;Non accertato;Inesploso
5757976;10;25/12/2021 10:40:00;Strada Urbana;VIA TUSCOLANA;all'intersezione con;VIA S. MARIA DEL BUON CONSIGLIO;VIA S. MARIA DEL BUON CONSIGLIO;;;Scontro frontale/laterale DX fra veicoli in marcia;Intersezione semaforizzata;Due carreggiate;Bagnato (pioggia);Asfaltata;Verticale ed orizzontale;Pioggia in atto;Normale;Buona;;0;0;0;3;12.5497;41.8635;-1;1;Autovettura di polizia;In marcia / fermata / arresto;Passeggero;F;Illeso;0;;Non accertato;Inesploso
5757976;10;25/12/2021 10:40:00;Strada Urbana;VIA TUSCOLANA;all'intersezione con;VIA S. MARIA DEL BUON CONSIGLIO;VIA S. MARIA DEL BUON CONSIGLIO;;;Scontro frontale/laterale DX fra veicoli in marcia;Intersezione semaforizzata;Due carreggiate;Bagnato (pioggia);Asfaltata;Verticale ed orizzontale;Pioggia in atto;Normale;Buona;;0;0;0;3;12.5497;41.8635;-1;2;Autovettura privata;In marcia / fermata / arresto;Conducente;M;Illeso;0;;Non accertato;Inesploso
5757989;10;26/12/2021 00:45:00;Strada Urbana;PIAZZA DEI CONSOLI;all'intersezione con;VIA DELL'AEROPORTO;VIA DELL'AEROPORTO;;;Scontro frontale/laterale DX fra veicoli in marcia;Incrocio;Due carreggiate;Bagnato (pioggia);Asfaltata;Verticale ed orizzontale;Nuvoloso;Normale;Sufficiente;;0;0;0;8;12.5561;41.8624;-1;1;Autovettura privata;In marcia / fermata / arresto;Conducente;F;Illeso;0;;Non accertato;Inesploso
5757989;10;26/12/2021 00:45:00;Strada Urbana;PIAZZA DEI CONSOLI;all'intersezione con;VIA DELL'AEROPORTO;VIA DELL'AEROPORTO;;;Scontro frontale/laterale DX fra veicoli in marcia;Incrocio;Due carreggiate;Bagnato (pioggia);Asfaltata;Verticale ed orizzontale;Nuvoloso;Normale;Sufficiente;;0;0;0;8;12.5561;41.8624;-1;1;Autovettura privata;In marcia / fermata / arresto;Passeggero;F;Illeso;0;;Non accertato;Inesploso
5757989;10;26/12/2021 00:45:00;Strada Urbana;PIAZZA DEI CONSOLI;all'intersezione con;VIA DELL'AEROPORTO;VIA DELL'AEROPORTO;;;Scontro frontale/laterale DX fra veicoli in marcia;Incrocio;Due carreggiate;Bagnato (pioggia);Asfaltata;Verticale ed orizzontale;Nuvoloso;Normale;Sufficiente;;0;0;0;8;12.5561;41.8624;-1;1;Autovettura privata;In marcia / fermata / arresto;Passeggero;M;Illeso;0;;Non accertato;Inesploso