Protocollo;Gruppo;DataOraIncidente;Localizzazione1;STRADA1;Localizzazione2;STRADA2;Strada02;Chilometrica;DaSpecificare;NaturaIncidente;particolaritastrade;TipoStrada;FondoStradale;Pavimentazione;Segnaletica;CondizioneAtmosferica;Traffico;Visibilita;Illuminazione;NUM_FERITI;NUM_RISERVATA;NUM_MORTI;NUM_ILLESI;Longitudine;Latitudine;Confermato;Progressivo;TipoVeicolo;StatoVeicolo;TipoPersona;Sesso;Tipolesione;Deceduto;DecedutoDopo;CinturaCascoUtilizzato;Airbag;
5758637;4;25/12/2021 19:30:00;Strada Urbana;PIAZZALE JONIO;da specificare;;;;rotatoria con via valle MELAINA;Scontro frontale/laterale SX fra veicoli in marcia;Rotatoria;Una carreggiata a senso unico di marcia;Bagnato (pioggia);Asfaltata;Verticale ed orizzontale;Pioggia in atto;Normale;Buona;;3;0;0;3;12.5261;41.9456;-1;1;Autovettura privata;In marcia / fermata / arresto;Passeggero;M;Illeso;0;;;
5758637;4;25/12/2021 19:30:00;Strada Urbana;PIAZZALE JONIO;da specificare;;;;rotatoria con via valle MELAINA;Scontro frontale/laterale SX fra veicoli in marcia;Rotatoria;Una carreggiata a senso unico di marcia;Bagnato (pioggia);Asfaltata;Verticale ed orizzontale;Pioggia in atto;Normale;Buona;;3;0;0;3;12.5261;41.9456;-1;2;Autovettura privata;In marcia / fermata / arresto;Conducente;M;Illeso;0;;;
5758637;4;25/12/2021 19:30:00;Strada Urbana;PIAZZALE JONIO;da specificare;;;;rotatoria con via valle MELAINA;Scontro frontale/laterale SX fra veicoli in marcia;Rotatoria;Una carreggiata a senso unico di marcia;Bagnato (pioggia);Asfaltata;Verticale ed orizzontale;Pioggia in atto;Normale;Buona;;3;0;0;3;12.5261;41.9456;-1;2;Autovettura privata;In marcia / fermata / arresto;Passeggero;F;Rimandato;0;NON DECEDUTO;;
5758637;4;25/12/2021 19:30:00;Strada Urbana;PIAZZALE JONIO;da specificare;;;;rotatoria con via valle MELAINA;Scontro frontale/laterale SX fra veicoli in marcia;Rotatoria;Una carreggiata a senso unico di marcia;Bagnato (pioggia);Asfaltata;Verticale ed orizzontale;Pioggia in atto;Normale;Buona;;3;0;0;3;12.5261;41.9456;-1;2;Autovettura privata;In marcia / fermata / arresto;Passeggero;F;Rimandato;0;NON DECEDUTO;;
5758641;1;25/12/2021 13:30:00;Strada Urbana;VIA DELLE CONVERTITE;all'intersezione semaforizzata con;VIA DEL CORSO;VIA DEL CORSO;;;Scontro frontale/laterale SX fra veicoli in marcia;Intersezione semaforizzata;Una carreggiata a senso unico di marcia;Bagnato (pioggia);Asfaltata;Verticale ed orizzontale;Pioggia in atto;Scarso;Buona;;1;0;0;2;12.4802;41.9026;0;1;Autovettura pubblica;In marcia / fermata / arresto;Conducente;F;Illeso;0;;;
5758641;1;25/12/2021 13:30:00;Strada Urbana;VIA DELLE CONVERTITE;all'intersezione semaforizzata con;VIA DEL CORSO;VIA DEL CORSO;;;Scontro frontale/laterale SX fra veicoli in marcia;Intersezione semaforizzata;Una carreggiata a senso unico di marcia;Bagnato (pioggia);Asfaltata;Verticale ed orizzontale;Pioggia in atto;Scarso;Buona;;1;0;0;2;12.4802;41.9026;0;1;Autovettura pubblica;In marcia / fermata / arresto;Passeggero;M;Illeso;0;;;
5758641;1;25/12/2021 13:30:00;Strada Urbana;VIA DELLE CONVERTITE;all'intersezione semaforizzata con;VIA DEL CORSO;VIA DEL CORSO;;;Scontro frontale/laterale SX fra veicoli in marcia;Intersezione semaforizzata;Una carreggiata a senso unico di marcia;Bagnato (pioggia);Asfaltata;Verticale ed orizzontale;Pioggia in atto;Scarso;Buona;;1;0;0;2;12.4802;41.9026;0;2;Velocipede;In marcia / fermata / arresto;Conducente;M;Ricoverato;0;NON DECEDUTO;Esente;
5758661;18;26/12/2021 11:20:00;Statale;VIA AURELIA;in prossimit�;;del civico n.;1051;;Veicolo in marcia contro ostacolo fisso;Curva senza visuale libera;Pi� di due carreggiate;Bagnato (pioggia);Asfaltata;Verticale ed orizzontale;Pioggia in atto;Scarso;Buona;;0;0;0;2;12.3802;41.8832;-1;1;Autovettura privata;In marcia / fermata / arresto;Conducente;F;Illeso;0;;Non accertato;Esploso
5758661;18;26/12/2021 11:20:00;Statale;VIA AURELIA;in prossimit�;;del civico n.;1051;;Veicolo in marcia contro ostacolo fisso;Curva senza visuale libera;Pi� di due carreggiate;Bagnato (pioggia);Asfaltata;Verticale ed orizzontale;Pioggia in atto;Scarso;Buona;;0;0;0;2;12.3802;41.8832;-1;1;Autovettura privata;In marcia / fermata / arresto;Passeggero;F;Illeso;0;;Non accertato;Esploso
5758666;7;25/12/2021 10:10:00;Strada Urbana;VIA LUIGI ALAMANNI;in corrispondenza;;del civico n.;02;;Veicolo in marcia contro veicolo in sosta;Rettilineo;Una carreggiata a doppio senso;Bagnato (pioggia);Asfaltata;Verticale;Sereno;Normale;Buona;;0;0;0;0;12.5916;41.8985;-1;1;Autovettura privata;Sosta;;;;;;;
5758666;7;25/12/2021 10:10:00;Strada Urbana;VIA LUIGI ALAMANNI;in corrispondenza;;del civico n.;02;;Veicolo in marcia contro veicolo in sosta;Rettilineo;Una carreggiata a doppio senso;Bagnato (pioggia);Asfaltata;Verticale;Sereno;Normale;Buona;;0;0;0;0;12.5916;41.8985;-1;2;Autovettura privata;Allontanatosi;;;;;;;
5758669;18;26/12/2021 11:35:00;Statale;VIA AURELIA;da specificare;;;;Km 10+500 direzione Roma Centro;Scontro laterale fra veicoli in marcia;Curva a visuale libera;Due carreggiate;Bagnato (pioggia);Asfaltata;Verticale ed orizzontale;Pioggia in atto;Normale;Buona;;0;0;0;5;12.4012;41.8861;-1;1;Autovettura privata;In marcia / fermata / arresto;Conducente;M;Illeso;0;;Non accertato;Inesploso
5758669;18;26/12/2021 11:35:00;Statale;VIA AURELIA;da specificare;;;;Km 10+500 direzione Roma Centro;Scontro laterale fra veicoli in marcia;Curva a visuale libera;Due carreggiate;Bagnato (pioggia);Asfaltata;Verticale ed orizzontale;Pioggia in atto;Normale;Buona;;0;0;0;5;12.4012;41.8861;-1;1;Autovettura privata;In marcia / fermata / arresto;Passeggero;F;Illeso;0;;Non accertato;Inesploso
5758669;18;26/12/2021 11:35:00;Statale;VIA AURELIA;da specificare;;;;Km 10+500 direzione Roma Centro;Scontro laterale fra veicoli in marcia;Curva a visuale libera;Due carreggiate;Bagnato (pioggia);Asfaltata;Verticale ed orizzontale;Pioggia in atto;Normale;Buona;;0;0;0;5;12.4012;41.8861;-1;2;Autovettura privata;In marcia / fermata / arresto;Conducente;F;Illeso;0;;Non accertato;Inesploso
5758669;18;26/12/2021 11:35:00;Statale;VIA AURELIA;da specificare;;;;Km 10+500 direzione Roma Centro;Scontro laterale fra veicoli in marcia;Curva a visuale libera;Due carreggiate;Bagnato (pioggia);Asfaltata;Verticale ed orizzontale;Pioggia in atto;Normale;Buona;;0;0;0;5;12.4012;41.8861;-1;2;Autovettura privata;In marcia / fermata / arresto;Passeggero;M;Illeso;0;;Non accertato;Inesploso
5758669;18;26/12/2021 11:35:00;Statale;VIA AURELIA;da specificare;;;;Km 10+500 direzione Roma Centro;Scontro laterale fra veicoli in marcia;Curva a visuale libera;Due carreggiate;Bagnato (pioggia);Asfaltata;Verticale ed orizzontale;Pioggia in atto;Normale;Buona;;0;0;0;5;12.4012;41.8861;-1;3;Autovettura privata;In marcia / fermata / arresto;Conducente;M;Illeso;0;;Non accertato;Inesploso
5758693;18;26/12/2021 16:00:00;Strada Urbana;LARGO BEATA TERESA VERZERI;all'intersezione con;VIA GIUSEPPE PIOLTI DE' BIANCHI;VIA GIUSEPPE PIOLTI DE' BIANCHI;;;Scontro frontale/laterale SX fra veicoli in marcia;Intersezione non regolata/non segnalata;Una carreggiata a doppio senso;Bagnato (pioggia);Asfaltata;Assente;Pioggia in atto;Scarso;Sufficiente;;1;0;0;2;12.3949;41.9119;-1;1;Motociclo a solo;In marcia / fermata / arresto;Conducente;M;Rimandato;0;NON DECEDUTO;Non accertato;
5758693;18;26/12/2021 16:00:00;Strada Urbana;LARGO BEATA TERESA VERZERI;all'intersezione con;VIA GIUSEPPE PIOLTI DE' BIANCHI;VIA GIUSEPPE PIOLTI DE' BIANCHI;;;Scontro frontale/laterale SX fra veicoli in marcia;Intersezione non regolata/non segnalata;Una carreggiata a doppio senso;Bagnato (pioggia);Asfaltata;Assente;Pioggia in atto;Scarso;Sufficiente;;1;0;0;2;12.3949;41.9119;-1;2;Autovettura privata;In marcia / fermata / arresto;Conducente;M;Illeso;0;;Non accertato;Inesploso
5758693;18;26/12/2021 16:00:00;Strada Urbana;LARGO BEATA TERESA VERZERI;all'intersezione con;VIA GIUSEPPE PIOLTI DE' BIANCHI;VIA GIUSEPPE PIOLTI DE' BIANCHI;;;Scontro frontale/laterale SX fra veicoli in marcia;Intersezione non regolata/non segnalata;Una carreggiata a doppio senso;Bagnato (pioggia);Asfaltata;Assente;Pioggia in atto;Scarso;Sufficiente;;1;0;0;2;12.3949;41.9119;-1;2;Autovettura privata;In marcia / fermata / arresto;Passeggero;F;Illeso;0;;Non accertato;Inesploso
5758697;1;25/12/2021 19:05:00;Strada Urbana;PIAZZALE UGO LA MALFA;all'intersezione con;VIA DEL CIRCO MASSIMO;VIA DEL CIRCO MASSIMO;;;Scontro laterale fra veicoli in marcia;Incrocio;Una carreggiata a doppio senso;Bagnato (umidit� in atto);Asfaltata;Verticale ed orizzontale;Nuvoloso;Scarso;Buona;;0;0;0;5;12.4849;41.8853;-1;1;Autovettura privata;In marcia / fermata / arresto;Conducente;M;Illeso;0;;;
5758697;1;25/12/2021 19:05:00;Strada Urbana;PIAZZALE UGO LA MALFA;all'intersezione con;VIA DEL CIRCO MASSIMO;VIA DEL CIRCO MASSIMO;;;Scontro laterale fra veicoli in marcia;Incrocio;Una carreggiata a doppio senso;Bagnato (umidit� in atto);Asfaltata;Verticale ed orizzontale;Nuvoloso;Scarso;Buona;;0;0;0;5;12.4849;41.8853;-1;2;Autovettura privata;In marcia / fermata / arresto;Conducente;M;Illeso;0;;;
5758697;1;25/12/2021 19:05:00;Strada Urbana;PIAZZALE UGO LA MALFA;all'intersezione con;VIA DEL CIRCO MASSIMO;VIA DEL CIRCO MASSIMO;;;Scontro laterale fra veicoli in marcia;Incrocio;Una carreggiata a doppio senso;Bagnato (umidit� in atto);Asfaltata;Verticale ed orizzontale;Nuvoloso;Scarso;Buona;;0;0;0;5;12.4849;41.8853;-1;2;Autovettura privata;In marcia / fermata / arresto;Passeggero;F;Illeso;0;;;
5758697;1;25/12/2021 19:05:00;Strada Urbana;PIAZZALE UGO LA MALFA;all'intersezione con;VIA DEL CIRCO MASSIMO;VIA DEL CIRCO MASSIMO;;;Scontro laterale fra veicoli in marcia;Incrocio;Una carreggiata a doppio senso;Bagnato (umidit� in atto);Asfaltata;Verticale ed orizzontale;Nuvoloso;Scarso;Buona;;0;0;0;5;12.4849;41.8853;-1;2;Autovettura privata;In marcia / fermata / arresto;Passeggero;M;Illeso;0;;;
5758697;1;25/12/2021 19:05:00;Strada Urbana;PIAZZALE UGO LA MALFA;all'intersezione con;VIA DEL CIRCO MASSIMO;VIA DEL CIRCO MASSIMO;;;Scontro laterale fra veicoli in marcia;Incrocio;Una carreggiata a doppio senso;Bagnato (umidit� in atto);Asfaltata;Verticale ed orizzontale;Nuvoloso;Scarso;Buona;;0;0;0;5;12.4849;41.8853;-1;2;Autovettura privata;In marcia / fermata / arresto;Passeggero;M;Illeso;0;;;
5758722;18;26/12/2021 18:30:00;;VIA DELLA MAGLIANELLA;in prossimit�;;del civico n.;303/305;;Veicolo in marcia che urta buche nella carreggiata;;;;;;;;;;0;0;0;2;12.3839;41.9117;0;1;Autovettura privata;In marcia / fermata / arresto;Conducente;;Illeso;0;;;
5758722;18;26/12/2021 18:30:00;;VIA DELLA MAGLIANELLA;in prossimit�;;del civico n.;303/305;;Veicolo in marcia che urta buche nella carreggiata;;;;;;;;;;0;0;0;2;12.3839;41.9117;0;1;Autovettura privata;In marcia / fermata / arresto;Passeggero;F;Illeso;0;;;
5758730;5;27/12/2021 06:00:00;Strada Urbana;NUOVA CIRCONVALLAZIONE INTERNA;da specificare;;;;dir. S Giovanni dopo la galleria uscita Tiburtina;Veicolo in marcia contro ostacolo fisso;Rettilineo;Due carreggiate;Asciutto;Asfaltata;Verticale ed orizzontale;Sereno;Scarso;Sufficiente;;0;0;0;1;12.5338;41.908;-1;1;Autovettura privata;In marcia / fermata / arresto;Conducente;M;Illeso;0;;Non accertato;Inesploso
5758732;2;25/12/2021 16:30:00;Strada Urbana;VIA DOMENICO CHELINI;all'intersezione con;VIA GIUSEPPE TUCCIMEI;VIA GIUSEPPE TUCCIMEI;;;Tamponamento;Incrocio;Una carreggiata a doppio senso;Bagnato (pioggia);Asfaltata;Verticale ed orizzontale;Pioggia in atto;Normale;Buona;;1;0;0;2;12.4826;41.926;-1;1;Motociclo con passeggero;In marcia / fermata / arresto;Conducente;M;Illeso;0;;Non accertato;
5758732;2;25/12/2021 16:30:00;Strada Urbana;VIA DOMENICO CHELINI;all'intersezione con;VIA GIUSEPPE TUCCIMEI;VIA GIUSEPPE TUCCIMEI;;;Tamponamento;Incrocio;Una carreggiata a doppio senso;Bagnato (pioggia);Asfaltata;Verticale ed orizzontale;Pioggia in atto;Normale;Buona;;1;0;0;2;12.4826;41.926;-1;1;Motociclo con passeggero;In marcia / fermata / arresto;Passeggero;F;Ricoverato;0;NON DECEDUTO;Non accertato;
5758732;2;25/12/2021 16:30:00;Strada Urbana;VIA DOMENICO CHELINI;all'intersezione con;VIA GIUSEPPE TUCCIMEI;VIA GIUSEPPE TUCCIMEI;;;Tamponamento;Incrocio;Una carreggiata a doppio senso;Bagnato (pioggia);Asfaltata;Verticale ed orizzontale;Pioggia in atto;Normale;Buona;;1;0;0;2;12.4826;41.926;-1;2;Autovettura privata;In marcia / fermata / arresto;Conducente;M;Illeso;0;;Non accertato;Inesploso
5758738;2;26/12/2021 14:50:00;Strada Urbana;VIA STIMIGLIANO;all'intersezione con;VIA MONTEBUONO;VIA MONTEBUONO;;;Scontro frontale/laterale SX fra veicoli in marcia;Incrocio;Una carreggiata a senso unico di marcia;Bagnato (pioggia);Asfaltata;Verticale ed orizzontale;Pioggia in atto;Scarso;Buona;;0;0;0;3;12.5128;41.9348;-1;1;Autovettura privata;In marcia / fermata / arresto;Conducente;M;Illeso;0;;Non accertato;Inesploso
5758738;2;26/12/2021 14:50:00;Strada Urbana;VIA STIMIGLIANO;all'intersezione con;VIA MONTEBUONO;VIA MONTEBUONO;;;Scontro frontale/laterale SX fra veicoli in marcia;Incrocio;Una carreggiata a senso unico di marcia;Bagnato (pioggia);Asfaltata;Verticale ed orizzontale;Pioggia in atto;Scarso;Buona;;0;0;0;3;12.5128;41.9348;-1;1;Autovettura privata;In marcia / fermata / arresto;Passeggero;F;Illeso;0;;Non accertato;Inesploso
5758738;2;26/12/2021 14:50:00;Strada Urbana;VIA STIMIGLIANO;all'intersezione con;VIA MONTEBUONO;VIA MONTEBUONO;;;Scontro frontale/laterale SX fra veicoli in marcia;Incrocio;Una carreggiata a senso unico di marcia;Bagnato (pioggia);Asfaltata;Verticale ed orizzontale;Pioggia in atto;Scarso;Buona;;0;0;0;3;12.5128;41.9348;-1;2;Autovettura privata;In marcia / fermata / arresto;Conducente;M;Illeso;0;;Non accertato;Inesploso
5758744;4;25/12/2021 19:55:00;Strada Urbana;VIA DEI PRATI FISCALI;all'intersezione con;PIAZZALE JONIO;PIAZZALE JONIO;;;Scontro laterale fra veicoli in marcia;Incrocio;Due carreggiate;Bagnato (pioggia);Asfaltata;Verticale ed orizzontale;Pioggia in atto;Normale;Buona;;0;0;0;2;12.5165;41.9461;-1;1;Autovettura privata;In marcia / fermata / arresto;Conducente;M;Illeso;0;;;
5758744;4;25/12/2021 19:55:00;Strada Urbana;VIA DEI PRATI FISCALI;all'intersezione con;PIAZZALE JONIO;PIAZZALE JONIO;;;Scontro laterale fra veicoli in marcia;Incrocio;Due carreggiate;Bagnato (pioggia);Asfaltata;Verticale ed orizzontale;Pioggia in atto;Normale;Buona;;0;0;0;2;12.5165;41.9461;-1;2;Autovettura privata;In marcia / fermata / arresto;Conducente;M;Illeso;0;;;
5758745;2;26/12/2021 18:25:00;Strada Urbana;VIALE REGINA MARGHERITA;in prossimit�;;del civico n.;176;;Veicolo in marcia contro ostacolo fisso;Rettilineo;Una carreggiata a doppio senso;Bagnato (pioggia);Asfaltata;Verticale ed orizzontale;Pioggia in atto;Normale;Sufficiente;;0;0;0;1;12.504;41.915;-1;1;Autovettura privata;In marcia / fermata / arresto;Conducente;M;Illeso;0;;;
5758745;2;26/12/2021 18:25:00;Strada Urbana;VIALE REGINA MARGHERITA;in prossimit�;;del civico n.;176;;Veicolo in marcia contro ostacolo fisso;Rettilineo;Una carreggiata a doppio senso;Bagnato (pioggia);Asfaltata;Verticale ed orizzontale;Pioggia in atto;Normale;Sufficiente;;0;0;0;1;12.504;41.915;-1;2;Autovettura privata;Sosta;;;;;;;
5758745;2;26/12/2021 18:25:00;Strada Urbana;VIALE REGINA MARGHERITA;in prossimit�;;del civico n.;176;;Veicolo in marcia contro ostacolo fisso;Rettilineo;Una carreggiata a doppio senso;Bagnato (pioggia);Asfaltata;Verticale ed orizzontale;Pioggia in atto;Normale;Sufficiente;;0;0;0;1;12.504;41.915;-1;3;Autovettura privata;Sosta;;;;;;;
5758747;18;26/12/2021 18:31:00;Strada Urbana;VIA DELLA MAGLIANELLA;in prossimit�;;del civico n.;303;;Veicolo in marcia che urta buche nella carreggiata;Rettilineo;Una carreggiata a doppio senso;Bagnato (pioggia);Asfaltata;Verticale ed orizzontale;Pioggia in atto;Normale;Insufficiente;;0;0;0;4;12.3839;41.9117;-1;1;Autovettura privata;In marcia / fermata / arresto;Conducente;M;Illeso;0;;Non accertato;Inesploso
5758747;18;26/12/2021 18:31:00;Strada Urbana;VIA DELLA MAGLIANELLA;in prossimit�;;del civico n.;303;;Veicolo in marcia che urta buche nella carreggiata;Rettilineo;Una carreggiata a doppio senso;Bagnato (pioggia);Asfaltata;Verticale ed orizzontale;Pioggia in atto;Normale;Insufficiente;;0;0;0;4;12.3839;41.9117;-1;1;Autovettura privata;In marcia / fermata / arresto;Passeggero;F;Illeso;0;;Non accertato;Inesploso
5758747;18;26/12/2021 18:31:00;Strada Urbana;VIA DELLA MAGLIANELLA;in prossimit�;;del civico n.;303;;Veicolo in marcia che urta buche nella carreggiata;Rettilineo;Una carreggiata a doppio senso;Bagnato (pioggia);Asfaltata;Verticale ed orizzontale;Pioggia in atto;Normale;Insufficiente;;0;0;0;4;12.3839;41.9117;-1;1;Autovettura privata;In marcia / fermata / arresto;Passeggero;F;Illeso;0;;Non accertato;Inesploso
5758747;18;26/12/2021 18:31:00;Strada Urbana;VIA DELLA MAGLIANELLA;in prossimit�;;del civico n.;303;;Veicolo in marcia che urta buche nella carreggiata;Rettilineo;Una carreggiata a doppio senso;Bagnato (pioggia);Asfaltata;Verticale ed orizzontale;Pioggia in atto;Normale;Insufficiente;;0;0;0;4;12.3839;41.9117;-1;1;Autovettura privata;In marcia / fermata / arresto;Passeggero;M;Illeso;0;;Non accertato;Inesploso
5758748;2;27/12/2021 00:40:00;Strada Urbana;PIAZZA GIUSEPPE PRIMOLI;all'intersezione con;VIA UGO OJETTI;VIA UGO OJETTI;;;Scontro frontale/laterale SX fra veicoli in marcia;Incrocio;Una carreggiata a senso unico di marcia;Asciutto;Asfaltata;Verticale ed orizzontale;Sereno;Scarso;Buona;;0;0;0;2;12.5529;41.9452;-1;1;Autovettura privata;In marcia / fermata / arresto;Conducente;M;Illeso;0;;Non accertato;Inesploso
5758748;2;27/12/2021 00:40:00;Strada Urbana;PIAZZA GIUSEPPE PRIMOLI;all'intersezione con;VIA UGO OJETTI;VIA UGO OJETTI;;;Scontro frontale/laterale SX fra veicoli in marcia;Incrocio;Una carreggiata a senso unico di marcia;Asciutto;Asfaltata;Verticale ed orizzontale;Sereno;Scarso;Buona;;0;0;0;2;12.5529;41.9452;-1;2;Autovettura privata;In marcia / fermata / arresto;Conducente;M;Illeso;0;;Non accertato;Inesploso
5758769;13;25/12/2021 13:00:00;Strada Urbana;VIA DI ACQUA ROSSA;da specificare;;;;prossimit� civ. 9 di largo delle marianne;Ribaltamento senza urto contro ostacolo fisso;Rettilineo;Una carreggiata a doppio senso;Bagnato (pioggia);Strada pavimentata dissestata;Verticale;Pioggia in atto;Scarso;Buona;;0;0;0;2;12.2753;41.7424;-1;1;Autovettura privata;In marcia / fermata / arresto;Conducente;M;Illeso;0;;;
5758769;13;25/12/2021 13:00:00;Strada Urbana;VIA DI ACQUA ROSSA;da specificare;;;;prossimit� civ. 9 di largo delle marianne;Ribaltamento senza urto contro ostacolo fisso;Rettilineo;Una carreggiata a doppio senso;Bagnato (pioggia);Strada pavimentata dissestata;Verticale;Pioggia in atto;Scarso;Buona;;0;0;0;2;12.2753;41.7424;-1;1;Autovettura privata;In marcia / fermata / arresto;Passeggero;F;Illeso;0;;;
5758786;12;27/12/2021 06:35:00;Provinciale entro l'abitato;VIA OSTIENSE;all'intersezione con;VIA DEL FOSSO DEL TORRINO;VIA DEL FOSSO DEL TORRINO;;;Veicolo in marcia contro veicolo arresto;Intersezione stradale segnalata;Due carreggiate;Bagnato (umidit� in atto);Asfaltata;Verticale ed orizzontale;Sereno;Scarso;Buona;;0;0;0;3;12.4328;41.8169;-1;1;Autovettura privata;In marcia / fermata / arresto;Conducente;M;Illeso;0;;Non accertato;Inesploso
5758786;12;27/12/2021 06:35:00;Provinciale entro l'abitato;VIA OSTIENSE;all'intersezione con;VIA DEL FOSSO DEL TORRINO;VIA DEL FOSSO DEL TORRINO;;;Veicolo in marcia contro veicolo arresto;Intersezione stradale segnalata;Due carreggiate;Bagnato (umidit� in atto);Asfaltata;Verticale ed orizzontale;Sereno;Scarso;Buona;;0;0;0;3;12.4328;41.8169;-1;2;Autovettura privata;In marcia / fermata / arresto;Conducente;M;Illeso;0;;Non accertato;Inesploso
5758786;12;27/12/2021 06:35:00;Provinciale entro l'abitato;VIA OSTIENSE;all'intersezione con;VIA DEL FOSSO DEL TORRINO;VIA DEL FOSSO DEL TORRINO;;;Veicolo in marcia contro veicolo arresto;Intersezione stradale segnalata;Due carreggiate;Bagnato (umidit� in atto);Asfaltata;Verticale ed orizzontale;Sereno;Scarso;Buona;;0;0;0;3;12.4328;41.8169;-1;3;Motociclo a solo;In marcia / fermata / arresto;Conducente;M;Illeso;0;;Non accertato;
5758790;13;25/12/2021 20:25:00;Strada Urbana;VIA DELLE EBRIDI;da specificare;;;;pressi civ 05;Veicolo in marcia contro ostacolo accidentale;Rettilineo;Una carreggiata a doppio senso;Bagnato (pioggia);Asfaltata;Assente;Pioggia in atto;Scarso;Sufficiente;;0;0;0;1;12.2619;41.739;0;1;Autovettura privata;In marcia / fermata / arresto;Conducente;M;Illeso;0;;;
5758791;18;26/12/2021 18:32:00;Strada Urbana;VIA DELLA MAGLIANELLA;in prossimit�;;del civico n.;303/305;;Veicolo in marcia che urta buche nella carreggiata;Rettilineo;Una carreggiata a doppio senso;Bagnato (pioggia);Asfaltata;Verticale ed orizzontale;Pioggia in atto;Scarso;Insufficiente;;0;0;0;2;12.3839;41.9117;-1;1;Autovettura privata;In marcia / fermata / arresto;Conducente;M;Illeso;0;;Non accertato;Inesploso
5758791;18;26/12/2021 18:32:00;Strada Urbana;VIA DELLA MAGLIANELLA;in prossimit�;;del civico n.;303/305;;Veicolo in marcia che urta buche nella carreggiata;Rettilineo;Una carreggiata a doppio senso;Bagnato (pioggia);Asfaltata;Verticale ed orizzontale;Pioggia in atto;Scarso;Insufficiente;;0;0;0;2;12.3839;41.9117;-1;1;Autovettura privata;In marcia / fermata / arresto;Passeggero;F;Illeso;0;;Non accertato;Inesploso
5758795;13;25/12/2021 21:30:00;Comunale extraurbana;VIA OSTIENSE;da specificare;;;;pressi via di malafede;Veicolo in marcia contro ostacolo accidentale;Rettilineo;Una carreggiata a doppio senso;Bagnato (pioggia);Asfaltata;Verticale ed orizzontale;Pioggia in atto;Scarso;Sufficiente;;0;0;0;2;12.4229;41.8109;0;1;Autovettura privata;In marcia / fermata / arresto;Conducente;M;Illeso;0;;;
5758795;13;25/12/2021 21:30:00;Comunale extraurbana;VIA OSTIENSE;da specificare;;;;pressi via di malafede;Veicolo in marcia contro ostacolo accidentale;Rettilineo;Una carreggiata a doppio senso;Bagnato (pioggia);Asfaltata;Verticale ed orizzontale;Pioggia in atto;Scarso;Sufficiente;;0;0;0;2;12.4229;41.8109;0;1;Autovettura privata;In marcia / fermata / arresto;Passeggero;M;Illeso;0;;;
5758813;18;26/12/2021 18:55:00;;VIA DELLA MAGLIANELLA;in prossimit�;;del civico n.;303/305;;Veicolo in marcia che urta buche nella carreggiata;;;;;;;;;;0;0;0;1;12.3839;41.9117;0;1;Autovettura privata;In marcia / fermata / arresto;Conducente;;Illeso;0;;;
5758818;7;24/12/2021 18:10:00;Strada Urbana;VIALE ALESSANDRINO;da specificare;;;;prossimit�  area di servizio via della bellavilla;Scontro laterale fra veicoli in marcia;Rettilineo;Una carreggiata a senso unico di marcia;Asciutto;Asfaltata;Assente;Sereno;Scarso;Buona;;0;0;0;2;12.5796;41.8732;-1;1;Autovettura privata;In marcia / fermata / arresto;Conducente;M;Illeso;0;;Non accertato;Inesploso
5758818;7;24/12/2021 18:10:00;Strada Urbana;VIALE ALESSANDRINO;da specificare;;;;prossimit�  area di servizio via della bellavilla;Scontro laterale fra veicoli in marcia;Rettilineo;Una carreggiata a senso unico di marcia;Asciutto;Asfaltata;Assente;Sereno;Scarso;Buona;;0;0;0;2;12.5796;41.8732;-1;2;Autovettura privata;In marcia / fermata / arresto;Conducente;M;Illeso;0;;Non accertato;Inesploso
5758826;17;26/12/2021 11:30:00;Strada Urbana;VIALE VATICANO;in prossimit�;;del civico n.;68;;Veicolo in marcia contro veicoli in sosta;Rettilineo;Una carreggiata a doppio senso;Bagnato (pioggia);Asfaltata;Verticale ed orizzontale;Pioggia in atto;Scarso;Buona;;0;0;0;2;12.4491;41.9054;-1;1;Autovettura privata;In marcia / fermata / arresto;Conducente;M;Illeso;0;;;
5758826;17;26/12/2021 11:30:00;Strada Urbana;VIALE VATICANO;in prossimit�;;del civico n.;68;;Veicolo in marcia contro veicoli in sosta;Rettilineo;Una carreggiata a doppio senso;Bagnato (pioggia);Asfaltata;Verticale ed orizzontale;Pioggia in atto;Scarso;Buona;;0;0;0;2;12.4491;41.9054;-1;1;Autovettura privata;In marcia / fermata / arresto;Passeggero;F;Illeso;0;;;
5758826;17;26/12/2021 11:30:00;Strada Urbana;VIALE VATICANO;in prossimit�;;del civico n.;68;;Veicolo in marcia contro veicoli in sosta;Rettilineo;Una carreggiata a doppio senso;Bagnato (pioggia);Asfaltata;Verticale ed orizzontale;Pioggia in atto;Scarso;Buona;;0;0;0;2;12.4491;41.9054;-1;2;Motociclo a solo;Sosta;;;;;;;
5758826;17;26/12/2021 11:30:00;Strada Urbana;VIALE VATICANO;in prossimit�;;del civico n.;68;;Veicolo in marcia contro veicoli in sosta;Rettilineo;Una carreggiata a doppio senso;Bagnato (pioggia);Asfaltata;Verticale ed orizzontale;Pioggia in atto;Scarso;Buona;;0;0;0;2;12.4491;41.9054;-1;3;Motociclo con passeggero;Sosta;;;;;;;