Protocollo;Gruppo;DataOraIncidente;Localizzazione1;STRADA1;Localizzazione2;STRADA2;Strada02;Chilometrica;DaSpecificare;NaturaIncidente;particolaritastrade;TipoStrada;FondoStradale;Pavimentazione;Segnaletica;CondizioneAtmosferica;Traffico;Visibilita;Illuminazione;NUM_FERITI;NUM_RISERVATA;NUM_MORTI;NUM_ILLESI;Longitudine;Latitudine;Confermato;Progressivo;TipoVeicolo;StatoVeicolo;TipoPersona;Sesso;Tipolesione;Deceduto;DecedutoDopo;CinturaCascoUtilizzato;Airbag;
5760205;16;24/12/2021 13:00:00;;VIA DI AFFOGALASINO;da specificare;;;;fronte civico 138;Infortunio per sola frenata improvvisa;;;;;;;;;;1;0;0;0;12.4352;41.8585;0;1;Motociclo a solo;In marcia / fermata / arresto;Conducente;M;Rimandato;0;NON DECEDUTO;;
5760218;16;24/12/2021 20:40:00;;PIAZZETTA DEL BEL RESPIRO;da specificare;;;;fronte civico 11;Veicolo in marcia contro ostacolo accidentale;;;;;;;;;;0;0;0;1;12.4411;41.8795;0;1;Autovettura privata;In marcia / fermata / arresto;Conducente;M;Illeso;0;;;
5760230;16;26/12/2021 17:00:00;Strada Urbana;VIA SILVESTRI;in corrispondenza;;del civico n.;222;;Investimento di pedone;Rettilineo;Una carreggiata a doppio senso;Bagnato (pioggia);Asfaltata;Verticale ed orizzontale;Pioggia in atto;Scarso;Insufficiente;;1;0;0;1;12.4304;41.8772;-1;;;;Pedone;M;Rimandato;0;NON DECEDUTO;;
5760230;16;26/12/2021 17:00:00;Strada Urbana;VIA SILVESTRI;in corrispondenza;;del civico n.;222;;Investimento di pedone;Rettilineo;Una carreggiata a doppio senso;Bagnato (pioggia);Asfaltata;Verticale ed orizzontale;Pioggia in atto;Scarso;Insufficiente;;1;0;0;1;12.4304;41.8772;-1;1;Motociclo con passeggero;In marcia / fermata / arresto;Conducente;M;Illeso;0;;Non accertato;
5760260;16;26/12/2021 21:20:00;Strada Urbana;VIA VINCENZO USSANI;in prossimit�;;del civico n.;68;;Veicolo in marcia contro veicoli in sosta;Rettilineo;Una carreggiata a senso unico di marcia;Bagnato (pioggia);Asfaltata;Verticale ed orizzontale;Sereno;Normale;Buona;;1;0;0;0;12.4412;41.8594;-1;1;Autovettura privata;In marcia / fermata / arresto;Conducente;M;Rimandato;0;NON DECEDUTO;Non accertato;Inesploso
5760260;16;26/12/2021 21:20:00;Strada Urbana;VIA VINCENZO USSANI;in prossimit�;;del civico n.;68;;Veicolo in marcia contro veicoli in sosta;Rettilineo;Una carreggiata a senso unico di marcia;Bagnato (pioggia);Asfaltata;Verticale ed orizzontale;Sereno;Normale;Buona;;1;0;0;0;12.4412;41.8594;-1;2;Autovettura privata;Sosta;;;;;;;
5760260;16;26/12/2021 21:20:00;Strada Urbana;VIA VINCENZO USSANI;in prossimit�;;del civico n.;68;;Veicolo in marcia contro veicoli in sosta;Rettilineo;Una carreggiata a senso unico di marcia;Bagnato (pioggia);Asfaltata;Verticale ed orizzontale;Sereno;Normale;Buona;;1;0;0;0;12.4412;41.8594;-1;3;Autovettura privata;Sosta;;;;;;;
5760260;16;26/12/2021 21:20:00;Strada Urbana;VIA VINCENZO USSANI;in prossimit�;;del civico n.;68;;Veicolo in marcia contro veicoli in sosta;Rettilineo;Una carreggiata a senso unico di marcia;Bagnato (pioggia);Asfaltata;Verticale ed orizzontale;Sereno;Normale;Buona;;1;0;0;0;12.4412;41.8594;-1;4;Autovettura privata;Sosta;;;;;;;
5760280;7;27/12/2021 16:10:00;Strada Urbana;VIA LUCA GHINI;in corrispondenza;;del civico n.;16;;Scontro laterale fra veicoli in marcia;Rettilineo;Una carreggiata a senso unico di marcia;Bagnato (pioggia);Asfaltata;Orizzontale;Pioggia in atto;Normale;Sufficiente;;0;0;0;2;12.5799;41.8786;-1;1;Autovettura privata;In marcia / fermata / arresto;Conducente;M;Illeso;0;;Non accertato;Inesploso
5760280;7;27/12/2021 16:10:00;Strada Urbana;VIA LUCA GHINI;in corrispondenza;;del civico n.;16;;Scontro laterale fra veicoli in marcia;Rettilineo;Una carreggiata a senso unico di marcia;Bagnato (pioggia);Asfaltata;Orizzontale;Pioggia in atto;Normale;Sufficiente;;0;0;0;2;12.5799;41.8786;-1;2;Autovettura privata;In marcia / fermata / arresto;Conducente;M;Illeso;0;;Non accertato;Inesploso
5760288;10;28/12/2021 09:30:00;Statale;VIA APPIA NUOVA;in prossimit�;;della chilometrica;15.3;;Scontro laterale fra veicoli in marcia;Rettilineo;Due carreggiate;Bagnato (umidit� in atto);Asfaltata;Verticale ed orizzontale;Nuvoloso;Normale;Buona;;0;0;0;2;12.5872;41.7974;-1;1;Autovettura privata;In marcia / fermata / arresto;Conducente;M;Illeso;0;;Non accertato;Inesploso
5760288;10;28/12/2021 09:30:00;Statale;VIA APPIA NUOVA;in prossimit�;;della chilometrica;15.3;;Scontro laterale fra veicoli in marcia;Rettilineo;Due carreggiate;Bagnato (umidit� in atto);Asfaltata;Verticale ed orizzontale;Nuvoloso;Normale;Buona;;0;0;0;2;12.5872;41.7974;-1;2;Autoveicolo trasp.promisc.;In marcia / fermata / arresto;Conducente;M;Illeso;0;;;
5760292;17;23/12/2021 17:20:00;Strada Urbana;VIA ORAZIO;all'intersezione con;VIA CASSIODORO;VIA CASSIODORO;;;Scontro frontale/laterale DX fra veicoli in marcia;Incrocio;Una carreggiata a senso unico di marcia;Bagnato (pioggia);Asfaltata;Verticale ed orizzontale;Pioggia in atto;Scarso;Buona;;0;0;0;4;12.4666;41.9068;-1;1;Autovettura privata;In marcia / fermata / arresto;Conducente;M;Illeso;0;;;
5760292;17;23/12/2021 17:20:00;Strada Urbana;VIA ORAZIO;all'intersezione con;VIA CASSIODORO;VIA CASSIODORO;;;Scontro frontale/laterale DX fra veicoli in marcia;Incrocio;Una carreggiata a senso unico di marcia;Bagnato (pioggia);Asfaltata;Verticale ed orizzontale;Pioggia in atto;Scarso;Buona;;0;0;0;4;12.4666;41.9068;-1;1;Autovettura privata;In marcia / fermata / arresto;Passeggero;F;Illeso;0;;;
5760292;17;23/12/2021 17:20:00;Strada Urbana;VIA ORAZIO;all'intersezione con;VIA CASSIODORO;VIA CASSIODORO;;;Scontro frontale/laterale DX fra veicoli in marcia;Incrocio;Una carreggiata a senso unico di marcia;Bagnato (pioggia);Asfaltata;Verticale ed orizzontale;Pioggia in atto;Scarso;Buona;;0;0;0;4;12.4666;41.9068;-1;2;Autovettura privata;In marcia / fermata / arresto;Conducente;M;Illeso;0;;;
5760292;17;23/12/2021 17:20:00;Strada Urbana;VIA ORAZIO;all'intersezione con;VIA CASSIODORO;VIA CASSIODORO;;;Scontro frontale/laterale DX fra veicoli in marcia;Incrocio;Una carreggiata a senso unico di marcia;Bagnato (pioggia);Asfaltata;Verticale ed orizzontale;Pioggia in atto;Scarso;Buona;;0;0;0;4;12.4666;41.9068;-1;2;Autovettura privata;In marcia / fermata / arresto;Passeggero;M;Illeso;0;;;
5760293;10;28/12/2021 11:00:00;Strada Urbana;VIALE PALMIRO TOGLIATTI;all'intersezione con;VIA FILIPPO SERAFINI;VIA FILIPPO SERAFINI;;;Scontro frontale/laterale SX fra veicoli in marcia;Incrocio;Pi� di due carreggiate;Asciutto;Asfaltata;Verticale ed orizzontale;Sereno;Normale;Buona;;0;0;0;3;12.5701;41.8607;-1;1;Autovettura privata;In marcia / fermata / arresto;Conducente;F;Illeso;0;;Non accertato;Inesploso
5760293;10;28/12/2021 11:00:00;Strada Urbana;VIALE PALMIRO TOGLIATTI;all'intersezione con;VIA FILIPPO SERAFINI;VIA FILIPPO SERAFINI;;;Scontro frontale/laterale SX fra veicoli in marcia;Incrocio;Pi� di due carreggiate;Asciutto;Asfaltata;Verticale ed orizzontale;Sereno;Normale;Buona;;0;0;0;3;12.5701;41.8607;-1;1;Autovettura privata;In marcia / fermata / arresto;Passeggero;M;Illeso;0;;Non accertato;Inesploso
5760293;10;28/12/2021 11:00:00;Strada Urbana;VIALE PALMIRO TOGLIATTI;all'intersezione con;VIA FILIPPO SERAFINI;VIA FILIPPO SERAFINI;;;Scontro frontale/laterale SX fra veicoli in marcia;Incrocio;Pi� di due carreggiate;Asciutto;Asfaltata;Verticale ed orizzontale;Sereno;Normale;Buona;;0;0;0;3;12.5701;41.8607;-1;2;Autocarro inferiore 35 q.;In marcia / fermata / arresto;Conducente;F;Illeso;0;;Non accertato;Esploso
5760308;1;24/12/2021 13:05:00;;VIA DEL QUIRINALE;in prossimit�;;del civico n.;28;;Infortunio per sola frenata improvvisa;;;;;;;;;;0;0;0;1;12.4894;41.9009;0;1;Motociclo a solo;In marcia / fermata / arresto;Conducente;M;Illeso;0;;Non accertato;
5760323;1;27/12/2021 20:30:00;;VIA DI PORTA PORTESE;in prossimit�;;del civico n.;8;;Veicolo in marcia che urta buche nella carreggiata;;;;;;;;;;0;0;0;1;12.4732;41.8845;0;1;Velocipede;In marcia / fermata / arresto;Conducente;F;Illeso;0;;Esente;
5760351;1;28/12/2021 11:50:00;Strada Urbana;PONTE PRINCIPE AMEDEO SAVOIA AOSTA;all'intersezione semaforizzata con;LUNGOTEVERE DEI SANGALLO;LUNGOTEVERE DEI SANGALLO;;;Infortunio per sola frenata improvvisa;Intersezione semaforizzata;Una carreggiata a senso unico di marcia;Asciutto;Asfaltata;Verticale ed orizzontale;Nuvoloso;Normale;Buona;;1;0;0;1;12.4642;41.8998;-1;1;Motociclo a solo;In marcia / fermata / arresto;Conducente;M;Rifiuta cure immediate;0;NON DECEDUTO;;
5760351;1;28/12/2021 11:50:00;Strada Urbana;PONTE PRINCIPE AMEDEO SAVOIA AOSTA;all'intersezione semaforizzata con;LUNGOTEVERE DEI SANGALLO;LUNGOTEVERE DEI SANGALLO;;;Infortunio per sola frenata improvvisa;Intersezione semaforizzata;Una carreggiata a senso unico di marcia;Asciutto;Asfaltata;Verticale ed orizzontale;Nuvoloso;Normale;Buona;;1;0;0;1;12.4642;41.8998;-1;2;Autovettura privata;In marcia / fermata / arresto;Conducente;M;Illeso;0;;;
5760433;17;25/12/2021 17:00:00;Strada Urbana;VIA DEL MASCHERINO;in prossimit�;;del civico n.;25;;Veicolo in marcia contro veicolo in sosta;Rettilineo;Una carreggiata a doppio senso;Bagnato (umidit� in atto);Asfaltata;Verticale ed orizzontale;Pioggia in atto;Scarso;Buona;;0;0;0;1;12.4586;41.9042;0;1;Autovettura privata;Sosta;;;;;;;
5760433;17;25/12/2021 17:00:00;Strada Urbana;VIA DEL MASCHERINO;in prossimit�;;del civico n.;25;;Veicolo in marcia contro veicolo in sosta;Rettilineo;Una carreggiata a doppio senso;Bagnato (umidit� in atto);Asfaltata;Verticale ed orizzontale;Pioggia in atto;Scarso;Buona;;0;0;0;1;12.4586;41.9042;0;2;Autovettura privata;In marcia / fermata / arresto;Conducente;M;Illeso;0;;;
5760448;16;26/12/2021 17:15:00;Strada Urbana;VIA ADOLFO GANDIGLIO;all'intersezione semaforizzata con;VIALE DEI COLLI PORTUENSI;VIALE DEI COLLI PORTUENSI;;;Investimento di pedone;Incrocio;Due carreggiate;Asciutto;Asfaltata;Verticale ed orizzontale;Nuvoloso;Scarso;Buona;;1;0;0;1;12.4408;41.8645;-1;;;;Pedone;F;Rimandato;0;NON DECEDUTO;;
5760448;16;26/12/2021 17:15:00;Strada Urbana;VIA ADOLFO GANDIGLIO;all'intersezione semaforizzata con;VIALE DEI COLLI PORTUENSI;VIALE DEI COLLI PORTUENSI;;;Investimento di pedone;Incrocio;Due carreggiate;Asciutto;Asfaltata;Verticale ed orizzontale;Nuvoloso;Scarso;Buona;;1;0;0;1;12.4408;41.8645;-1;1;Autovettura privata;In marcia / fermata / arresto;Conducente;F;Illeso;0;;Non accertato;
5760461;16;26/12/2021 19:30:00;;VIA AURELIA ANTICA;da specificare;;;;PROX CAVALCAVIA LEONE XIII;Veicolo in marcia contro ostacolo accidentale;;;;;;;;;;0;0;0;1;12.435;41.8902;0;1;Autovettura privata;In marcia / fermata / arresto;Conducente;M;Illeso;0;;;
5760493;1;28/12/2021 12:20:00;Strada Urbana;PONTE PALATINO;da specificare;;;;palo luce 9 direzione lgt dei pierleoni;Tamponamento;Rettilineo;Due carreggiate;Asciutto;Asfaltata;Orizzontale;Nuvoloso;Normale;Buona;;1;0;0;3;12.4788;41.8892;-1;1;Motociclo a solo;In marcia / fermata / arresto;Conducente;M;Rimandato;0;NON DECEDUTO;;
5760493;1;28/12/2021 12:20:00;Strada Urbana;PONTE PALATINO;da specificare;;;;palo luce 9 direzione lgt dei pierleoni;Tamponamento;Rettilineo;Due carreggiate;Asciutto;Asfaltata;Orizzontale;Nuvoloso;Normale;Buona;;1;0;0;3;12.4788;41.8892;-1;2;Autovettura pubblica;In marcia / fermata / arresto;Conducente;M;Illeso;0;;;
5760493;1;28/12/2021 12:20:00;Strada Urbana;PONTE PALATINO;da specificare;;;;palo luce 9 direzione lgt dei pierleoni;Tamponamento;Rettilineo;Due carreggiate;Asciutto;Asfaltata;Orizzontale;Nuvoloso;Normale;Buona;;1;0;0;3;12.4788;41.8892;-1;2;Autovettura pubblica;In marcia / fermata / arresto;Passeggero;F;Illeso;0;;;
5760493;1;28/12/2021 12:20:00;Strada Urbana;PONTE PALATINO;da specificare;;;;palo luce 9 direzione lgt dei pierleoni;Tamponamento;Rettilineo;Due carreggiate;Asciutto;Asfaltata;Orizzontale;Nuvoloso;Normale;Buona;;1;0;0;3;12.4788;41.8892;-1;2;Autovettura pubblica;In marcia / fermata / arresto;Passeggero;M;Illeso;0;;;
5760502;16;27/12/2021 15:15:00;Strada Urbana;VIA CRESCENZO DEL MONTE;da specificare;;;;fronte civico 36;Veicolo in marcia contro veicolo in sosta;Rettilineo;Una carreggiata a doppio senso;Bagnato (umidit� in atto);Asfaltata;Assente;Nuvoloso;Scarso;Buona;;0;0;0;1;12.4667;41.8751;-1;1;Autovettura privata;Sosta;;;;;;;
5760502;16;27/12/2021 15:15:00;Strada Urbana;VIA CRESCENZO DEL MONTE;da specificare;;;;fronte civico 36;Veicolo in marcia contro veicolo in sosta;Rettilineo;Una carreggiata a doppio senso;Bagnato (umidit� in atto);Asfaltata;Assente;Nuvoloso;Scarso;Buona;;0;0;0;1;12.4667;41.8751;-1;2;Autocarro inferiore 35 q.;In marcia / fermata / arresto;Conducente;M;Illeso;0;;Non accertato;Inesploso
5760517;16;27/12/2021 15:45:00;;VIA DEGLI STRADIVARI;all'intersezione con;VIA GIOVANNI DA CASTEL BOLOGNESE;VIA GIOVANNI DA CASTEL BOLOGNESE;;;Scontro laterale fra veicoli in marcia;;;;;;;;;;0;0;0;2;12.4686;41.8746;0;1;Motociclo a solo;In marcia / fermata / arresto;Conducente;M;Illeso;0;;;
5760517;16;27/12/2021 15:45:00;;VIA DEGLI STRADIVARI;all'intersezione con;VIA GIOVANNI DA CASTEL BOLOGNESE;VIA GIOVANNI DA CASTEL BOLOGNESE;;;Scontro laterale fra veicoli in marcia;;;;;;;;;;0;0;0;2;12.4686;41.8746;0;2;Autovettura privata;In marcia / fermata / arresto;Conducente;F;Illeso;0;;;
5760528;16;27/12/2021 17:05:00;Strada Urbana;PORTA S. PANCRAZIO;in corrispondenza;;del palo luce n.;27;;Investimento di pedone;Rettilineo;Una carreggiata a doppio senso;Bagnato (pioggia);Asfaltata;Verticale ed orizzontale;Nuvoloso;Normale;Sufficiente;;1;0;0;1;12.4615;41.8884;-1;;;;Pedone;M;Rimandato;0;NON DECEDUTO;;
5760528;16;27/12/2021 17:05:00;Strada Urbana;PORTA S. PANCRAZIO;in corrispondenza;;del palo luce n.;27;;Investimento di pedone;Rettilineo;Una carreggiata a doppio senso;Bagnato (pioggia);Asfaltata;Verticale ed orizzontale;Nuvoloso;Normale;Sufficiente;;1;0;0;1;12.4615;41.8884;-1;1;Autovettura privata;In marcia / fermata / arresto;Conducente;M;Illeso;0;;Non accertato;Inesploso
5760537;16;27/12/2021 18:00:00;Strada Urbana;VICOLO DEL CASALE LUMBROSO;in prossimit�;;del civico n.;6;;Veicolo in marcia contro ostacolo accidentale;Rettilineo;Una carreggiata a doppio senso;Bagnato (pioggia);Asfaltata;Assente;Pioggia in atto;Normale;Sufficiente;;0;0;0;1;12.365;41.87;-1;1;Autovettura privata;In marcia / fermata / arresto;Conducente;M;Illeso;0;;Non accertato;Inesploso
5760551;12;28/12/2021 11:30:00;Statale;VIA PONTINA;in prossimit�;;della chilometrica;22.7;;Veicolo in marcia contro ostacolo fisso;Curva a visuale libera;Due carreggiate;Asciutto;Asfaltata;Verticale ed orizzontale;Nuvoloso;Normale;Buona;;1;0;0;0;12.4522;41.794;-1;1;Autoarticolato;In marcia / fermata / arresto;Conducente;M;Rimandato;0;NON DECEDUTO;;
5760555;17;23/12/2021 06:00:00;Strada Urbana;VIA DELLA GIULIANA;all'intersezione con;VIA RODI;VIA RODI;;;Scontro frontale/laterale DX fra veicoli in marcia;Intersezione stradale segnalata;Una carreggiata a doppio senso;Asciutto;Asfaltata;Verticale ed orizzontale;Sereno;Normale;Buona;;0;0;0;2;12.4542;41.9133;-1;1;Autovettura privata;In marcia / fermata / arresto;Conducente;M;Illeso;0;;;
5760555;17;23/12/2021 06:00:00;Strada Urbana;VIA DELLA GIULIANA;all'intersezione con;VIA RODI;VIA RODI;;;Scontro frontale/laterale DX fra veicoli in marcia;Intersezione stradale segnalata;Una carreggiata a doppio senso;Asciutto;Asfaltata;Verticale ed orizzontale;Sereno;Normale;Buona;;0;0;0;2;12.4542;41.9133;-1;2;Autocarro inferiore 35 q.;In marcia / fermata / arresto;Conducente;M;Illeso;0;;;
5760594;2;28/12/2021 13:29:00;Strada Urbana;VIA NOMENTANA;in prossimit�;;del civico n.;347;;Veicolo in marcia contro ostacolo fisso;Rettilineo;Pi� di due carreggiate;Asciutto;Asfaltata;Verticale ed orizzontale;Nuvoloso;Normale;Buona;;0;0;0;1;12.5186;41.9221;-1;1;Quadriciclo;In marcia / fermata / arresto;Conducente;M;Illeso;0;;;
5760616;6;28/12/2021 16:00:00;Strada Urbana;LARGO PRENESTE;all'intersezione semaforizzata con;VIA PRENESTINA;VIA PRENESTINA;;;Scontro laterale fra veicoli in marcia;Intersezione semaforizzata;Pi� di due carreggiate;Asciutto;Asfaltata;Verticale ed orizzontale;Sereno;Normale;Buona;;0;0;0;2;12.5408;41.8926;-1;1;Autobus di linea;In marcia / fermata / arresto;Conducente;M;Illeso;0;;Non accertato;Inesploso
5760616;6;28/12/2021 16:00:00;Strada Urbana;LARGO PRENESTE;all'intersezione semaforizzata con;VIA PRENESTINA;VIA PRENESTINA;;;Scontro laterale fra veicoli in marcia;Intersezione semaforizzata;Pi� di due carreggiate;Asciutto;Asfaltata;Verticale ed orizzontale;Sereno;Normale;Buona;;0;0;0;2;12.5408;41.8926;-1;2;Autovettura privata;In marcia / fermata / arresto;Conducente;M;Illeso;0;;Non accertato;Inesploso
5760623;12;28/12/2021 09:10:00;Strada Urbana;VIA CINA;all'intersezione con;VIA DEI BAMBU';VIA DEI BAMBU';;;Scontro laterale fra veicoli in marcia;Incrocio;Una carreggiata a doppio senso;Bagnato (umidit� in atto);Asfaltata;Verticale ed orizzontale;Nuvoloso;Normale;Buona;;1;0;0;1;12.4342;41.8127;-1;1;Autobus di linea;In marcia / fermata / arresto;Conducente;M;Illeso;0;;Utilizzato;Inesploso
5760623;12;28/12/2021 09:10:00;Strada Urbana;VIA CINA;all'intersezione con;VIA DEI BAMBU';VIA DEI BAMBU';;;Scontro laterale fra veicoli in marcia;Incrocio;Una carreggiata a doppio senso;Bagnato (umidit� in atto);Asfaltata;Verticale ed orizzontale;Nuvoloso;Normale;Buona;;1;0;0;1;12.4342;41.8127;-1;2;Autovettura privata;In marcia / fermata / arresto;Conducente;F;Rimandato;0;NON DECEDUTO;Utilizzato;Inesploso
5760646;18;28/12/2021 02:15:00;Strada Urbana;VIA ALBERTO BOLOGNETTI;in corrispondenza;;del civico n.;7;;Veicolo in marcia contro veicoli in sosta;Curva senza visuale libera;Due carreggiate;Bagnato (pioggia);Asfaltata;Verticale ed orizzontale;Nuvoloso;Scarso;Sufficiente;;1;0;0;1;12.4224;41.9151;-1;1;Autovettura privata;In marcia / fermata / arresto;Conducente;M;Rimandato;0;NON DECEDUTO;;
5760646;18;28/12/2021 02:15:00;Strada Urbana;VIA ALBERTO BOLOGNETTI;in corrispondenza;;del civico n.;7;;Veicolo in marcia contro veicoli in sosta;Curva senza visuale libera;Due carreggiate;Bagnato (pioggia);Asfaltata;Verticale ed orizzontale;Nuvoloso;Scarso;Sufficiente;;1;0;0;1;12.4224;41.9151;-1;1;Autovettura privata;In marcia / fermata / arresto;Passeggero;F;Illeso;0;;;
5760646;18;28/12/2021 02:15:00;Strada Urbana;VIA ALBERTO BOLOGNETTI;in corrispondenza;;del civico n.;7;;Veicolo in marcia contro veicoli in sosta;Curva senza visuale libera;Due carreggiate;Bagnato (pioggia);Asfaltata;Verticale ed orizzontale;Nuvoloso;Scarso;Sufficiente;;1;0;0;1;12.4224;41.9151;-1;2;Autovettura privata;Sosta;;;;;;;
5760646;18;28/12/2021 02:15:00;Strada Urbana;VIA ALBERTO BOLOGNETTI;in corrispondenza;;del civico n.;7;;Veicolo in marcia contro veicoli in sosta;Curva senza visuale libera;Due carreggiate;Bagnato (pioggia);Asfaltata;Verticale ed orizzontale;Nuvoloso;Scarso;Sufficiente;;1;0;0;1;12.4224;41.9151;-1;3;Autovettura privata;Sosta;;;;;;;
5760646;18;28/12/2021 02:15:00;Strada Urbana;VIA ALBERTO BOLOGNETTI;in corrispondenza;;del civico n.;7;;Veicolo in marcia contro veicoli in sosta;Curva senza visuale libera;Due carreggiate;Bagnato (pioggia);Asfaltata;Verticale ed orizzontale;Nuvoloso;Scarso;Sufficiente;;1;0;0;1;12.4224;41.9151;-1;4;Autovettura privata;Sosta;;;;;;;
5760646;18;28/12/2021 02:15:00;Strada Urbana;VIA ALBERTO BOLOGNETTI;in corrispondenza;;del civico n.;7;;Veicolo in marcia contro veicoli in sosta;Curva senza visuale libera;Due carreggiate;Bagnato (pioggia);Asfaltata;Verticale ed orizzontale;Nuvoloso;Scarso;Sufficiente;;1;0;0;1;12.4224;41.9151;-1;5;Autovettura privata;Sosta;;;;;;;
5760733;12;28/12/2021 13:15:00;Strada Urbana;VIA CINA;all'intersezione con;VIA DEL FOSSO DEL TORRINO;VIA DEL FOSSO DEL TORRINO;;;Scontro frontale/laterale SX fra veicoli in marcia;Incrocio;Una carreggiata a doppio senso;Bagnato (umidit� in atto);Asfaltata;Verticale ed orizzontale;Nuvoloso;Scarso;Buona;;0;0;0;2;12.4342;41.8127;-1;1;Autovettura di soccorso;In marcia / fermata / arresto;Conducente;M;Illeso;0;;Utilizzato;Inesploso
5760733;12;28/12/2021 13:15:00;Strada Urbana;VIA CINA;all'intersezione con;VIA DEL FOSSO DEL TORRINO;VIA DEL FOSSO DEL TORRINO;;;Scontro frontale/laterale SX fra veicoli in marcia;Incrocio;Una carreggiata a doppio senso;Bagnato (umidit� in atto);Asfaltata;Verticale ed orizzontale;Nuvoloso;Scarso;Buona;;0;0;0;2;12.4342;41.8127;-1;2;Autovettura privata;In marcia / fermata / arresto;Conducente;F;Illeso;0;;Utilizzato;Inesploso
5760735;9;28/12/2021 14:10:00;Strada Urbana;VIA CERVETERI;da specificare;;;;fronte VIA POMEZIA;Tamponamento;Rettilineo;Una carreggiata a senso unico di marcia;Asciutto;Asfaltata;Verticale ed orizzontale;Sereno;Normale;Buona;;1;0;0;1;12.5121;41.8814;-1;1;Autovettura privata;In marcia / fermata / arresto;Conducente;M;Illeso;0;;Non accertato;Inesploso
5760735;9;28/12/2021 14:10:00;Strada Urbana;VIA CERVETERI;da specificare;;;;fronte VIA POMEZIA;Tamponamento;Rettilineo;Una carreggiata a senso unico di marcia;Asciutto;Asfaltata;Verticale ed orizzontale;Sereno;Normale;Buona;;1;0;0;1;12.5121;41.8814;-1;2;Motociclo a solo;In marcia / fermata / arresto;Conducente;M;Rimandato;0;NON DECEDUTO;Non accertato;
5760908;8;28/12/2021 07:30:00;Strada Urbana;VIA POLENSE;in prossimit�;;del civico n.;1815;;Veicolo in marcia contro ostacolo accidentale;Rettilineo;Una carreggiata a doppio senso;Bagnato (pioggia);Asfaltata;Orizzontale;Nuvoloso;Normale;Buona;;0;0;0;1;12.6974;41.8906;-1;1;Autovettura privata;In marcia / fermata / arresto;Conducente;M;Illeso;0;;Non accertato;Inesploso
5760917;8;28/12/2021 11:20:00;Strada Urbana;VIA DI TORRENOVA;all'intersezione con;VIA ANTEO;VIA ANTEO;;;Scontro frontale/laterale DX fra veicoli in marcia;Incrocio;Una carreggiata a doppio senso;Asciutto;Asfaltata;Verticale ed orizzontale;Nuvoloso;Normale;Buona;;0;0;0;3;12.6172;41.8808;-1;1;Autovettura privata;In marcia / fermata / arresto;Conducente;M;Illeso;0;;Non accertato;Inesploso
5760917;8;28/12/2021 11:20:00;Strada Urbana;VIA DI TORRENOVA;all'intersezione con;VIA ANTEO;VIA ANTEO;;;Scontro frontale/laterale DX fra veicoli in marcia;Incrocio;Una carreggiata a doppio senso;Asciutto;Asfaltata;Verticale ed orizzontale;Nuvoloso;Normale;Buona;;0;0;0;3;12.6172;41.8808;-1;1;Autovettura privata;In marcia / fermata / arresto;Passeggero;F;Illeso;0;;Non accertato;Inesploso
5760917;8;28/12/2021 11:20:00;Strada Urbana;VIA DI TORRENOVA;all'intersezione con;VIA ANTEO;VIA ANTEO;;;Scontro frontale/laterale DX fra veicoli in marcia;Incrocio;Una carreggiata a doppio senso;Asciutto;Asfaltata;Verticale ed orizzontale;Nuvoloso;Normale;Buona;;0;0;0;3;12.6172;41.8808;-1;2;Autocarro inferiore 35 q.;In marcia / fermata / arresto;Conducente;M;Illeso;0;;Non accertato;Inesploso
5760918;11;28/12/2021 13:15:00;Strada Urbana;VIA TEMISTOCLE CALZECCHI ONESTI;all'intersezione con;VIA TULLIO LEVI CIVITA;VIA TULLIO LEVI CIVITA;;;Scontro laterale fra veicoli in marcia;Intersezione semaforizzata;Due carreggiate;Asciutto;Asfaltata;Verticale ed orizzontale;Nuvoloso;Normale;Buona;;0;0;0;2;12.4738;41.8571;-1;1;Autovettura privata;In marcia / fermata / arresto;Conducente;M;Illeso;0;;Non accertato;
5760918;11;28/12/2021 13:15:00;Strada Urbana;VIA TEMISTOCLE CALZECCHI ONESTI;all'intersezione con;VIA TULLIO LEVI CIVITA;VIA TULLIO LEVI CIVITA;;;Scontro laterale fra veicoli in marcia;Intersezione semaforizzata;Due carreggiate;Asciutto;Asfaltata;Verticale ed orizzontale;Nuvoloso;Normale;Buona;;0;0;0;2;12.4738;41.8571;-1;2;Autovettura privata;In marcia / fermata / arresto;Conducente;F;Illeso;0;;Non accertato;
5760925;8;28/12/2021 11:40:00;Strada Urbana;VIALE OXFORD;all'intersezione con;VIALE DELLA SORBONA;VIALE DELLA SORBONA;;;Scontro frontale/laterale DX fra veicoli in marcia;Rotatoria;Una carreggiata a senso unico di marcia;Asciutto;Asfaltata;Verticale ed orizzontale;Nuvoloso;Normale;Buona;;0;0;0;2;12.6279;41.8598;-1;1;Autovettura privata;In marcia / fermata / arresto;Conducente;M;Illeso;0;;Non accertato;Inesploso
5760925;8;28/12/2021 11:40:00;Strada Urbana;VIALE OXFORD;all'intersezione con;VIALE DELLA SORBONA;VIALE DELLA SORBONA;;;Scontro frontale/laterale DX fra veicoli in marcia;Rotatoria;Una carreggiata a senso unico di marcia;Asciutto;Asfaltata;Verticale ed orizzontale;Nuvoloso;Normale;Buona;;0;0;0;2;12.6279;41.8598;-1;2;Autovettura privata;In marcia / fermata / arresto;Conducente;M;Illeso;0;;Non accertato;Inesploso