Protocollo;Gruppo;DataOraIncidente;Localizzazione1;STRADA1;Localizzazione2;STRADA2;Strada02;Chilometrica;DaSpecificare;NaturaIncidente;particolaritastrade;TipoStrada;FondoStradale;Pavimentazione;Segnaletica;CondizioneAtmosferica;Traffico;Visibilita;Illuminazione;NUM_FERITI;NUM_RISERVATA;NUM_MORTI;NUM_ILLESI;Longitudine;Latitudine;Confermato;Progressivo;TipoVeicolo;StatoVeicolo;TipoPersona;Sesso;Tipolesione;Deceduto;DecedutoDopo;CinturaCascoUtilizzato;Airbag;
5761489;16;28/12/2021 19:00:00;Strada Urbana;VIA VINCENZO USSANI;all'intersezione con;VIA LORENZO ROCCI;VIA LORENZO ROCCI;;;Investimento di pedone;Incrocio;Una carreggiata a doppio senso;Asciutto;Asfaltata;Verticale ed orizzontale;Sereno;Scarso;Buona;;0;0;0;2;12.4414;41.8594;0;;;;Pedone;M;Illeso;0;;;
5761489;16;28/12/2021 19:00:00;Strada Urbana;VIA VINCENZO USSANI;all'intersezione con;VIA LORENZO ROCCI;VIA LORENZO ROCCI;;;Investimento di pedone;Incrocio;Una carreggiata a doppio senso;Asciutto;Asfaltata;Verticale ed orizzontale;Sereno;Scarso;Buona;;0;0;0;2;12.4414;41.8594;0;1;Autovettura privata;In marcia / fermata / arresto;Conducente;M;Illeso;0;;Non accertato;
5761492;13;28/12/2021 18:50:00;Strada Urbana;VIA GIUSEPPE LUGLI;all'intersezione con;VIA ANTONIO TARAMELLI;VIA ANTONIO TARAMELLI;;;Scontro laterale fra veicoli in marcia;Incrocio;Una carreggiata a doppio senso;Asciutto;Asfaltata;Verticale;Sereno;Normale;Sufficiente;;1;0;0;3;12.3102;41.7703;-1;1;Autovettura privata;In marcia / fermata / arresto;Conducente;F;Rimandato;0;NON DECEDUTO;Non accertato;Inesploso
5761492;13;28/12/2021 18:50:00;Strada Urbana;VIA GIUSEPPE LUGLI;all'intersezione con;VIA ANTONIO TARAMELLI;VIA ANTONIO TARAMELLI;;;Scontro laterale fra veicoli in marcia;Incrocio;Una carreggiata a doppio senso;Asciutto;Asfaltata;Verticale;Sereno;Normale;Sufficiente;;1;0;0;3;12.3102;41.7703;-1;2;Autovettura privata;In marcia / fermata / arresto;Conducente;M;Illeso;0;;;
5761492;13;28/12/2021 18:50:00;Strada Urbana;VIA GIUSEPPE LUGLI;all'intersezione con;VIA ANTONIO TARAMELLI;VIA ANTONIO TARAMELLI;;;Scontro laterale fra veicoli in marcia;Incrocio;Una carreggiata a doppio senso;Asciutto;Asfaltata;Verticale;Sereno;Normale;Sufficiente;;1;0;0;3;12.3102;41.7703;-1;2;Autovettura privata;In marcia / fermata / arresto;Passeggero;F;Illeso;0;;;Inesploso
5761492;13;28/12/2021 18:50:00;Strada Urbana;VIA GIUSEPPE LUGLI;all'intersezione con;VIA ANTONIO TARAMELLI;VIA ANTONIO TARAMELLI;;;Scontro laterale fra veicoli in marcia;Incrocio;Una carreggiata a doppio senso;Asciutto;Asfaltata;Verticale;Sereno;Normale;Sufficiente;;1;0;0;3;12.3102;41.7703;-1;2;Autovettura privata;In marcia / fermata / arresto;Passeggero;F;Illeso;0;;;
5761494;16;28/12/2021 14:55:00;Strada Urbana;CIRCONVALLAZIONE GIANICOLENSE;in prossimit�;;del civico n.;77;;Scontro frontale/laterale DX fra veicoli in marcia;Rettilineo;Pi� di due carreggiate;Asciutto;Asfaltata;Verticale ed orizzontale;Sereno;Normale;Buona;;0;0;0;2;12.4569;41.8704;-1;1;Autobus di linea;In marcia / fermata / arresto;Conducente;M;Illeso;0;;Non accertato;Inesploso
5761494;16;28/12/2021 14:55:00;Strada Urbana;CIRCONVALLAZIONE GIANICOLENSE;in prossimit�;;del civico n.;77;;Scontro frontale/laterale DX fra veicoli in marcia;Rettilineo;Pi� di due carreggiate;Asciutto;Asfaltata;Verticale ed orizzontale;Sereno;Normale;Buona;;0;0;0;2;12.4569;41.8704;-1;2;Autovettura privata;In marcia / fermata / arresto;Conducente;M;Illeso;0;;Non accertato;Inesploso
5761545;23;25/12/2021 21:25:00;Strada Urbana;VIADOTTO ZELIA NUTTALL;da specificare;;;;in prossimit� di via Enrico Ortolani;Veicolo in marcia contro ostacolo fisso;Rettilineo;Una carreggiata a doppio senso;Bagnato (pioggia);Asfaltata;Orizzontale;Pioggia in atto;Scarso;Sufficiente;;1;0;0;0;12.3376;41.7735;-1;1;Autovettura privata;In marcia / fermata / arresto;Conducente;M;Rimandato;0;NON DECEDUTO;Non accertato;Inesploso
5761546;23;25/12/2021 06:55:00;Strada Urbana;VIA PRENESTINA;in corrispondenza;;del civico n.;243;;Scontro frontale/laterale DX fra veicoli in marcia;Rettilineo;Pi� di due carreggiate;Bagnato (pioggia);Asfaltata;Verticale ed orizzontale;Nuvoloso;Scarso;Buona;;0;0;0;2;12.5463;41.8933;-1;1;Autovettura di polizia;In marcia / fermata / arresto;Conducente;F;Illeso;0;;Utilizzato;Inesploso
5761546;23;25/12/2021 06:55:00;Strada Urbana;VIA PRENESTINA;in corrispondenza;;del civico n.;243;;Scontro frontale/laterale DX fra veicoli in marcia;Rettilineo;Pi� di due carreggiate;Bagnato (pioggia);Asfaltata;Verticale ed orizzontale;Nuvoloso;Scarso;Buona;;0;0;0;2;12.5463;41.8933;-1;1;Autovettura di polizia;In marcia / fermata / arresto;Passeggero;F;Illeso;0;;Utilizzato;Inesploso
5761546;23;25/12/2021 06:55:00;Strada Urbana;VIA PRENESTINA;in corrispondenza;;del civico n.;243;;Scontro frontale/laterale DX fra veicoli in marcia;Rettilineo;Pi� di due carreggiate;Bagnato (pioggia);Asfaltata;Verticale ed orizzontale;Nuvoloso;Scarso;Buona;;0;0;0;2;12.5463;41.8933;-1;2;Autovettura privata;Allontanatosi;;;;;;;
5761611;13;28/12/2021 21:00:00;Strada Urbana;VIA CAPO SPARTIVENTO;in prossimit�;;del civico n.;143;;Veicolo in marcia che urta buche nella carreggiata;Rettilineo;Due carreggiate;Asciutto;Asfaltata;Assente;Sereno;Normale;Sufficiente;;0;0;0;2;12.2866;41.7386;-1;1;Autovettura privata;In marcia / fermata / arresto;Conducente;F;Illeso;0;;;
5761611;13;28/12/2021 21:00:00;Strada Urbana;VIA CAPO SPARTIVENTO;in prossimit�;;del civico n.;143;;Veicolo in marcia che urta buche nella carreggiata;Rettilineo;Due carreggiate;Asciutto;Asfaltata;Assente;Sereno;Normale;Sufficiente;;0;0;0;2;12.2866;41.7386;-1;1;Autovettura privata;In marcia / fermata / arresto;Passeggero;F;Illeso;0;;;
5761625;6;22/12/2021 18:00:00;Strada Urbana;VIA GIUSEPPE ANTONIO ANDRIULLI;da specificare;;;;alt. Rampa di uscita dell'A24, direz. Prenestina;Veicolo in marcia contro ostacolo accidentale;Rettilineo;Due carreggiate;Asciutto;Asfaltata;Verticale ed orizzontale;Sereno;Normale;Sufficiente;;0;0;0;1;12.5569;41.9034;-1;1;Autovettura privata;In marcia / fermata / arresto;Conducente;M;Illeso;0;;;
5761650;18;29/12/2021 12:30:00;Strada Urbana;VIA GREGORIO VII;in corrispondenza;;del civico n.;172;;Veicolo in marcia contro veicoli in sosta;Rettilineo;Pi� di due carreggiate;Asciutto;Asfaltata;Verticale ed orizzontale;Sereno;Normale;Buona;;0;0;0;1;12.4437;41.8962;-1;1;Autovettura privata;In marcia / fermata / arresto;Conducente;M;Illeso;0;;Non accertato;Inesploso
5761650;18;29/12/2021 12:30:00;Strada Urbana;VIA GREGORIO VII;in corrispondenza;;del civico n.;172;;Veicolo in marcia contro veicoli in sosta;Rettilineo;Pi� di due carreggiate;Asciutto;Asfaltata;Verticale ed orizzontale;Sereno;Normale;Buona;;0;0;0;1;12.4437;41.8962;-1;2;Motociclo a solo;Sosta;;;;;;;
5761650;18;29/12/2021 12:30:00;Strada Urbana;VIA GREGORIO VII;in corrispondenza;;del civico n.;172;;Veicolo in marcia contro veicoli in sosta;Rettilineo;Pi� di due carreggiate;Asciutto;Asfaltata;Verticale ed orizzontale;Sereno;Normale;Buona;;0;0;0;1;12.4437;41.8962;-1;3;Motociclo a solo;Sosta;;;;;;;
5761650;18;29/12/2021 12:30:00;Strada Urbana;VIA GREGORIO VII;in corrispondenza;;del civico n.;172;;Veicolo in marcia contro veicoli in sosta;Rettilineo;Pi� di due carreggiate;Asciutto;Asfaltata;Verticale ed orizzontale;Sereno;Normale;Buona;;0;0;0;1;12.4437;41.8962;-1;4;Motociclo a solo;Sosta;;;;;;;
5761650;18;29/12/2021 12:30:00;Strada Urbana;VIA GREGORIO VII;in corrispondenza;;del civico n.;172;;Veicolo in marcia contro veicoli in sosta;Rettilineo;Pi� di due carreggiate;Asciutto;Asfaltata;Verticale ed orizzontale;Sereno;Normale;Buona;;0;0;0;1;12.4437;41.8962;-1;5;Motociclo a solo;Sosta;;;;;;;
5761650;18;29/12/2021 12:30:00;Strada Urbana;VIA GREGORIO VII;in corrispondenza;;del civico n.;172;;Veicolo in marcia contro veicoli in sosta;Rettilineo;Pi� di due carreggiate;Asciutto;Asfaltata;Verticale ed orizzontale;Sereno;Normale;Buona;;0;0;0;1;12.4437;41.8962;-1;6;Motociclo a solo;Sosta;;;;;;;
5761650;18;29/12/2021 12:30:00;Strada Urbana;VIA GREGORIO VII;in corrispondenza;;del civico n.;172;;Veicolo in marcia contro veicoli in sosta;Rettilineo;Pi� di due carreggiate;Asciutto;Asfaltata;Verticale ed orizzontale;Sereno;Normale;Buona;;0;0;0;1;12.4437;41.8962;-1;7;Autovettura privata;Sosta;;;;;;;
5761739;10;29/12/2021 15:40:00;Strada Urbana;PIAZZA DI CINECITTA';all'intersezione con;VIA TUSCOLANA;VIA TUSCOLANA;;;Scontro frontale/laterale DX fra veicoli in marcia;Intersezione stradale segnalata;Due carreggiate;Asciutto;Asfaltata;Verticale ed orizzontale;Sereno;Normale;Buona;;0;0;0;5;12.569;41.8535;-1;1;Autovettura privata;In marcia / fermata / arresto;Conducente;M;Illeso;0;;;Inesploso
5761739;10;29/12/2021 15:40:00;Strada Urbana;PIAZZA DI CINECITTA';all'intersezione con;VIA TUSCOLANA;VIA TUSCOLANA;;;Scontro frontale/laterale DX fra veicoli in marcia;Intersezione stradale segnalata;Due carreggiate;Asciutto;Asfaltata;Verticale ed orizzontale;Sereno;Normale;Buona;;0;0;0;5;12.569;41.8535;-1;1;Autovettura privata;In marcia / fermata / arresto;Passeggero;F;Illeso;0;;;Inesploso
5761739;10;29/12/2021 15:40:00;Strada Urbana;PIAZZA DI CINECITTA';all'intersezione con;VIA TUSCOLANA;VIA TUSCOLANA;;;Scontro frontale/laterale DX fra veicoli in marcia;Intersezione stradale segnalata;Due carreggiate;Asciutto;Asfaltata;Verticale ed orizzontale;Sereno;Normale;Buona;;0;0;0;5;12.569;41.8535;-1;2;Autovettura privata;In marcia / fermata / arresto;Conducente;M;Illeso;0;;;Inesploso
5761739;10;29/12/2021 15:40:00;Strada Urbana;PIAZZA DI CINECITTA';all'intersezione con;VIA TUSCOLANA;VIA TUSCOLANA;;;Scontro frontale/laterale DX fra veicoli in marcia;Intersezione stradale segnalata;Due carreggiate;Asciutto;Asfaltata;Verticale ed orizzontale;Sereno;Normale;Buona;;0;0;0;5;12.569;41.8535;-1;2;Autovettura privata;In marcia / fermata / arresto;Passeggero;M;Illeso;0;;;Inesploso
5761739;10;29/12/2021 15:40:00;Strada Urbana;PIAZZA DI CINECITTA';all'intersezione con;VIA TUSCOLANA;VIA TUSCOLANA;;;Scontro frontale/laterale DX fra veicoli in marcia;Intersezione stradale segnalata;Due carreggiate;Asciutto;Asfaltata;Verticale ed orizzontale;Sereno;Normale;Buona;;0;0;0;5;12.569;41.8535;-1;2;Autovettura privata;In marcia / fermata / arresto;Passeggero;M;Illeso;0;;;Inesploso
5761743;7;29/12/2021 16:05:00;Strada Urbana;VIA FRANCESCO BONAFEDE;da specificare;;;;palo luce 9 direzione via del campo;Veicolo in marcia contro veicolo fermo;Rettilineo;Una carreggiata a doppio senso;Asciutto;Asfaltata;Verticale ed orizzontale;Sereno;Scarso;Buona;;0;0;0;2;12.5818;41.8771;-1;1;Autovettura privata;In marcia / fermata / arresto;Conducente;M;Illeso;0;;;
5761743;7;29/12/2021 16:05:00;Strada Urbana;VIA FRANCESCO BONAFEDE;da specificare;;;;palo luce 9 direzione via del campo;Veicolo in marcia contro veicolo fermo;Rettilineo;Una carreggiata a doppio senso;Asciutto;Asfaltata;Verticale ed orizzontale;Sereno;Scarso;Buona;;0;0;0;2;12.5818;41.8771;-1;2;Autovettura privata;In marcia / fermata / arresto;Conducente;M;Illeso;0;;;
5761770;9;29/12/2021 15:45:00;Strada Urbana;VIA SATRICO;da specificare;;;;prox Via Populonia;Scontro laterale fra veicoli in marcia;Rettilineo;Una carreggiata a doppio senso;Asciutto;Asfaltata;Verticale ed orizzontale;Sereno;Normale;Buona;;0;0;0;3;12.5075;41.8771;-1;1;Autovettura privata;In marcia / fermata / arresto;Conducente;M;Illeso;0;;Non accertato;Inesploso
5761770;9;29/12/2021 15:45:00;Strada Urbana;VIA SATRICO;da specificare;;;;prox Via Populonia;Scontro laterale fra veicoli in marcia;Rettilineo;Una carreggiata a doppio senso;Asciutto;Asfaltata;Verticale ed orizzontale;Sereno;Normale;Buona;;0;0;0;3;12.5075;41.8771;-1;2;Autovettura privata;In marcia / fermata / arresto;Conducente;M;Illeso;0;;Non accertato;Inesploso
5761770;9;29/12/2021 15:45:00;Strada Urbana;VIA SATRICO;da specificare;;;;prox Via Populonia;Scontro laterale fra veicoli in marcia;Rettilineo;Una carreggiata a doppio senso;Asciutto;Asfaltata;Verticale ed orizzontale;Sereno;Normale;Buona;;0;0;0;3;12.5075;41.8771;-1;2;Autovettura privata;In marcia / fermata / arresto;Passeggero;F;Illeso;0;;Non accertato;Inesploso
5761828;3;23/12/2021 22:30:00;Strada Urbana;VIA LIVORNO;all'intersezione con;VIA PISA;VIA PISA;;;Scontro frontale/laterale SX fra veicoli in marcia;Incrocio;Una carreggiata a doppio senso;Bagnato (pioggia);Asfaltata;Verticale ed orizzontale;Nuvoloso;Scarso;Sufficiente;;0;0;0;4;12.5248;41.916;-1;1;Autovettura privata;In marcia / fermata / arresto;Conducente;M;Illeso;0;;Non accertato;
5761828;3;23/12/2021 22:30:00;Strada Urbana;VIA LIVORNO;all'intersezione con;VIA PISA;VIA PISA;;;Scontro frontale/laterale SX fra veicoli in marcia;Incrocio;Una carreggiata a doppio senso;Bagnato (pioggia);Asfaltata;Verticale ed orizzontale;Nuvoloso;Scarso;Sufficiente;;0;0;0;4;12.5248;41.916;-1;1;Autovettura privata;In marcia / fermata / arresto;Passeggero;M;Illeso;0;;Non accertato;
5761828;3;23/12/2021 22:30:00;Strada Urbana;VIA LIVORNO;all'intersezione con;VIA PISA;VIA PISA;;;Scontro frontale/laterale SX fra veicoli in marcia;Incrocio;Una carreggiata a doppio senso;Bagnato (pioggia);Asfaltata;Verticale ed orizzontale;Nuvoloso;Scarso;Sufficiente;;0;0;0;4;12.5248;41.916;-1;2;Autovettura privata;In marcia / fermata / arresto;Conducente;F;Illeso;0;;Non accertato;
5761828;3;23/12/2021 22:30:00;Strada Urbana;VIA LIVORNO;all'intersezione con;VIA PISA;VIA PISA;;;Scontro frontale/laterale SX fra veicoli in marcia;Incrocio;Una carreggiata a doppio senso;Bagnato (pioggia);Asfaltata;Verticale ed orizzontale;Nuvoloso;Scarso;Sufficiente;;0;0;0;4;12.5248;41.916;-1;2;Autovettura privata;In marcia / fermata / arresto;Passeggero;M;Illeso;0;;Non accertato;
5761886;10;29/12/2021 18:00:00;Strada Urbana;VIA ANAGNINA;in prossimit�;;del civico n.;302;;Tamponamento Multiplo;Rettilineo;Due carreggiate;Asciutto;Asfaltata;Verticale ed orizzontale;Sereno;Intenso;Buona;;0;0;0;3;12.6099;41.8204;-1;1;Autovettura privata;In marcia / fermata / arresto;Conducente;M;Illeso;0;;Non accertato;Inesploso
5761886;10;29/12/2021 18:00:00;Strada Urbana;VIA ANAGNINA;in prossimit�;;del civico n.;302;;Tamponamento Multiplo;Rettilineo;Due carreggiate;Asciutto;Asfaltata;Verticale ed orizzontale;Sereno;Intenso;Buona;;0;0;0;3;12.6099;41.8204;-1;2;Autovettura privata;In marcia / fermata / arresto;Conducente;M;Illeso;0;;Non accertato;Inesploso
5761886;10;29/12/2021 18:00:00;Strada Urbana;VIA ANAGNINA;in prossimit�;;del civico n.;302;;Tamponamento Multiplo;Rettilineo;Due carreggiate;Asciutto;Asfaltata;Verticale ed orizzontale;Sereno;Intenso;Buona;;0;0;0;3;12.6099;41.8204;-1;3;Autovettura privata;In marcia / fermata / arresto;Conducente;M;Illeso;0;;Non accertato;Esploso
5761891;3;23/12/2021 13:00:00;Strada Urbana;VIALE IPPOCRATE;in corrispondenza;;del civico n.;91c;;Infortunio per sola frenata improvvisa;Rettilineo;Due carreggiate;Asciutto;Asfaltata;Verticale ed orizzontale;Nuvoloso;Normale;Buona;;0;0;0;2;12.5181;41.9071;-1;1;Motociclo a solo;In marcia / fermata / arresto;Conducente;M;Illeso;0;;Non accertato;
5761891;3;23/12/2021 13:00:00;Strada Urbana;VIALE IPPOCRATE;in corrispondenza;;del civico n.;91c;;Infortunio per sola frenata improvvisa;Rettilineo;Due carreggiate;Asciutto;Asfaltata;Verticale ed orizzontale;Nuvoloso;Normale;Buona;;0;0;0;2;12.5181;41.9071;-1;2;Autovettura privata;In marcia / fermata / arresto;Conducente;M;Illeso;0;;Non accertato;
5761897;6;29/12/2021 15:25:00;Strada Urbana;VIA DEGLI ANGELI;all'intersezione con;VIA DI PORTA FURBA;VIA DI PORTA FURBA;;;Scontro frontale/laterale DX fra veicoli in marcia;Incrocio;Una carreggiata a doppio senso;Asciutto;Asfaltata;Verticale ed orizzontale;Nuvoloso;Normale;Buona;;0;0;0;4;12.5413;41.8743;-1;1;Autovettura privata;In marcia / fermata / arresto;Conducente;M;Illeso;0;;Non accertato;Inesploso
5761897;6;29/12/2021 15:25:00;Strada Urbana;VIA DEGLI ANGELI;all'intersezione con;VIA DI PORTA FURBA;VIA DI PORTA FURBA;;;Scontro frontale/laterale DX fra veicoli in marcia;Incrocio;Una carreggiata a doppio senso;Asciutto;Asfaltata;Verticale ed orizzontale;Nuvoloso;Normale;Buona;;0;0;0;4;12.5413;41.8743;-1;1;Autovettura privata;In marcia / fermata / arresto;Passeggero;F;Illeso;0;;Non accertato;Inesploso
5761897;6;29/12/2021 15:25:00;Strada Urbana;VIA DEGLI ANGELI;all'intersezione con;VIA DI PORTA FURBA;VIA DI PORTA FURBA;;;Scontro frontale/laterale DX fra veicoli in marcia;Incrocio;Una carreggiata a doppio senso;Asciutto;Asfaltata;Verticale ed orizzontale;Nuvoloso;Normale;Buona;;0;0;0;4;12.5413;41.8743;-1;1;Autovettura privata;In marcia / fermata / arresto;Passeggero;F;Illeso;0;;Non accertato;Inesploso
5761897;6;29/12/2021 15:25:00;Strada Urbana;VIA DEGLI ANGELI;all'intersezione con;VIA DI PORTA FURBA;VIA DI PORTA FURBA;;;Scontro frontale/laterale DX fra veicoli in marcia;Incrocio;Una carreggiata a doppio senso;Asciutto;Asfaltata;Verticale ed orizzontale;Nuvoloso;Normale;Buona;;0;0;0;4;12.5413;41.8743;-1;2;Autovettura privata;In marcia / fermata / arresto;Conducente;M;Illeso;0;;Non accertato;Inesploso
5761921;6;29/12/2021 16:40:00;Strada Urbana;VIA TOR DE' SCHIAVI;in prossimit�;;del civico n.;267;;Infortunio per caduta del veicolo;Rettilineo;Due carreggiate;Asciutto;Asfaltata;Orizzontale;Sereno;Intenso;Buona;;1;0;0;1;12.5604;41.8909;-1;1;Autovettura privata;In marcia / fermata / arresto;Conducente;M;Illeso;0;;Non accertato;Inesploso
5761921;6;29/12/2021 16:40:00;Strada Urbana;VIA TOR DE' SCHIAVI;in prossimit�;;del civico n.;267;;Infortunio per caduta del veicolo;Rettilineo;Due carreggiate;Asciutto;Asfaltata;Orizzontale;Sereno;Intenso;Buona;;1;0;0;1;12.5604;41.8909;-1;2;Motociclo a solo;In marcia / fermata / arresto;Conducente;M;Rimandato;0;NON DECEDUTO;Non accertato;
5761946;1;29/12/2021 17:20:00;Strada Urbana;VIA PIACENZA;da specificare;;;;nei pressi di VIA GENOVA;Veicolo in marcia contro veicoli in sosta;Rettilineo;Una carreggiata a senso unico di marcia;Asciutto;Asfaltata;Verticale ed orizzontale;Sereno;Scarso;Buona;;0;0;0;1;12.4903;41.9004;-1;1;Autovettura di polizia;Sosta;;;;;;;
5761946;1;29/12/2021 17:20:00;Strada Urbana;VIA PIACENZA;da specificare;;;;nei pressi di VIA GENOVA;Veicolo in marcia contro veicoli in sosta;Rettilineo;Una carreggiata a senso unico di marcia;Asciutto;Asfaltata;Verticale ed orizzontale;Sereno;Scarso;Buona;;0;0;0;1;12.4903;41.9004;-1;2;Monopattino elettrico;In marcia / fermata / arresto;Conducente;M;Illeso;0;;Esente;Inesistente
5762188;17;28/12/2021 13:30:00;Strada Urbana;VIA EZIO;in corrispondenza;;del civico n.;34;;Veicolo in marcia contro veicolo fermo;Rettilineo;Una carreggiata a senso unico di marcia;Bagnato (umidit� in atto);Asfaltata;Verticale ed orizzontale;Nuvoloso;Scarso;Buona;;0;0;0;2;12.4651;41.9106;-1;1;Autovettura privata;In marcia / fermata / arresto;Conducente;F;Illeso;0;;;
5762188;17;28/12/2021 13:30:00;Strada Urbana;VIA EZIO;in corrispondenza;;del civico n.;34;;Veicolo in marcia contro veicolo fermo;Rettilineo;Una carreggiata a senso unico di marcia;Bagnato (umidit� in atto);Asfaltata;Verticale ed orizzontale;Nuvoloso;Scarso;Buona;;0;0;0;2;12.4651;41.9106;-1;2;Autovettura privata;In marcia / fermata / arresto;Conducente;F;Illeso;0;;;
5762196;8;29/12/2021 08:55:00;Strada Urbana;VIA SICULIANA;all'intersezione con;VIA VILLABATE;VIA VILLABATE;;;Scontro laterale fra veicoli in marcia;Incrocio;Una carreggiata a doppio senso;Viscido da liquidi oleosi;Asfaltata;Verticale ed orizzontale;Sereno;Normale;Buona;;0;0;0;2;12.6543;41.8708;-1;1;Autovettura privata;In marcia / fermata / arresto;Conducente;F;Illeso;0;;Non accertato;Inesploso
5762196;8;29/12/2021 08:55:00;Strada Urbana;VIA SICULIANA;all'intersezione con;VIA VILLABATE;VIA VILLABATE;;;Scontro laterale fra veicoli in marcia;Incrocio;Una carreggiata a doppio senso;Viscido da liquidi oleosi;Asfaltata;Verticale ed orizzontale;Sereno;Normale;Buona;;0;0;0;2;12.6543;41.8708;-1;2;Autovettura privata;In marcia / fermata / arresto;Conducente;F;Illeso;0;;Non accertato;Inesploso
5762201;8;29/12/2021 10:25:00;Strada Urbana;VIA RAFFAELE DE FERRARI;in prossimit�;;del civico n.;97;;Investimento di pedone;Rettilineo;Una carreggiata a doppio senso;Asciutto;Asfaltata;Assente;Sereno;Normale;Sufficiente;;1;0;0;1;12.6507;41.8642;-1;;;;Pedone;F;Rifiuta cure immediate;0;NON DECEDUTO;;
5762201;8;29/12/2021 10:25:00;Strada Urbana;VIA RAFFAELE DE FERRARI;in prossimit�;;del civico n.;97;;Investimento di pedone;Rettilineo;Una carreggiata a doppio senso;Asciutto;Asfaltata;Assente;Sereno;Normale;Sufficiente;;1;0;0;1;12.6507;41.8642;-1;1;Autovettura privata;In marcia / fermata / arresto;Conducente;M;Illeso;0;;Non accertato;Inesploso
5762204;8;29/12/2021 12:00:00;Strada Urbana;VIA POLENSE;all'intersezione con;VIA DEL FOSSO DELL'OSA;VIA DEL FOSSO DELL'OSA;;;Scontro frontale/laterale DX fra veicoli in marcia;Incrocio;Una carreggiata a doppio senso;Asciutto;Asfaltata;Verticale ed orizzontale;Sereno;Normale;Buona;;0;0;0;2;12.693;41.8897;-1;1;Motociclo a solo;In marcia / fermata / arresto;Conducente;M;Illeso;0;;;
5762204;8;29/12/2021 12:00:00;Strada Urbana;VIA POLENSE;all'intersezione con;VIA DEL FOSSO DELL'OSA;VIA DEL FOSSO DELL'OSA;;;Scontro frontale/laterale DX fra veicoli in marcia;Incrocio;Una carreggiata a doppio senso;Asciutto;Asfaltata;Verticale ed orizzontale;Sereno;Normale;Buona;;0;0;0;2;12.693;41.8897;-1;2;Autovettura privata;In marcia / fermata / arresto;Conducente;M;Illeso;0;;;
5762209;8;29/12/2021 13:00:00;Strada Urbana;VIA CARLO SANTARELLI;all'intersezione con;VIA CASILINA;VIA CASILINA;;;Scontro frontale/laterale SX fra veicoli in marcia;Intersezione non regolata/non segnalata;Una carreggiata a doppio senso;Asciutto;Asfaltata;Verticale ed orizzontale;Sereno;Intenso;Sufficiente;;1;0;0;2;12.6078;41.864;-1;1;Autovettura privata;In marcia / fermata / arresto;Conducente;M;Illeso;0;;Non accertato;Inesploso
5762209;8;29/12/2021 13:00:00;Strada Urbana;VIA CARLO SANTARELLI;all'intersezione con;VIA CASILINA;VIA CASILINA;;;Scontro frontale/laterale SX fra veicoli in marcia;Intersezione non regolata/non segnalata;Una carreggiata a doppio senso;Asciutto;Asfaltata;Verticale ed orizzontale;Sereno;Intenso;Sufficiente;;1;0;0;2;12.6078;41.864;-1;1;Autovettura privata;In marcia / fermata / arresto;Passeggero;M;Illeso;0;;Non accertato;Inesploso
5762209;8;29/12/2021 13:00:00;Strada Urbana;VIA CARLO SANTARELLI;all'intersezione con;VIA CASILINA;VIA CASILINA;;;Scontro frontale/laterale SX fra veicoli in marcia;Intersezione non regolata/non segnalata;Una carreggiata a doppio senso;Asciutto;Asfaltata;Verticale ed orizzontale;Sereno;Intenso;Sufficiente;;1;0;0;2;12.6078;41.864;-1;2;Autovettura privata;In marcia / fermata / arresto;Conducente;M;Rimandato;0;NON DECEDUTO;;
5762218;8;29/12/2021 14:00:00;Strada Urbana;VIA AMICO ASPERTINI;da specificare;;;;pe VIA ZARRELLI;Scontro frontale fra veicoli in marcia;Rettilineo;Una carreggiata a doppio senso;Asciutto;Asfaltata;Orizzontale;Sereno;Normale;Buona;;0;0;0;2;12.6302;41.8741;-1;1;Autovettura privata;In marcia / fermata / arresto;Conducente;M;Illeso;0;;Non accertato;Inesploso
5762218;8;29/12/2021 14:00:00;Strada Urbana;VIA AMICO ASPERTINI;da specificare;;;;pe VIA ZARRELLI;Scontro frontale fra veicoli in marcia;Rettilineo;Una carreggiata a doppio senso;Asciutto;Asfaltata;Orizzontale;Sereno;Normale;Buona;;0;0;0;2;12.6302;41.8741;-1;2;Autovettura privata;In marcia / fermata / arresto;Conducente;F;Illeso;0;;Non accertato;Esploso
5762223;8;29/12/2021 17:10:00;Strada Urbana;VIALE PIETRO ANDERLONI;da specificare;;;;alt. via di Tor Bella Monaca;Scontro frontale fra veicoli in marcia;Rettilineo;Una carreggiata a senso unico di marcia;Asciutto;Asfaltata;Orizzontale;Sereno;Normale;Buona;;0;0;0;2;12.6298;41.8745;-1;1;Autocarro inferiore 35 q.;In marcia / fermata / arresto;Conducente;M;Illeso;0;;Non accertato;Inesploso
5762223;8;29/12/2021 17:10:00;Strada Urbana;VIALE PIETRO ANDERLONI;da specificare;;;;alt. via di Tor Bella Monaca;Scontro frontale fra veicoli in marcia;Rettilineo;Una carreggiata a senso unico di marcia;Asciutto;Asfaltata;Orizzontale;Sereno;Normale;Buona;;0;0;0;2;12.6298;41.8745;-1;2;Autovettura privata;In marcia / fermata / arresto;Conducente;M;Illeso;0;;Non accertato;Inesploso
5762226;8;29/12/2021 18:50:00;Strada Urbana;VIA DEL PONTE DI NONA;in prossimit�;;del civico n.;25;;Investimento di pedone;Rettilineo;Una carreggiata a doppio senso;Asciutto;Asfaltata;Verticale ed orizzontale;Nuvoloso;Intenso;Sufficiente;;1;0;0;1;12.6617;41.8982;-1;;;;Pedone;M;Ricoverato;0;NON DECEDUTO;;