Protocollo;Gruppo;DataOraIncidente;Localizzazione1;STRADA1;Localizzazione2;STRADA2;Strada02;Chilometrica;DaSpecificare;NaturaIncidente;particolaritastrade;TipoStrada;FondoStradale;Pavimentazione;Segnaletica;CondizioneAtmosferica;Traffico;Visibilita;Illuminazione;NUM_FERITI;NUM_RISERVATA;NUM_MORTI;NUM_ILLESI;Longitudine;Latitudine;Confermato;Progressivo;TipoVeicolo;StatoVeicolo;TipoPersona;Sesso;Tipolesione;Deceduto;DecedutoDopo;CinturaCascoUtilizzato;Airbag;
5762367;4;29/12/2021 16:10:00;Strada Urbana;VIA RAPAGNANO;in corrispondenza;;del civico n.;74;;Tamponamento;Rettilineo;Una carreggiata a senso unico di marcia;Asciutto;Asfaltata;Verticale ed orizzontale;Sereno;Normale;Buona;;0;0;0;6;12.513;41.9823;-1;2;Autovettura privata;In marcia / fermata / arresto;Passeggero;F;Illeso;0;;Non accertato;Inesploso
5762375;17;28/12/2021 00:40:00;Strada Urbana;VIA ALBERICO II;all'intersezione con;VIA PIETRO DELLA VALLE;VIA PIETRO DELLA VALLE;;;Scontro laterale fra veicoli in marcia;Intersezione stradale segnalata;Una carreggiata a senso unico di marcia;Bagnato (pioggia);Asfaltata;Verticale ed orizzontale;Pioggia in atto;Scarso;Sufficiente;;0;0;0;3;12.4647;41.9046;-1;1;Autovettura privata;In marcia / fermata / arresto;Conducente;M;Illeso;0;;;
5762375;17;28/12/2021 00:40:00;Strada Urbana;VIA ALBERICO II;all'intersezione con;VIA PIETRO DELLA VALLE;VIA PIETRO DELLA VALLE;;;Scontro laterale fra veicoli in marcia;Intersezione stradale segnalata;Una carreggiata a senso unico di marcia;Bagnato (pioggia);Asfaltata;Verticale ed orizzontale;Pioggia in atto;Scarso;Sufficiente;;0;0;0;3;12.4647;41.9046;-1;2;Monopattino elettrico;In marcia / fermata / arresto;Conducente;M;Illeso;0;;;
5762375;17;28/12/2021 00:40:00;Strada Urbana;VIA ALBERICO II;all'intersezione con;VIA PIETRO DELLA VALLE;VIA PIETRO DELLA VALLE;;;Scontro laterale fra veicoli in marcia;Intersezione stradale segnalata;Una carreggiata a senso unico di marcia;Bagnato (pioggia);Asfaltata;Verticale ed orizzontale;Pioggia in atto;Scarso;Sufficiente;;0;0;0;3;12.4647;41.9046;-1;2;Monopattino elettrico;In marcia / fermata / arresto;Passeggero;F;Illeso;0;;;
5762380;10;30/12/2021 08:25:00;Strada Urbana;VIA TUSCOLANA;in prossimit�;;del civico n.;1388;;Tamponamento;Rettilineo;Una carreggiata a doppio senso;Asciutto;Asfaltata;Verticale ed orizzontale;Sereno;Normale;Buona;;1;0;0;1;12.5651;41.8549;-1;1;Autovettura pubblica;In marcia / fermata / arresto;Conducente;M;Illeso;0;;;
5762380;10;30/12/2021 08:25:00;Strada Urbana;VIA TUSCOLANA;in prossimit�;;del civico n.;1388;;Tamponamento;Rettilineo;Una carreggiata a doppio senso;Asciutto;Asfaltata;Verticale ed orizzontale;Sereno;Normale;Buona;;1;0;0;1;12.5651;41.8549;-1;2;Motociclo con passeggero;In marcia / fermata / arresto;Conducente;M;Rimandato;0;NON DECEDUTO;;
5762395;2;29/12/2021 19:00:00;Strada Urbana;VIALE MARESCIALLO PILSUDSKI;da specificare;;;;pross. VIALE TIZIANO;Scontro frontale/laterale SX fra veicoli in marcia;Curva a visuale libera;Due carreggiate;Asciutto;Asfaltata;Verticale ed orizzontale;Sereno;Normale;Buona;;1;0;0;1;12.4752;41.9277;-1;1;Autovettura privata;In marcia / fermata / arresto;Conducente;F;Illeso;0;;Non accertato;Inesploso
5762395;2;29/12/2021 19:00:00;Strada Urbana;VIALE MARESCIALLO PILSUDSKI;da specificare;;;;pross. VIALE TIZIANO;Scontro frontale/laterale SX fra veicoli in marcia;Curva a visuale libera;Due carreggiate;Asciutto;Asfaltata;Verticale ed orizzontale;Sereno;Normale;Buona;;1;0;0;1;12.4752;41.9277;-1;2;Autovettura privata;In marcia / fermata / arresto;Conducente;M;Ricoverato;0;NON DECEDUTO;Non accertato;Inesploso
5762397;2;29/12/2021 17:20:00;Strada Urbana;LUNGOTEVERE DELLE NAVI;da specificare;;;;pross. ingresso MINISTERO DELLA MARINA;Tamponamento;Rettilineo;Una carreggiata a senso unico di marcia;Asciutto;Asfaltata;Verticale ed orizzontale;Sereno;Normale;Sufficiente;;0;0;0;2;12.4716;41.9166;-1;1;Autovettura privata;In marcia / fermata / arresto;Conducente;M;Illeso;0;;Non accertato;Inesploso
5762397;2;29/12/2021 17:20:00;Strada Urbana;LUNGOTEVERE DELLE NAVI;da specificare;;;;pross. ingresso MINISTERO DELLA MARINA;Tamponamento;Rettilineo;Una carreggiata a senso unico di marcia;Asciutto;Asfaltata;Verticale ed orizzontale;Sereno;Normale;Sufficiente;;0;0;0;2;12.4716;41.9166;-1;2;Autovettura privata;In marcia / fermata / arresto;Conducente;F;Illeso;0;;;
5762405;2;29/12/2021 12:30:00;Strada Urbana;VIALE PIETRO DE COUBERTIN;all'intersezione con;VIA NORVEGIA;VIA NORVEGIA;;;Tamponamento Multiplo;Incrocio;Una carreggiata a doppio senso;Asciutto;Asfaltata;Verticale ed orizzontale;Sereno;Normale;Buona;;0;0;0;3;12.4733;41.9296;-1;1;Motociclo a solo;In marcia / fermata / arresto;Conducente;M;Illeso;0;;Non accertato;
5762405;2;29/12/2021 12:30:00;Strada Urbana;VIALE PIETRO DE COUBERTIN;all'intersezione con;VIA NORVEGIA;VIA NORVEGIA;;;Tamponamento Multiplo;Incrocio;Una carreggiata a doppio senso;Asciutto;Asfaltata;Verticale ed orizzontale;Sereno;Normale;Buona;;0;0;0;3;12.4733;41.9296;-1;2;Autovettura privata;In marcia / fermata / arresto;Conducente;M;Illeso;0;;Non accertato;Inesploso
5762405;2;29/12/2021 12:30:00;Strada Urbana;VIALE PIETRO DE COUBERTIN;all'intersezione con;VIA NORVEGIA;VIA NORVEGIA;;;Tamponamento Multiplo;Incrocio;Una carreggiata a doppio senso;Asciutto;Asfaltata;Verticale ed orizzontale;Sereno;Normale;Buona;;0;0;0;3;12.4733;41.9296;-1;3;Autovettura privata;In marcia / fermata / arresto;Conducente;M;Illeso;0;;Non accertato;Inesploso
5762483;19;29/12/2021 21:40:00;Strada Urbana;VIA DI TORREVECCHIA;all'intersezione con;VIA PIETRO ADAMI;VIA PIETRO ADAMI;;;Scontro frontale/laterale SX fra veicoli in marcia;Incrocio;Una carreggiata a senso unico di marcia;Asciutto;Asfaltata;Verticale ed orizzontale;Sereno;Normale;Sufficiente;;2;0;0;0;12.416;41.9274;-1;1;Autovettura privata;In marcia / fermata / arresto;Conducente;M;Rifiuta cure immediate;0;NON DECEDUTO;;
5762483;19;29/12/2021 21:40:00;Strada Urbana;VIA DI TORREVECCHIA;all'intersezione con;VIA PIETRO ADAMI;VIA PIETRO ADAMI;;;Scontro frontale/laterale SX fra veicoli in marcia;Incrocio;Una carreggiata a senso unico di marcia;Asciutto;Asfaltata;Verticale ed orizzontale;Sereno;Normale;Sufficiente;;2;0;0;0;12.416;41.9274;-1;2;Autovettura privata;In marcia / fermata / arresto;Conducente;M;Rifiuta cure immediate;0;NON DECEDUTO;;
5762505;4;29/12/2021 19:50:00;Strada Urbana;VIALE GINO CERVI;all'intersezione con;VIA TERESA BOETTI VALVASSURA;VIA TERESA BOETTI VALVASSURA;;;Tamponamento;Intersezione stradale segnalata;Due carreggiate;Asciutto;Asfaltata;Verticale ed orizzontale;Sereno;Normale;Buona;;0;0;0;3;12.5326;41.9629;-1;1;Autovettura privata;In marcia / fermata / arresto;Conducente;F;Illeso;0;;;
5762505;4;29/12/2021 19:50:00;Strada Urbana;VIALE GINO CERVI;all'intersezione con;VIA TERESA BOETTI VALVASSURA;VIA TERESA BOETTI VALVASSURA;;;Tamponamento;Intersezione stradale segnalata;Due carreggiate;Asciutto;Asfaltata;Verticale ed orizzontale;Sereno;Normale;Buona;;0;0;0;3;12.5326;41.9629;-1;2;Autovettura privata;In marcia / fermata / arresto;Conducente;M;Illeso;0;;;
5762505;4;29/12/2021 19:50:00;Strada Urbana;VIALE GINO CERVI;all'intersezione con;VIA TERESA BOETTI VALVASSURA;VIA TERESA BOETTI VALVASSURA;;;Tamponamento;Intersezione stradale segnalata;Due carreggiate;Asciutto;Asfaltata;Verticale ed orizzontale;Sereno;Normale;Buona;;0;0;0;3;12.5326;41.9629;-1;2;Autovettura privata;In marcia / fermata / arresto;Passeggero;F;Illeso;0;;;
5762507;13;29/12/2021 17:30:00;;PIAZZALE DELLA STAZIONE DEL LIDO;in prossimit�;;del civico n.;21;;Veicolo in marcia contro veicolo in sosta;;;;;;;;;;0;0;0;1;;;0;1;Autovettura privata;In marcia / fermata / arresto;Conducente;F;Illeso;0;;Non accertato;Inesploso
5762507;13;29/12/2021 17:30:00;;PIAZZALE DELLA STAZIONE DEL LIDO;in prossimit�;;del civico n.;21;;Veicolo in marcia contro veicolo in sosta;;;;;;;;;;0;0;0;1;;;0;2;Autocarro inferiore 35 q.;Sosta;;;;;;;
5762539;1;30/12/2021 08:20:00;Strada Urbana;VIA MILAZZO;in corrispondenza;;del civico n.;21/A;;Scontro laterale fra veicoli in marcia;Rettilineo;Una carreggiata a senso unico di marcia;Asciutto;Asfaltata;Verticale ed orizzontale;Sereno;Scarso;Buona;;0;0;0;1;12.5051;41.9024;0;1;Autovettura privata;In marcia / fermata / arresto;Conducente;M;Illeso;0;;Non accertato;Inesploso
5762539;1;30/12/2021 08:20:00;Strada Urbana;VIA MILAZZO;in corrispondenza;;del civico n.;21/A;;Scontro laterale fra veicoli in marcia;Rettilineo;Una carreggiata a senso unico di marcia;Asciutto;Asfaltata;Verticale ed orizzontale;Sereno;Scarso;Buona;;0;0;0;1;12.5051;41.9024;0;2;Autovettura privata;In marcia / fermata / arresto;;;;;;;
5762575;4;29/12/2021 23:40:00;Strada Urbana;VIALE JONIO;all'intersezione con;VIA MONTE ROCCHETTA;VIA MONTE ROCCHETTA;;;Scontro laterale fra veicoli in marcia;Incrocio;Due carreggiate;Asciutto;Asfaltata;Verticale ed orizzontale;Sereno;Scarso;Sufficiente;;0;0;0;2;12.5361;41.9442;-1;1;Autovettura privata;In marcia / fermata / arresto;Conducente;F;Illeso;0;;Non accertato;Inesploso
5762575;4;29/12/2021 23:40:00;Strada Urbana;VIALE JONIO;all'intersezione con;VIA MONTE ROCCHETTA;VIA MONTE ROCCHETTA;;;Scontro laterale fra veicoli in marcia;Incrocio;Due carreggiate;Asciutto;Asfaltata;Verticale ed orizzontale;Sereno;Scarso;Sufficiente;;0;0;0;2;12.5361;41.9442;-1;2;Autovettura privata;In marcia / fermata / arresto;Conducente;M;Illeso;0;;Non accertato;Inesploso
5762626;17;29/12/2021 09:20:00;Strada Urbana;PIAZZALE CLODIO;all'intersezione semaforizzata con;VIALE GIOVANNI FALCONE E PAOLO BORSELLINO;VIALE GIOVANNI FALCONE E PAOLO BORSELLINO;;;Scontro frontale/laterale SX fra veicoli in marcia;Incrocio;Due carreggiate;Asciutto;Asfaltata;Verticale;Nuvoloso;Normale;Sufficiente;;0;0;0;2;12.4549;41.9167;-1;1;Motociclo a solo;In marcia / fermata / arresto;Conducente;M;Illeso;0;;;
5762626;17;29/12/2021 09:20:00;Strada Urbana;PIAZZALE CLODIO;all'intersezione semaforizzata con;VIALE GIOVANNI FALCONE E PAOLO BORSELLINO;VIALE GIOVANNI FALCONE E PAOLO BORSELLINO;;;Scontro frontale/laterale SX fra veicoli in marcia;Incrocio;Due carreggiate;Asciutto;Asfaltata;Verticale;Nuvoloso;Normale;Sufficiente;;0;0;0;2;12.4549;41.9167;-1;2;Motociclo a solo;In marcia / fermata / arresto;Conducente;M;Illeso;0;;;
5762636;13;29/12/2021 17:30:00;Strada Urbana;VIALE DEI ROMAGNOLI;da specificare;;;;alt. p.zza Capelvenere;Scontro laterale fra veicoli in marcia;Rettilineo;Una carreggiata a senso unico di marcia;Asciutto;Asfaltata;Verticale ed orizzontale;Sereno;Normale;Buona;;0;0;0;3;12.3574;41.7826;-1;1;Autovettura privata;In marcia / fermata / arresto;Conducente;M;Illeso;0;;;
5762636;13;29/12/2021 17:30:00;Strada Urbana;VIALE DEI ROMAGNOLI;da specificare;;;;alt. p.zza Capelvenere;Scontro laterale fra veicoli in marcia;Rettilineo;Una carreggiata a senso unico di marcia;Asciutto;Asfaltata;Verticale ed orizzontale;Sereno;Normale;Buona;;0;0;0;3;12.3574;41.7826;-1;2;Autovettura privata;In marcia / fermata / arresto;Conducente;M;Illeso;0;;;
5762636;13;29/12/2021 17:30:00;Strada Urbana;VIALE DEI ROMAGNOLI;da specificare;;;;alt. p.zza Capelvenere;Scontro laterale fra veicoli in marcia;Rettilineo;Una carreggiata a senso unico di marcia;Asciutto;Asfaltata;Verticale ed orizzontale;Sereno;Normale;Buona;;0;0;0;3;12.3574;41.7826;-1;2;Autovettura privata;In marcia / fermata / arresto;Passeggero;M;Illeso;0;;Non accertato;Inesploso
5762714;23;29/12/2021 20:47:00;Strada Urbana;VIA ERMESIANATTE;in corrispondenza;;del civico n.;44;;Veicolo in marcia contro veicolo in sosta;Rettilineo;Una carreggiata a senso unico di marcia;Asciutto;Asfaltata;Verticale;Sereno;Scarso;Buona;;0;0;0;1;12.3674;41.7659;0;1;Autovettura privata;Sosta;;;;;;;
5762714;23;29/12/2021 20:47:00;Strada Urbana;VIA ERMESIANATTE;in corrispondenza;;del civico n.;44;;Veicolo in marcia contro veicolo in sosta;Rettilineo;Una carreggiata a senso unico di marcia;Asciutto;Asfaltata;Verticale;Sereno;Scarso;Buona;;0;0;0;1;12.3674;41.7659;0;2;Autovettura privata;In marcia / fermata / arresto;Conducente;F;Illeso;0;;Non accertato;Inesploso
5762718;19;30/12/2021 08:00:00;Strada Urbana;VIA TRIONFALE;in corrispondenza;;del civico n.;9250;;Scontro frontale/laterale SX fra veicoli in marcia;Rettilineo;Una carreggiata a doppio senso;Asciutto;Asfaltata;Verticale ed orizzontale;Sereno;Intenso;Buona;;1;0;0;1;12.4191;41.9434;-1;1;Autovettura privata;In marcia / fermata / arresto;Conducente;M;Illeso;0;;Non accertato;Inesploso
5762718;19;30/12/2021 08:00:00;Strada Urbana;VIA TRIONFALE;in corrispondenza;;del civico n.;9250;;Scontro frontale/laterale SX fra veicoli in marcia;Rettilineo;Una carreggiata a doppio senso;Asciutto;Asfaltata;Verticale ed orizzontale;Sereno;Intenso;Buona;;1;0;0;1;12.4191;41.9434;-1;2;Motociclo a solo;In marcia / fermata / arresto;Conducente;M;Rimandato;0;NON DECEDUTO;Non accertato;
5762742;1;30/12/2021 10:40:00;Strada Urbana;PIAZZALE OSTIENSE;all'intersezione con;VIALE MARCO POLO;VIALE MARCO POLO;;;Scontro frontale/laterale DX fra veicoli in marcia;Intersezione stradale segnalata;Una carreggiata a senso unico di marcia;Asciutto;Asfaltata;Verticale ed orizzontale;Sereno;Normale;Buona;;1;0;0;2;12.4819;41.8763;-1;1;Autocarro inferiore 35 q.;In marcia / fermata / arresto;Conducente;M;Illeso;0;;;
5762742;1;30/12/2021 10:40:00;Strada Urbana;PIAZZALE OSTIENSE;all'intersezione con;VIALE MARCO POLO;VIALE MARCO POLO;;;Scontro frontale/laterale DX fra veicoli in marcia;Intersezione stradale segnalata;Una carreggiata a senso unico di marcia;Asciutto;Asfaltata;Verticale ed orizzontale;Sereno;Normale;Buona;;1;0;0;2;12.4819;41.8763;-1;2;Motociclo con passeggero;In marcia / fermata / arresto;Conducente;M;Rimandato;0;NON DECEDUTO;;
5762742;1;30/12/2021 10:40:00;Strada Urbana;PIAZZALE OSTIENSE;all'intersezione con;VIALE MARCO POLO;VIALE MARCO POLO;;;Scontro frontale/laterale DX fra veicoli in marcia;Intersezione stradale segnalata;Una carreggiata a senso unico di marcia;Asciutto;Asfaltata;Verticale ed orizzontale;Sereno;Normale;Buona;;1;0;0;2;12.4819;41.8763;-1;2;Motociclo con passeggero;In marcia / fermata / arresto;Passeggero;M;Illeso;0;;;
5762828;10;30/12/2021 12:50:00;Strada Urbana;VIA BERNARDINO ALIMENA;da specificare;;;;rotatoria Via E. Carnevale;Scontro laterale fra veicoli in marcia;Rotatoria;Due carreggiate;Asciutto;Asfaltata;Verticale ed orizzontale;Sereno;Normale;Buona;;0;0;0;4;12.6043;41.8474;-1;1;Autovettura privata;In marcia / fermata / arresto;Conducente;F;Illeso;0;;;
5762828;10;30/12/2021 12:50:00;Strada Urbana;VIA BERNARDINO ALIMENA;da specificare;;;;rotatoria Via E. Carnevale;Scontro laterale fra veicoli in marcia;Rotatoria;Due carreggiate;Asciutto;Asfaltata;Verticale ed orizzontale;Sereno;Normale;Buona;;0;0;0;4;12.6043;41.8474;-1;1;Autovettura privata;In marcia / fermata / arresto;Passeggero;M;Illeso;0;;;
5762828;10;30/12/2021 12:50:00;Strada Urbana;VIA BERNARDINO ALIMENA;da specificare;;;;rotatoria Via E. Carnevale;Scontro laterale fra veicoli in marcia;Rotatoria;Due carreggiate;Asciutto;Asfaltata;Verticale ed orizzontale;Sereno;Normale;Buona;;0;0;0;4;12.6043;41.8474;-1;2;Autovettura privata;In marcia / fermata / arresto;Conducente;F;Illeso;0;;;
5762828;10;30/12/2021 12:50:00;Strada Urbana;VIA BERNARDINO ALIMENA;da specificare;;;;rotatoria Via E. Carnevale;Scontro laterale fra veicoli in marcia;Rotatoria;Due carreggiate;Asciutto;Asfaltata;Verticale ed orizzontale;Sereno;Normale;Buona;;0;0;0;4;12.6043;41.8474;-1;2;Autovettura privata;In marcia / fermata / arresto;Passeggero;F;Illeso;0;;;
5762857;2;30/12/2021 13:05:00;Strada Urbana;VIALE LIBIA;in corrispondenza;;del civico n.;247;;Veicolo in marcia contro ostacolo fisso;Rettilineo;Due carreggiate;Asciutto;Asfaltata;Verticale ed orizzontale;Sereno;Scarso;Buona;;1;0;0;0;12.5206;41.933;-1;1;Motociclo a solo;In marcia / fermata / arresto;Conducente;M;Rimandato;0;NON DECEDUTO;;
5762926;13;29/12/2021 19:25:00;Strada Urbana;VIA DI PRATO CORNELIO;in prossimit�;;del civico n.;6;;Scontro laterale fra veicoli in marcia;Rettilineo;Una carreggiata a doppio senso;Asciutto;Asfaltata;Orizzontale;Sereno;Normale;Buona;;0;0;0;2;12.3685;41.7761;-1;1;Autovettura privata;In marcia / fermata / arresto;Conducente;M;Illeso;0;;Non accertato;Inesploso
5762926;13;29/12/2021 19:25:00;Strada Urbana;VIA DI PRATO CORNELIO;in prossimit�;;del civico n.;6;;Scontro laterale fra veicoli in marcia;Rettilineo;Una carreggiata a doppio senso;Asciutto;Asfaltata;Orizzontale;Sereno;Normale;Buona;;0;0;0;2;12.3685;41.7761;-1;2;Autovettura privata;Sosta;;;;;;;
5762926;13;29/12/2021 19:25:00;Strada Urbana;VIA DI PRATO CORNELIO;in prossimit�;;del civico n.;6;;Scontro laterale fra veicoli in marcia;Rettilineo;Una carreggiata a doppio senso;Asciutto;Asfaltata;Orizzontale;Sereno;Normale;Buona;;0;0;0;2;12.3685;41.7761;-1;3;Autovettura privata;In marcia / fermata / arresto;Conducente;F;Illeso;0;;Non accertato;Inesploso
5762932;2;22/12/2021 12:00:00;Strada Urbana;VIA ANDREA BREGNO;in prossimit�;;del civico n.;22;;Veicolo in marcia contro veicolo in sosta;Rettilineo;Una carreggiata a senso unico di marcia;Asciutto;Asfaltata;Verticale ed orizzontale;Sereno;Normale;Buona;;0;0;0;0;12.4633;41.9267;-1;1;Autovettura privata;Sosta;;;;;;;
5762966;3;18/12/2021 13:00:00;Strada Urbana;VIA DI PORTA LABICANA;da specificare;;;;FRONTE CIVICO 40;Veicolo in marcia contro veicolo in sosta;Rettilineo;Una carreggiata a senso unico di marcia;Asciutto;Asfaltata;Verticale ed orizzontale;Sereno;Normale;Buona;;0;0;0;0;12.5133;41.8947;-1;1;Autovettura privata;Sosta;;;;;;;
5762971;3;22/12/2021 20:25:00;Strada Urbana;VIA BARI;da specificare;;;; PROSSIMITA' VIA COSENZA;Infortunio per sola frenata improvvisa;Rettilineo;Una carreggiata a doppio senso;Asciutto;Asfaltata;Verticale ed orizzontale;Sereno;Normale;Sufficiente;;2;0;0;0;12.5148;41.9109;0;1;Motociclo con passeggero;In marcia / fermata / arresto;Conducente;M;Rimandato;0;NON DECEDUTO;;
5762971;3;22/12/2021 20:25:00;Strada Urbana;VIA BARI;da specificare;;;; PROSSIMITA' VIA COSENZA;Infortunio per sola frenata improvvisa;Rettilineo;Una carreggiata a doppio senso;Asciutto;Asfaltata;Verticale ed orizzontale;Sereno;Normale;Sufficiente;;2;0;0;0;12.5148;41.9109;0;1;Motociclo con passeggero;In marcia / fermata / arresto;Passeggero;F;Rimandato;0;NON DECEDUTO;;
5762977;3;23/12/2021 08:30:00;Strada Urbana;VIA DEI RAMNI;in prossimit�;;del civico n.;9N;;Veicolo in marcia contro veicoli in sosta;Rettilineo;Due carreggiate;Asciutto;Asfaltata;Verticale ed orizzontale;Sereno;Scarso;Buona;;0;0;0;0;12.5118;41.8997;-1;1;Autovettura privata;Sosta;;;;;;;
5762977;3;23/12/2021 08:30:00;Strada Urbana;VIA DEI RAMNI;in prossimit�;;del civico n.;9N;;Veicolo in marcia contro veicoli in sosta;Rettilineo;Due carreggiate;Asciutto;Asfaltata;Verticale ed orizzontale;Sereno;Scarso;Buona;;0;0;0;0;12.5118;41.8997;-1;2;Autovettura privata;Sosta;;;;;;;
5762977;3;23/12/2021 08:30:00;Strada Urbana;VIA DEI RAMNI;in prossimit�;;del civico n.;9N;;Veicolo in marcia contro veicoli in sosta;Rettilineo;Due carreggiate;Asciutto;Asfaltata;Verticale ed orizzontale;Sereno;Scarso;Buona;;0;0;0;0;12.5118;41.8997;-1;3;Altro;Allontanatosi;;;;;;;
5762989;3;23/12/2021 20:30:00;Strada Urbana;VIALE REGINA MARGHERITA;in prossimit�;;del civico n.;272;;Tamponamento;Rettilineo;Una carreggiata a doppio senso;Bagnato (umidit� in atto);Asfaltata;Verticale ed orizzontale;Nuvoloso;Scarso;Sufficiente;;1;0;0;1;12.5082;41.9115;0;1;Autovettura privata;In marcia / fermata / arresto;Conducente;M;Illeso;0;;Non accertato;
5762989;3;23/12/2021 20:30:00;Strada Urbana;VIALE REGINA MARGHERITA;in prossimit�;;del civico n.;272;;Tamponamento;Rettilineo;Una carreggiata a doppio senso;Bagnato (umidit� in atto);Asfaltata;Verticale ed orizzontale;Nuvoloso;Scarso;Sufficiente;;1;0;0;1;12.5082;41.9115;0;2;Autovettura privata;In marcia / fermata / arresto;Conducente;F;Rimandato;0;NON DECEDUTO;Non accertato;
5763008;17;19/12/2021 21:45:00;Strada Urbana;VIA LIBERIANA;da specificare;;;;all'altezza di VIA PAOLINA;Infortunio per sola frenata improvvisa;Rettilineo;Una carreggiata a senso unico di marcia;Asciutto;Asfaltata;Verticale ed orizzontale;Sereno;Scarso;Sufficiente;;1;0;0;0;12.4979;41.8974;0;1;Ciclomotore;In marcia / fermata / arresto;Conducente;M;Rimandato;0;NON DECEDUTO;Non accertato;
5763029;3;24/12/2021 01:45:00;Strada Urbana;VIA ARCHIANO;in corrispondenza;;del civico n.;4;;Veicolo in marcia contro veicolo in sosta;Rettilineo;Una carreggiata a senso unico di marcia;Bagnato (pioggia);Asfaltata;Verticale ed orizzontale;Nuvoloso;Scarso;Buona;;0;0;0;1;12.5066;41.9251;-1;1;Autovettura privata;Sosta;;;;;;;
5763029;3;24/12/2021 01:45:00;Strada Urbana;VIA ARCHIANO;in corrispondenza;;del civico n.;4;;Veicolo in marcia contro veicolo in sosta;Rettilineo;Una carreggiata a senso unico di marcia;Bagnato (pioggia);Asfaltata;Verticale ed orizzontale;Nuvoloso;Scarso;Buona;;0;0;0;1;12.5066;41.9251;-1;2;Autovettura privata;In marcia / fermata / arresto;Conducente;M;Illeso;0;;;
5763031;6;30/12/2021 12:20:00;Statale entro l'abitato;VIA CASILINA;in corrispondenza;;del civico n.;197;;Infortunio per sola frenata improvvisa;Rettilineo;Una carreggiata a senso unico di marcia;Asciutto;Asfaltata;Verticale ed orizzontale;Sereno;Normale;Buona;;1;0;0;0;12.5257;41.8875;-1;1;Bicicletta elettrica;In marcia / fermata / arresto;Conducente;M;Ricoverato;0;NON DECEDUTO;Esente;Inesistente
5763055;6;30/12/2021 13:25:00;Strada Urbana;VIA TOR DE' SCHIAVI;all'intersezione con;VIA FILIPPO SMALDONE;VIA FILIPPO SMALDONE;;;Scontro frontale/laterale SX fra veicoli in marcia;Incrocio;Due carreggiate;Asciutto;Asfaltata;Verticale ed orizzontale;Sereno;Normale;Buona;;1;0;0;1;12.5596;41.8935;-1;1;Autovettura privata;In marcia / fermata / arresto;Conducente;M;Illeso;0;;;
5763055;6;30/12/2021 13:25:00;Strada Urbana;VIA TOR DE' SCHIAVI;all'intersezione con;VIA FILIPPO SMALDONE;VIA FILIPPO SMALDONE;;;Scontro frontale/laterale SX fra veicoli in marcia;Incrocio;Due carreggiate;Asciutto;Asfaltata;Verticale ed orizzontale;Sereno;Normale;Buona;;1;0;0;1;12.5596;41.8935;-1;2;Motociclo a solo;In marcia / fermata / arresto;Conducente;M;Rimandato;0;NON DECEDUTO;;
5763075;18;30/12/2021 13:10:00;Strada Urbana;PIAZZA DEI GIURECONSULTI;in prossimit�;;del civico n.;19;;Scontro frontale/laterale DX fra veicoli in marcia;Rettilineo;Una carreggiata a doppio senso;Asciutto;Asfaltata;Verticale ed orizzontale;Sereno;Normale;Buona;;1;0;0;2;12.4251;41.9021;-1;1;Autovettura privata;In marcia / fermata / arresto;Conducente;M;Illeso;0;;Non accertato;Inesploso
5763075;18;30/12/2021 13:10:00;Strada Urbana;PIAZZA DEI GIURECONSULTI;in prossimit�;;del civico n.;19;;Scontro frontale/laterale DX fra veicoli in marcia;Rettilineo;Una carreggiata a doppio senso;Asciutto;Asfaltata;Verticale ed orizzontale;Sereno;Normale;Buona;;1;0;0;2;12.4251;41.9021;-1;1;Autovettura privata;In marcia / fermata / arresto;Passeggero;F;Illeso;0;;Non accertato;Inesploso
5763075;18;30/12/2021 13:10:00;Strada Urbana;PIAZZA DEI GIURECONSULTI;in prossimit�;;del civico n.;19;;Scontro frontale/laterale DX fra veicoli in marcia;Rettilineo;Una carreggiata a doppio senso;Asciutto;Asfaltata;Verticale ed orizzontale;Sereno;Normale;Buona;;1;0;0;2;12.4251;41.9021;-1;2;Motociclo a solo;In marcia / fermata / arresto;Conducente;M;Rimandato;0;NON DECEDUTO;Non accertato;
5763099;3;26/12/2021 19:35:00;Strada Urbana;VIALE PARIOLI;in prossimit�;;del civico n.;90;;Investimento di pedone;Curva a visuale libera;Una carreggiata a doppio senso;Bagnato (pioggia);Asfaltata;Verticale ed orizzontale;Sereno;Normale;Sufficiente;;1;0;0;1;12.4867;41.9265;-1;;;;Pedone;F;Rimandato;0;NON DECEDUTO;;
5763099;3;26/12/2021 19:35:00;Strada Urbana;VIALE PARIOLI;in prossimit�;;del civico n.;90;;Investimento di pedone;Curva a visuale libera;Una carreggiata a doppio senso;Bagnato (pioggia);Asfaltata;Verticale ed orizzontale;Sereno;Normale;Sufficiente;;1;0;0;1;12.4867;41.9265;-1;1;Autovettura privata;In marcia / fermata / arresto;Conducente;M;Illeso;0;;;
5763102;18;29/12/2021 18:45:00;Strada Urbana;VIA DI TORREVECCHIA;in prossimit�;;del civico n.;997;;Veicolo in marcia che urta buche nella carreggiata;Rettilineo;Una carreggiata a doppio senso;Asciutto;Asfaltata;Verticale ed orizzontale;Nuvoloso;Normale;Buona;;0;0;0;2;12.4062;41.9137;-1;1;Autovettura privata;In marcia / fermata / arresto;Conducente;M;Illeso;0;;;