Protocollo;Gruppo;DataOraIncidente;Localizzazione1;STRADA1;Localizzazione2;STRADA2;Strada02;Chilometrica;DaSpecificare;NaturaIncidente;particolaritastrade;TipoStrada;FondoStradale;Pavimentazione;Segnaletica;CondizioneAtmosferica;Traffico;Visibilita;Illuminazione;NUM_FERITI;NUM_RISERVATA;NUM_MORTI;NUM_ILLESI;Longitudine;Latitudine;Confermato;Progressivo;TipoVeicolo;StatoVeicolo;TipoPersona;Sesso;Tipolesione;Deceduto;DecedutoDopo;CinturaCascoUtilizzato;Airbag;
5763470;4;30/12/2021 10:20:00;Strada Urbana;VIA SUVERETO;all'intersezione con;PIAZZA CIVITELLA PAGANICO;PIAZZA CIVITELLA PAGANICO;;;Scontro laterale fra veicoli in marcia;Rotatoria;Due carreggiate;Asciutto;Asfaltata;Verticale ed orizzontale;Sereno;Normale;Buona;;0;0;0;2;12.5187;41.9549;-1;2;Autovettura privata;In marcia / fermata / arresto;Conducente;F;Illeso;0;;Non accertato;Inesploso
5763474;5;30/12/2021 11:30:00;Strada Urbana;VIA ALESSANDRO MALLADRA;all'intersezione con;VIA DEI DURANTINI;VIA DEI DURANTINI;;;Scontro laterale fra veicoli in marcia;Incrocio;Una carreggiata a doppio senso;Asciutto;Asfaltata;Assente;Sereno;Normale;Buona;;1;0;0;2;12.547;41.9193;0;1;Autovettura privata;In marcia / fermata / arresto;Conducente;F;Rimandato;0;NON DECEDUTO;Non accertato;Inesistente
5763474;5;30/12/2021 11:30:00;Strada Urbana;VIA ALESSANDRO MALLADRA;all'intersezione con;VIA DEI DURANTINI;VIA DEI DURANTINI;;;Scontro laterale fra veicoli in marcia;Incrocio;Una carreggiata a doppio senso;Asciutto;Asfaltata;Assente;Sereno;Normale;Buona;;1;0;0;2;12.547;41.9193;0;2;Autovettura privata;In marcia / fermata / arresto;Conducente;M;Illeso;0;;Non accertato;Inesploso
5763474;5;30/12/2021 11:30:00;Strada Urbana;VIA ALESSANDRO MALLADRA;all'intersezione con;VIA DEI DURANTINI;VIA DEI DURANTINI;;;Scontro laterale fra veicoli in marcia;Incrocio;Una carreggiata a doppio senso;Asciutto;Asfaltata;Assente;Sereno;Normale;Buona;;1;0;0;2;12.547;41.9193;0;2;Autovettura privata;In marcia / fermata / arresto;Passeggero;M;Illeso;0;;Non accertato;Inesploso
5763477;4;30/12/2021 11:00:00;Statale;VIA SALARIA;in prossimit�;;del civico n.;746;;Tamponamento Multiplo;Rettilineo;Due carreggiate;Asciutto;Asfaltata;Verticale ed orizzontale;Sereno;Intenso;Buona;;0;0;0;3;12.5072;41.9461;-1;1;Autovettura privata;In marcia / fermata / arresto;Conducente;F;Illeso;0;;Non accertato;Inesploso
5763477;4;30/12/2021 11:00:00;Statale;VIA SALARIA;in prossimit�;;del civico n.;746;;Tamponamento Multiplo;Rettilineo;Due carreggiate;Asciutto;Asfaltata;Verticale ed orizzontale;Sereno;Intenso;Buona;;0;0;0;3;12.5072;41.9461;-1;2;Autocarro inferiore 35 q.;In marcia / fermata / arresto;Conducente;M;Illeso;0;;Non accertato;Inesploso
5763477;4;30/12/2021 11:00:00;Statale;VIA SALARIA;in prossimit�;;del civico n.;746;;Tamponamento Multiplo;Rettilineo;Due carreggiate;Asciutto;Asfaltata;Verticale ed orizzontale;Sereno;Intenso;Buona;;0;0;0;3;12.5072;41.9461;-1;3;Autovettura privata;In marcia / fermata / arresto;Conducente;M;Illeso;0;;;
5763479;13;30/12/2021 11:55:00;Strada Urbana;VIA MENANDRO;in corrispondenza;;del civico n.;67;;Scontro laterale fra veicoli in marcia;Rettilineo;Due carreggiate;Asciutto;Asfaltata;Verticale;Sereno;Normale;Buona;;0;0;0;6;12.3722;41.77;-1;1;Autovettura privata;In marcia / fermata / arresto;Conducente;M;Illeso;0;;Non accertato;Inesploso
5763479;13;30/12/2021 11:55:00;Strada Urbana;VIA MENANDRO;in corrispondenza;;del civico n.;67;;Scontro laterale fra veicoli in marcia;Rettilineo;Due carreggiate;Asciutto;Asfaltata;Verticale;Sereno;Normale;Buona;;0;0;0;6;12.3722;41.77;-1;1;Autovettura privata;In marcia / fermata / arresto;Passeggero;F;Illeso;0;;Non accertato;Inesploso
5763479;13;30/12/2021 11:55:00;Strada Urbana;VIA MENANDRO;in corrispondenza;;del civico n.;67;;Scontro laterale fra veicoli in marcia;Rettilineo;Due carreggiate;Asciutto;Asfaltata;Verticale;Sereno;Normale;Buona;;0;0;0;6;12.3722;41.77;-1;2;Autovettura privata;In marcia / fermata / arresto;Conducente;F;Illeso;0;;Non accertato;Inesploso
5763479;13;30/12/2021 11:55:00;Strada Urbana;VIA MENANDRO;in corrispondenza;;del civico n.;67;;Scontro laterale fra veicoli in marcia;Rettilineo;Due carreggiate;Asciutto;Asfaltata;Verticale;Sereno;Normale;Buona;;0;0;0;6;12.3722;41.77;-1;2;Autovettura privata;In marcia / fermata / arresto;Passeggero;F;Illeso;0;;Non accertato;Inesploso
5763479;13;30/12/2021 11:55:00;Strada Urbana;VIA MENANDRO;in corrispondenza;;del civico n.;67;;Scontro laterale fra veicoli in marcia;Rettilineo;Due carreggiate;Asciutto;Asfaltata;Verticale;Sereno;Normale;Buona;;0;0;0;6;12.3722;41.77;-1;2;Autovettura privata;In marcia / fermata / arresto;Passeggero;F;Illeso;0;;Non accertato;Inesploso
5763479;13;30/12/2021 11:55:00;Strada Urbana;VIA MENANDRO;in corrispondenza;;del civico n.;67;;Scontro laterale fra veicoli in marcia;Rettilineo;Due carreggiate;Asciutto;Asfaltata;Verticale;Sereno;Normale;Buona;;0;0;0;6;12.3722;41.77;-1;2;Autovettura privata;In marcia / fermata / arresto;Passeggero;M;Illeso;0;;Non accertato;Inesploso
5763484;5;30/12/2021 16:45:00;Strada Urbana;VIA DI PORTONACCIO;da specificare;;;;prossimit� VIA DI CASAL BERTONE;Scontro laterale fra veicoli in marcia;Rettilineo;Una carreggiata a senso unico di marcia;Asciutto;Asfaltata;Verticale ed orizzontale;Sereno;Normale;Buona;;0;0;0;2;12.5373;41.9002;-1;1;Autovettura privata;In marcia / fermata / arresto;Conducente;F;Illeso;0;;Non accertato;
5763484;5;30/12/2021 16:45:00;Strada Urbana;VIA DI PORTONACCIO;da specificare;;;;prossimit� VIA DI CASAL BERTONE;Scontro laterale fra veicoli in marcia;Rettilineo;Una carreggiata a senso unico di marcia;Asciutto;Asfaltata;Verticale ed orizzontale;Sereno;Normale;Buona;;0;0;0;2;12.5373;41.9002;-1;2;Autocarro inferiore 35 q.;In marcia / fermata / arresto;Conducente;M;Illeso;0;;Non accertato;
5763485;12;30/12/2021 10:30:00;Strada Urbana;PIAZZALE MARCELLINO CHAMPAGNAT;da specificare;;;;AREA DI PARCHEGGIO;Veicolo in marcia contro ostacolo fisso;Rettilineo;Una carreggiata a doppio senso;Asciutto;Lastricata;Orizzontale;Sereno;Scarso;Buona;;1;0;0;0;12.4756;41.8244;-1;1;Autovettura privata;In marcia / fermata / arresto;Conducente;F;Rimandato;0;NON DECEDUTO;;
5763487;4;30/12/2021 14:00:00;Strada Urbana;LARGO LUCHINO VISCONTI;da specificare;;;;in prossimit� di Via delle Vigne Nuove;Scontro laterale fra veicoli in marcia;Rotatoria;Una carreggiata a senso unico di marcia;Asciutto;Asfaltata;Verticale ed orizzontale;Sereno;Normale;Buona;;1;0;0;1;12.5359;41.9658;-1;1;Autovettura privata;In marcia / fermata / arresto;Conducente;F;Illeso;0;;;
5763487;4;30/12/2021 14:00:00;Strada Urbana;LARGO LUCHINO VISCONTI;da specificare;;;;in prossimit� di Via delle Vigne Nuove;Scontro laterale fra veicoli in marcia;Rotatoria;Una carreggiata a senso unico di marcia;Asciutto;Asfaltata;Verticale ed orizzontale;Sereno;Normale;Buona;;1;0;0;1;12.5359;41.9658;-1;2;Motociclo a solo;In marcia / fermata / arresto;Conducente;M;Rimandato;0;NON DECEDUTO;;
5763488;5;30/12/2021 18:05:00;Strada Urbana;VICOLO DI CASAL BERTONE;in prossimit�;;del civico n.;163c;;Infortunio per caduta del veicolo;Rettilineo;Una carreggiata a doppio senso;Asciutto;Asfaltata;Orizzontale;Sereno;Normale;Buona;;1;0;0;0;12.536;41.8985;-1;1;Motociclo a solo;In marcia / fermata / arresto;Conducente;F;Rimandato;0;NON DECEDUTO;Non accertato;
5763489;17;30/12/2021 11:10:00;Strada Urbana;VIA PIETRO CAVALLINI;in corrispondenza;;del civico n.;5;;Veicolo in marcia contro veicolo fermo;Rettilineo;Una carreggiata a senso unico di marcia;Asciutto;In cubetti di porfido;Verticale ed orizzontale;Sereno;Scarso;Buona;;0;0;0;2;12.4729;41.9053;-1;1;Autovettura privata;In marcia / fermata / arresto;Conducente;F;Illeso;0;;Non accertato;Inesploso
5763489;17;30/12/2021 11:10:00;Strada Urbana;VIA PIETRO CAVALLINI;in corrispondenza;;del civico n.;5;;Veicolo in marcia contro veicolo fermo;Rettilineo;Una carreggiata a senso unico di marcia;Asciutto;In cubetti di porfido;Verticale ed orizzontale;Sereno;Scarso;Buona;;0;0;0;2;12.4729;41.9053;-1;2;Autovettura privata;In marcia / fermata / arresto;Conducente;M;Illeso;0;;Non accertato;Inesploso
5763492;20;30/12/2021 19:00:00;Strada Urbana;VIA CASSIA;da specificare;;;;pross.t� civico 1844;Investimento di pedone;Rettilineo;Una carreggiata a doppio senso;Asciutto;Asfaltata;Verticale ed orizzontale;Sereno;Normale;Buona;;2;0;0;1;12.4137;41.9828;-1;;;;Pedone;M;Rimandato;0;NON DECEDUTO;;
5763492;20;30/12/2021 19:00:00;Strada Urbana;VIA CASSIA;da specificare;;;;pross.t� civico 1844;Investimento di pedone;Rettilineo;Una carreggiata a doppio senso;Asciutto;Asfaltata;Verticale ed orizzontale;Sereno;Normale;Buona;;2;0;0;1;12.4137;41.9828;-1;;;;Pedone;M;Rimandato;0;NON DECEDUTO;;
5763492;20;30/12/2021 19:00:00;Strada Urbana;VIA CASSIA;da specificare;;;;pross.t� civico 1844;Investimento di pedone;Rettilineo;Una carreggiata a doppio senso;Asciutto;Asfaltata;Verticale ed orizzontale;Sereno;Normale;Buona;;2;0;0;1;12.4137;41.9828;-1;1;Autovettura privata;In marcia / fermata / arresto;Conducente;M;Illeso;0;;;
5763504;5;30/12/2021 18:50:00;Strada Urbana;VIA DEI MONTI DI PIETRALATA;in prossimit�;;del civico n.;29;;Veicolo in marcia contro veicoli in sosta;Rettilineo;Una carreggiata a senso unico di marcia;Asciutto;Asfaltata;Assente;Sereno;Normale;Buona;;0;0;0;1;12.5371;41.9107;-1;1;Autovettura privata;In marcia / fermata / arresto;Conducente;M;Illeso;0;;Non accertato;
5763504;5;30/12/2021 18:50:00;Strada Urbana;VIA DEI MONTI DI PIETRALATA;in prossimit�;;del civico n.;29;;Veicolo in marcia contro veicoli in sosta;Rettilineo;Una carreggiata a senso unico di marcia;Asciutto;Asfaltata;Assente;Sereno;Normale;Buona;;0;0;0;1;12.5371;41.9107;-1;2;Autovettura privata;Sosta;;;;;;;
5763504;5;30/12/2021 18:50:00;Strada Urbana;VIA DEI MONTI DI PIETRALATA;in prossimit�;;del civico n.;29;;Veicolo in marcia contro veicoli in sosta;Rettilineo;Una carreggiata a senso unico di marcia;Asciutto;Asfaltata;Assente;Sereno;Normale;Buona;;0;0;0;1;12.5371;41.9107;-1;3;Autovettura privata;Sosta;;;;;;;
5763509;20;30/12/2021 18:30:00;Regionale;VIA VEIENTANA NUOVA;da specificare;;;;rampa svincolo Cesano;Tamponamento;Rettilineo;Una carreggiata a senso unico di marcia;Asciutto;Asfaltata;Orizzontale;Sereno;Normale;Buona;;0;0;0;2;12.4318;42.0271;-1;1;Autovettura privata;In marcia / fermata / arresto;Conducente;M;Illeso;0;;Non accertato;
5763509;20;30/12/2021 18:30:00;Regionale;VIA VEIENTANA NUOVA;da specificare;;;;rampa svincolo Cesano;Tamponamento;Rettilineo;Una carreggiata a senso unico di marcia;Asciutto;Asfaltata;Orizzontale;Sereno;Normale;Buona;;0;0;0;2;12.4318;42.0271;-1;1;Autovettura privata;In marcia / fermata / arresto;Passeggero;F;Illeso;0;;Non accertato;
5763509;20;30/12/2021 18:30:00;Regionale;VIA VEIENTANA NUOVA;da specificare;;;;rampa svincolo Cesano;Tamponamento;Rettilineo;Una carreggiata a senso unico di marcia;Asciutto;Asfaltata;Orizzontale;Sereno;Normale;Buona;;0;0;0;2;12.4318;42.0271;-1;2;Autovettura privata;In marcia / fermata / arresto;;;;;;;
5763511;5;30/12/2021 20:35:00;Strada Urbana;VIA FABRIANO;all'intersezione con;VIA MUCCIA;VIA MUCCIA;;;Scontro laterale fra veicoli in marcia;Incrocio;Una carreggiata a doppio senso;Asciutto;Asfaltata;Orizzontale;Sereno;Normale;Buona;;0;0;0;2;12.5856;41.9418;-1;1;Autovettura privata;In marcia / fermata / arresto;Conducente;M;Illeso;0;;Non accertato;
5763511;5;30/12/2021 20:35:00;Strada Urbana;VIA FABRIANO;all'intersezione con;VIA MUCCIA;VIA MUCCIA;;;Scontro laterale fra veicoli in marcia;Incrocio;Una carreggiata a doppio senso;Asciutto;Asfaltata;Orizzontale;Sereno;Normale;Buona;;0;0;0;2;12.5856;41.9418;-1;2;Motociclo a solo;In marcia / fermata / arresto;Conducente;M;Illeso;0;;Non accertato;
5763514;12;30/12/2021 23:30:00;Provinciale;VIA DELLA FALCOGNANA;da specificare;;;;prox via Paduli dir. Roma;Veicolo in marcia che urta buche nella carreggiata;Curva a visuale libera;Una carreggiata a doppio senso;Asciutto;Asfaltata;Verticale ed orizzontale;Sereno;Scarso;Insufficiente;;0;0;0;3;12.5822;41.771;-1;1;Autovettura privata;In marcia / fermata / arresto;Conducente;M;Illeso;0;;Utilizzato;Inesploso
5763514;12;30/12/2021 23:30:00;Provinciale;VIA DELLA FALCOGNANA;da specificare;;;;prox via Paduli dir. Roma;Veicolo in marcia che urta buche nella carreggiata;Curva a visuale libera;Una carreggiata a doppio senso;Asciutto;Asfaltata;Verticale ed orizzontale;Sereno;Scarso;Insufficiente;;0;0;0;3;12.5822;41.771;-1;1;Autovettura privata;In marcia / fermata / arresto;Passeggero;F;Illeso;0;;Utilizzato;Inesploso
5763514;12;30/12/2021 23:30:00;Provinciale;VIA DELLA FALCOGNANA;da specificare;;;;prox via Paduli dir. Roma;Veicolo in marcia che urta buche nella carreggiata;Curva a visuale libera;Una carreggiata a doppio senso;Asciutto;Asfaltata;Verticale ed orizzontale;Sereno;Scarso;Insufficiente;;0;0;0;3;12.5822;41.771;-1;1;Autovettura privata;In marcia / fermata / arresto;Passeggero;F;Illeso;0;;Utilizzato;Inesploso
5763517;20;30/12/2021 09:15:00;Strada Urbana;VIA STEFANO JACINI;in corrispondenza;;del civico n.;17;;Scontro frontale fra veicoli in marcia;Rettilineo;Due carreggiate;Asciutto;Asfaltata;Verticale ed orizzontale;Sereno;Normale;Buona;;0;0;0;2;12.467;41.9497;-1;1;Autovettura privata;In marcia / fermata / arresto;Conducente;M;Illeso;0;;Non accertato;Inesploso
5763517;20;30/12/2021 09:15:00;Strada Urbana;VIA STEFANO JACINI;in corrispondenza;;del civico n.;17;;Scontro frontale fra veicoli in marcia;Rettilineo;Due carreggiate;Asciutto;Asfaltata;Verticale ed orizzontale;Sereno;Normale;Buona;;0;0;0;2;12.467;41.9497;-1;2;Autovettura privata;In marcia / fermata / arresto;Conducente;F;Illeso;0;;Non accertato;Inesploso
5763522;20;30/12/2021 11:30:00;Strada Urbana;PIAZZALE DELLA FARNESINA;da specificare;;;;FRONTE CIVICO 1;Scontro laterale fra veicoli in marcia;Rettilineo;Una carreggiata a senso unico di marcia;Asciutto;Asfaltata;Orizzontale;Sereno;Normale;Sufficiente;;0;0;0;2;12.46;41.9362;-1;1;Autovettura privata;In marcia / fermata / arresto;Conducente;M;Illeso;0;;Non accertato;Inesploso
5763522;20;30/12/2021 11:30:00;Strada Urbana;PIAZZALE DELLA FARNESINA;da specificare;;;;FRONTE CIVICO 1;Scontro laterale fra veicoli in marcia;Rettilineo;Una carreggiata a senso unico di marcia;Asciutto;Asfaltata;Orizzontale;Sereno;Normale;Sufficiente;;0;0;0;2;12.46;41.9362;-1;2;Autovettura privata;In marcia / fermata / arresto;Conducente;F;Illeso;0;;Non accertato;Inesploso
5763524;5;30/12/2021 22:50:00;Strada Urbana;tangenziale / est dir. salaria;da specificare;;;;altezza cavalcavia Deposito Atac;Tamponamento;Rettilineo;Una carreggiata a senso unico di marcia;Asciutto;Asfaltata;Verticale ed orizzontale;Sereno;Normale;Buona;;1;0;0;1;12.5341;41.9061;-1;1;Autovettura privata;In marcia / fermata / arresto;Conducente;F;Illeso;0;;Non accertato;Esploso
5763524;5;30/12/2021 22:50:00;Strada Urbana;tangenziale / est dir. salaria;da specificare;;;;altezza cavalcavia Deposito Atac;Tamponamento;Rettilineo;Una carreggiata a senso unico di marcia;Asciutto;Asfaltata;Verticale ed orizzontale;Sereno;Normale;Buona;;1;0;0;1;12.5341;41.9061;-1;2;Autovettura privata;In marcia / fermata / arresto;Conducente;M;Rimandato;0;NON DECEDUTO;Non accertato;
5763531;13;30/12/2021 11:35:00;Strada Urbana;VIA DELLA GENTE SALINATORIA;all'intersezione con;VIA DEL MARE;VIA DEL MARE;;;Scontro laterale fra veicoli in marcia;Intersezione semaforizzata;Una carreggiata a senso unico di marcia;Asciutto;Asfaltata;Assente;Sereno;Normale;Buona;;0;0;0;2;12.3035;41.7603;-1;1;Autovettura privata;In marcia / fermata / arresto;Conducente;F;Illeso;0;;Non accertato;Inesploso
5763531;13;30/12/2021 11:35:00;Strada Urbana;VIA DELLA GENTE SALINATORIA;all'intersezione con;VIA DEL MARE;VIA DEL MARE;;;Scontro laterale fra veicoli in marcia;Intersezione semaforizzata;Una carreggiata a senso unico di marcia;Asciutto;Asfaltata;Assente;Sereno;Normale;Buona;;0;0;0;2;12.3035;41.7603;-1;2;Autoarticolato;In marcia / fermata / arresto;Conducente;M;Illeso;0;;Non accertato;Inesploso
5763543;4;30/12/2021 19:30:00;Strada Urbana;VIA ALBERTO LIONELLO;da specificare;;;;prossimit� via Wanda Osiris;Investimento di pedone;Rettilineo;Una carreggiata a doppio senso;Asciutto;Asfaltata;Verticale ed orizzontale;Sereno;Normale;Buona;;1;0;0;1;12.5388;41.9752;-1;;;;Pedone;F;Ricoverato;0;NON DECEDUTO;;
5763543;4;30/12/2021 19:30:00;Strada Urbana;VIA ALBERTO LIONELLO;da specificare;;;;prossimit� via Wanda Osiris;Investimento di pedone;Rettilineo;Una carreggiata a doppio senso;Asciutto;Asfaltata;Verticale ed orizzontale;Sereno;Normale;Buona;;1;0;0;1;12.5388;41.9752;-1;1;Autovettura privata;In marcia / fermata / arresto;Conducente;M;Illeso;0;;;
5763561;13;30/12/2021 18:06:00;Strada Urbana;VIALE DEL SOMMERGIBILE;da specificare;;;;alt. fermata atac n.82010;Veicolo in marcia contro ostacolo accidentale;Rettilineo;Una carreggiata a senso unico di marcia;Asciutto;Asfaltata;Verticale ed orizzontale;Sereno;Normale;Sufficiente;;0;0;0;1;12.2623;41.736;-1;1;Autovettura privata;In marcia / fermata / arresto;Conducente;M;Illeso;0;;Non accertato;Inesploso
5763568;4;30/12/2021 21:00:00;Strada Urbana;VIA UMBERTO FRACCHIA;in corrispondenza;;del civico n.;19;;Veicolo in marcia contro veicolo in sosta;Rettilineo;Due carreggiate;Asciutto;Asfaltata;Verticale ed orizzontale;Sereno;Scarso;Buona;;0;0;0;0;12.5495;41.9514;-1;1;Autovettura privata;Sosta;;;;;;;
5763568;4;30/12/2021 21:00:00;Strada Urbana;VIA UMBERTO FRACCHIA;in corrispondenza;;del civico n.;19;;Veicolo in marcia contro veicolo in sosta;Rettilineo;Due carreggiate;Asciutto;Asfaltata;Verticale ed orizzontale;Sereno;Scarso;Buona;;0;0;0;0;12.5495;41.9514;-1;2;Autovettura privata;Allontanatosi;;;;;;;
5763588;7;30/12/2021 21:40:00;Strada Urbana;VIALE ALESSANDRINO;all'intersezione con;VIALE DELLA BELLA VILLA;VIALE DELLA BELLA VILLA;;;Scontro frontale fra veicoli in marcia;Incrocio;Una carreggiata a doppio senso;Asciutto;Asfaltata;Verticale ed orizzontale;Sereno;Normale;Buona;;0;0;0;2;12.5803;41.8727;-1;1;Autovettura privata;In marcia / fermata / arresto;Conducente;F;Illeso;0;;Non accertato;Inesploso
5763588;7;30/12/2021 21:40:00;Strada Urbana;VIALE ALESSANDRINO;all'intersezione con;VIALE DELLA BELLA VILLA;VIALE DELLA BELLA VILLA;;;Scontro frontale fra veicoli in marcia;Incrocio;Una carreggiata a doppio senso;Asciutto;Asfaltata;Verticale ed orizzontale;Sereno;Normale;Buona;;0;0;0;2;12.5803;41.8727;-1;2;Autovettura privata;In marcia / fermata / arresto;Conducente;M;Illeso;0;;Non accertato;Inesploso
5763600;13;30/12/2021 15:00:00;Strada Urbana;VIA STEFANO ASSEMANI;in prossimit�;;del civico n.;97;;Veicolo in marcia contro ostacolo fisso;Rettilineo;Una carreggiata a doppio senso;Asciutto;Asfaltata;Assente;Sereno;Scarso;Buona;;0;0;0;2;12.3643;41.7773;-1;1;Autocarro inferiore 35 q.;In marcia / fermata / arresto;Conducente;M;Illeso;0;;Non accertato;Inesploso
5763600;13;30/12/2021 15:00:00;Strada Urbana;VIA STEFANO ASSEMANI;in prossimit�;;del civico n.;97;;Veicolo in marcia contro ostacolo fisso;Rettilineo;Una carreggiata a doppio senso;Asciutto;Asfaltata;Assente;Sereno;Scarso;Buona;;0;0;0;2;12.3643;41.7773;-1;1;Autocarro inferiore 35 q.;In marcia / fermata / arresto;Passeggero;M;Illeso;0;;Non accertato;Inesploso
5763601;10;31/12/2021 08:20:00;Strada Urbana;VIA FLAVIO STILICONE;in prossimit�;;del civico n.;118;;Veicolo in marcia contro veicoli in sosta;Rettilineo;Una carreggiata a senso unico di marcia;Asciutto;Asfaltata;Verticale ed orizzontale;Sereno;Normale;Buona;;0;0;0;0;12.5577;41.8607;-1;1;Autovettura privata;Sosta;;;;;;;
5763601;10;31/12/2021 08:20:00;Strada Urbana;VIA FLAVIO STILICONE;in prossimit�;;del civico n.;118;;Veicolo in marcia contro veicoli in sosta;Rettilineo;Una carreggiata a senso unico di marcia;Asciutto;Asfaltata;Verticale ed orizzontale;Sereno;Normale;Buona;;0;0;0;0;12.5577;41.8607;-1;2;Motociclo a solo;Sosta;;;;;;;
5763603;15;31/12/2021 09:00:00;Strada Urbana;VIA DELLA CASETTA MATTEI;in prossimit�;;del civico n.;54;;Scontro frontale/laterale DX fra veicoli in marcia;Rettilineo;Una carreggiata a doppio senso;Asciutto;Asfaltata;Verticale ed orizzontale;Sereno;Normale;Buona;;0;0;0;2;12.4221;41.8524;-1;1;Autovettura privata;In marcia / fermata / arresto;Conducente;F;Illeso;0;;Non accertato;Inesploso
5763603;15;31/12/2021 09:00:00;Strada Urbana;VIA DELLA CASETTA MATTEI;in prossimit�;;del civico n.;54;;Scontro frontale/laterale DX fra veicoli in marcia;Rettilineo;Una carreggiata a doppio senso;Asciutto;Asfaltata;Verticale ed orizzontale;Sereno;Normale;Buona;;0;0;0;2;12.4221;41.8524;-1;2;Motociclo a solo;In marcia / fermata / arresto;Conducente;M;Illeso;0;;Non accertato;
5763614;13;30/12/2021 21:50:00;Strada Urbana;VIA ESCHILO;in corrispondenza;;del civico n.;191;;Veicolo in marcia contro veicolo in sosta;Rettilineo;Una carreggiata a senso unico di marcia;Asciutto;Asfaltata;Assente;Sereno;Normale;Buona;;0;0;0;0;12.3697;41.756;0;1;Autovettura privata;Sosta;;;;;;;
5763614;13;30/12/2021 21:50:00;Strada Urbana;VIA ESCHILO;in corrispondenza;;del civico n.;191;;Veicolo in marcia contro veicolo in sosta;Rettilineo;Una carreggiata a senso unico di marcia;Asciutto;Asfaltata;Assente;Sereno;Normale;Buona;;0;0;0;0;12.3697;41.756;0;2;Autovettura privata;Allontanatosi;;;;;;;
5763615;13;30/12/2021 20:25:00;Strada Urbana;VIA GIULIANO DA SANGALLO;all'intersezione con;VIA RUTILIO NAMAZIANO;VIA RUTILIO NAMAZIANO;;;Scontro frontale/laterale SX fra veicoli in marcia;Incrocio;Una carreggiata a doppio senso;Asciutto;Asfaltata;Verticale ed orizzontale;Sereno;Scarso;Sufficiente;;3;0;0;1;12.2729;41.7315;-1;1;Autovettura privata;In marcia / fermata / arresto;Conducente;M;Illeso;0;;;
5763615;13;30/12/2021 20:25:00;Strada Urbana;VIA GIULIANO DA SANGALLO;all'intersezione con;VIA RUTILIO NAMAZIANO;VIA RUTILIO NAMAZIANO;;;Scontro frontale/laterale SX fra veicoli in marcia;Incrocio;Una carreggiata a doppio senso;Asciutto;Asfaltata;Verticale ed orizzontale;Sereno;Scarso;Sufficiente;;3;0;0;1;12.2729;41.7315;-1;2;Autovettura privata;In marcia / fermata / arresto;Conducente;M;Rimandato;0;NON DECEDUTO;;
5763615;13;30/12/2021 20:25:00;Strada Urbana;VIA GIULIANO DA SANGALLO;all'intersezione con;VIA RUTILIO NAMAZIANO;VIA RUTILIO NAMAZIANO;;;Scontro frontale/laterale SX fra veicoli in marcia;Incrocio;Una carreggiata a doppio senso;Asciutto;Asfaltata;Verticale ed orizzontale;Sereno;Scarso;Sufficiente;;3;0;0;1;12.2729;41.7315;-1;2;Autovettura privata;In marcia / fermata / arresto;Passeggero;F;Rimandato;0;NON DECEDUTO;;
5763615;13;30/12/2021 20:25:00;Strada Urbana;VIA GIULIANO DA SANGALLO;all'intersezione con;VIA RUTILIO NAMAZIANO;VIA RUTILIO NAMAZIANO;;;Scontro frontale/laterale SX fra veicoli in marcia;Incrocio;Una carreggiata a doppio senso;Asciutto;Asfaltata;Verticale ed orizzontale;Sereno;Scarso;Sufficiente;;3;0;0;1;12.2729;41.7315;-1;2;Autovettura privata;In marcia / fermata / arresto;Passeggero;F;Rimandato;0;NON DECEDUTO;;
5763616;7;31/12/2021 01:15:00;Strada Urbana;VIALE PALMIRO TOGLIATTI;all'intersezione con;VIA DELLE CILIEGIE;VIA DELLE CILIEGIE;;;Scontro laterale fra veicoli in marcia;Incrocio;Una carreggiata a senso unico di marcia;Asciutto;Asfaltata;Verticale ed orizzontale;Sereno;Scarso;Buona;;0;0;0;2;12.5733;41.8872;0;1;Autovettura privata;In marcia / fermata / arresto;Conducente;M;Illeso;0;;Non accertato;Inesploso
5763616;7;31/12/2021 01:15:00;Strada Urbana;VIALE PALMIRO TOGLIATTI;all'intersezione con;VIA DELLE CILIEGIE;VIA DELLE CILIEGIE;;;Scontro laterale fra veicoli in marcia;Incrocio;Una carreggiata a senso unico di marcia;Asciutto;Asfaltata;Verticale ed orizzontale;Sereno;Scarso;Buona;;0;0;0;2;12.5733;41.8872;0;2;Autovettura privata;In marcia / fermata / arresto;Conducente;M;Illeso;0;;Non accertato;Inesploso
5763628;7;31/12/2021 10:50:00;Strada Urbana;VIALE PALMIRO TOGLIATTI;in prossimit�;;del civico n.;997;;Scontro laterale fra veicoli in marcia;Rettilineo;Due carreggiate;Asciutto;Asfaltata;Verticale ed orizzontale;Sereno;Normale;Buona;;0;0;0;3;12.5745;41.8943;-1;1;Autovettura privata;In marcia / fermata / arresto;Conducente;M;Illeso;0;;Non accertato;Inesploso
5763628;7;31/12/2021 10:50:00;Strada Urbana;VIALE PALMIRO TOGLIATTI;in prossimit�;;del civico n.;997;;Scontro laterale fra veicoli in marcia;Rettilineo;Due carreggiate;Asciutto;Asfaltata;Verticale ed orizzontale;Sereno;Normale;Buona;;0;0;0;3;12.5745;41.8943;-1;2;Autovettura privata;In marcia / fermata / arresto;Conducente;F;Illeso;0;;Non accertato;Inesploso